
creating logfile script_log_011026_2146.txt

[out] <0.0s>     battle_scripted.lua loaded: a new battle is being initialised
[out] <0.0s>     
*************************************************************************************************************
*************************************************************************************************************
[out] <13.2s>    lib_header.lua :: script libraries reloaded in battle configuration
[out] <13.2s>    	loading took 0.0419921875s
[out] <13.2s>    	Lua version is Lua 5.1
[out] <13.2s>    
<13.2s><100ms> battle_manager created, script path of battle script is script\battle\campaign_battle\battle_start.lua
<13.2s><100ms> 	Loaded in from campaign main_warhammer
<13.2s><100ms> battle_manager: constructed 19 script_unit objects
<13.2s><100ms> alliance 1 army 1:
<13.2s><100ms> 	sunits_generated_1_1_main created with 11 units
<13.2s><100ms> alliance 2 army 1:
<13.2s><100ms> 	sunits_generated_2_1_main created with 8 units
[help_pages] <13.2s>    
[help_pages] <13.2s>    
[help_pages] <13.2s>    
[help_pages] <13.2s>    *** help page system initialising ***
[help_pages] <13.2s>    
[help_pages] <13.3s>    
[help_pages] <13.3s>    ***
[help_pages] <13.3s>    *** setup_battle_help_pages() called
[help_pages] <13.3s>    ***
[ui] <13.3s>    *** output_uicomponent_on_click() called ***
<13.3s><100ms> 
<13.3s><100ms> ****************************
<13.3s><100ms> Loading Mods
<13.3s><100ms> 	Loading mod file [script\_lib\mod\!glib_init.lua]
<13.3s><100ms> 		MCT.Init
<13.3s><100ms> 		Done loading mods!
<13.3s><100ms> 	Mod [script\_lib\mod\!glib_init.lua] loaded successfully
<13.3s><100ms> 	Loading mod file [script\_lib\mod\debugging_helpers.lua]
<13.3s><100ms> 		qa_console.lua loaded
<13.3s><100ms> 	Mod [script\_lib\mod\debugging_helpers.lua] loaded successfully
<13.3s><100ms> 	Loading mod file [script\_lib\mod\pj_error_wrapping.lua]
<13.3s><100ms> 	Mod [script\_lib\mod\pj_error_wrapping.lua] loaded successfully
<13.3s><100ms> 	Loading mod file [script\_lib\mod\qa_console.lua]
<13.3s><100ms> 		qa_console.lua loaded
<13.3s><100ms> 	Mod [script\_lib\mod\qa_console.lua] loaded successfully
<13.3s><100ms> 	Loading mod file [script\_lib\mod\test_script_here.lua]
<13.3s><100ms> 		
<13.3s><100ms> 		*** test_script_here.lua loaded - if you want to add test scripts to campaign, battle or the frontend, see the lua file working_data\script\_lib\mod\test_script_here.lua ***
<13.3s><100ms> 		
<13.3s><100ms> 	Mod [script\_lib\mod\test_script_here.lua] loaded successfully
<13.3s><100ms> 	Loading mod file [script\battle\mod\pj_loadfile_battle.lua]
<13.3s><100ms> 	Mod [script\battle\mod\pj_loadfile_battle.lua] loaded successfully
<13.3s><100ms> ****************************
<13.3s><100ms> 
<13.4s><100ms> Saved profiles table is table: 00000000C31038A8
<13.4s><100ms> Saved profiles string is {
}
<13.4s><100ms> 
<13.4s><100ms> ********************************************************************
<13.4s><100ms> ********************************************************************
<13.4s><100ms> *** Campaign battle script file loaded
<13.4s><100ms> ********************************************************************
<13.4s><100ms> ********************************************************************
<13.4s><100ms> 
<13.4s><100ms> ********************************************************************
<13.4s><100ms> *** loading advice scripts
<13.4s><100ms> ********************************************************************
<13.4s><100ms> 
<13.4s><100ms> Player alliance number: 1
<13.4s><100ms> Battle type: land_normal
<13.4s><100ms> Primary attacker faction is [wh_main_emp_wissenland], subculture is [wh_main_sc_emp_empire], is player: true
<13.4s><100ms> Primary defender faction is [wh3_dlc25_vmp_the_court_of_night], subculture is [wh_main_sc_vmp_vampire_counts], is player: false
<13.4s><100ms> 
[interventions] <13.4s>    
[interventions] <13.4s>    
[interventions] <13.4s>    *********************************************
[interventions] <13.4s>    *** battle advice is starting
[interventions] <13.4s>    *********************************************
[interventions] <13.4s>    
[interventions] <13.4s>    registering advice monitor [DEPLOYMENT_tour] with priority [90]
[interventions] <13.4s>    registering advice monitor [DEPLOYMENT_fundamentals_tour] with priority [100]
[interventions] <13.4s>    registering advice monitor [DEPLOYMENT_unit_types_tour] with priority [80]
[interventions] <13.4s>    registering advice monitor [DEPLOYMENT_major_siege_battle_defence_scripted_tour] with priority [95]
[interventions] <13.4s>    registering advice monitor [DEPLOYMENT_major_siege_battle_attacking_scripted_tour] with priority [95]
[interventions] <13.4s>    registering advice monitor [DEPLOYMENT_minor_settlement_battle_defence_scripted_tour] with priority [95]
[interventions] <13.4s>    registering advice monitor [DEPLOYMENT_minor_settlement_battle_attack_scripted_tour] with priority [95]
[interventions] <13.4s>    registering advice monitor [siege_attacker_start] with priority [60]
[interventions] <13.4s>    registering advice monitor [enemy_general_dead] with priority [60]
[interventions] <13.4s>    registering advice monitor [enemy_general_wounded] with priority [60]
[interventions] <13.4s>    registering advice monitor [enemy_general_routing] with priority [60]
[interventions] <13.4s>    registering advice monitor [player_general_dead] with priority [60]
[interventions] <13.4s>    registering advice monitor [player_general_wounded] with priority [60]
[interventions] <13.4s>    registering advice monitor [player_general_routing] with priority [60]
[interventions] <13.4s>    registering advice monitor [player_unit_routing] with priority [40]
[interventions] <13.4s>    registering advice monitor [player_unit_rallies] with priority [40]
[interventions] <13.4s>    registering advice monitor [enemy_unit_routing] with priority [40]
[interventions] <13.4s>    registering advice monitor [player_visibility] with priority [30]
[interventions] <13.4s>    registering advice monitor [enemy_visibility] with priority [35]
[interventions] <13.4s>    registering advice monitor [enemy_giant] with priority [40]
[interventions] <13.4s>    registering advice monitor [player_giant] with priority [30]
[interventions] <13.4s>    registering advice monitor [enemy_flying_units] with priority [32]
[interventions] <13.4s>    registering advice monitor [player_flying_units] with priority [30]
[interventions] <13.4s>    registering advice monitor [enemy_artillery] with priority [42]
[interventions] <13.4s>    registering advice monitor [player_artillery] with priority [34]
[interventions] <13.4s>    registering advice monitor [enemy_cavalry] with priority [28]
[interventions] <13.4s>    registering advice monitor [player_cavalry] with priority [26]
[interventions] <13.4s>    registering advice monitor [player_fatigue_during_battle] with priority [32]
[interventions] <13.4s>    registering advice monitor [player_fatigue_battle_start] with priority [55]
[interventions] <13.4s>    registering advice monitor [tactical_maps] with priority [5]
[interventions] <13.4s>    registering advice monitor [formations] with priority [0]
[interventions] <13.4s>    registering advice monitor [fire_at_will] with priority [10]
[interventions] <13.4s>    registering advice monitor [player_attacking_capture_points] with priority [20]
[interventions] <13.4s>    registering advice monitor [receiving_missile_fire] with priority [20]
[interventions] <13.4s>    registering advice monitor [player_reinforcements] with priority [30]
[interventions] <13.4s>    registering advice monitor [enemy_reinforcements] with priority [32]
[interventions] <13.4s>    registering advice monitor [enemy_capture_victory_point] with priority [32]
[interventions] <13.4s>    registering advice monitor [enemy_capturing_victory_point] with priority [50]
[interventions] <13.4s>    registering advice monitor [enemy_capturing_gates] with priority [20]
[interventions] <13.4s>    registering advice monitor [player_captures_victory_point] with priority [30]
[interventions] <13.4s>    registering advice monitor [player_approaches_victory_location] with priority [20]
[interventions] <13.4s>    registering advice monitor [player_has_high_ground] with priority [10]
[interventions] <13.4s>    registering advice monitor [enemy_has_high_ground] with priority [15]
[interventions] <13.4s>    registering advice monitor [player_being_flanked] with priority [20]
[interventions] <13.4s>    registering advice monitor [player_units_hidden] with priority [20]
[interventions] <13.4s>    registering advice monitor [enemy_units_hidden] with priority [24]
[interventions] <13.4s>    registering advice monitor [winds_of_magic_blowing] with priority [24]
[interventions] <13.4s>    registering advice monitor [magic_overcasting] with priority [10]
[interventions] <13.4s>    registering advice monitor [army_abilities] with priority [25]
[interventions] <13.4s>    registering advice monitor [unit_positioning] with priority [90]
[interventions] <13.4s>    registering advice monitor [murderous_prowess] with priority [50]
[interventions] <13.4s>    registering advice monitor [rampaging] with priority [55]
[interventions] <13.4s>    registering advice monitor [realm_of_souls] with priority [50]
[interventions] <13.4s>    registering advice monitor [vampire_coast_extra_powder] with priority [60]
[interventions] <13.4s>    registering advice monitor [player_harmony] with priority [50]
[interventions] <13.4s>    registering advice monitor [enemy_harmony] with priority [40]
[interventions] <13.4s>    registering advice monitor [player_cathay_elemental_winds] with priority [45]
[interventions] <13.4s>    registering advice monitor [dragon_transformation] with priority [40]
[interventions] <13.4s>    registering advice monitor [player_nurgle_plaguelord_blessing] with priority [50]
[interventions] <13.4s>    registering advice monitor [player_slaanesh_batle_captives] with priority [50]
[interventions] <13.4s>    registering advice monitor [player_slaanesh_eye_of_tzeentch] with priority [50]
[interventions] <13.4s>    registering advice monitor [storm_of_magic_deployment] with priority [65]
[interventions] <13.4s>    registering advice monitor [storm_of_magic_early_battle] with priority [60]
[interventions] <13.4s>    registering advice monitor [player_ogre_wallbreaker] with priority [50]
[interventions] <13.4s>    registering advice monitor [player_khorne_blood_god] with priority [50]
<13.4s><100ms> ********************************************************************
<13.4s><100ms> *** loaded collapse composite scene script
<13.4s><100ms> ********************************************************************
<13.4s><100ms> 
<13.4s><100ms> wh2_intro_battle.lua loaded
[scripted_tours] <13.5s>    
[scripted_tours] <13.5s>    Battle Fundamentals scripted tour is working out what units/battlefield area to use
[scripted_tours] <13.5s>    	player sunits:
[scripted_tours] <13.5s>    		1: 1006 of type wh_main_emp_inf_swordsmen at position [145.40000915527, 525.15216064453, 19.95975112915] with strategic value 400
[scripted_tours] <13.5s>    		2: 1005 of type wh_main_emp_inf_swordsmen at position [145.40000915527, 521.49206542969, 3.3397552967072] with strategic value 400
[scripted_tours] <13.5s>    		3: 1004 of type wh_main_emp_inf_swordsmen at position [145.40000915527, 519.79858398438, -13.280242919922] with strategic value 400
[scripted_tours] <13.5s>    		4: 1003 of type wh_main_emp_inf_spearmen_1 at position [145.39999389648, 531.04809570313, 39.579750061035] with strategic value 375
[scripted_tours] <13.5s>    	
[scripted_tours] <13.5s>    	enemy sunits:
[scripted_tours] <13.5s>    		1: 1016 of type wh_main_vmp_inf_zombie at position [-146.97703552246, 525.25109863281, 14.61074256897] with strategic value 100
[scripted_tours] <13.5s>    		2: 1017 of type wh_main_vmp_inf_zombie at position [-146.36628723145, 522.69915771484, -3.6849403381348] with strategic value 100
[scripted_tours] <13.5s>    		3: 1015 of type wh_main_vmp_inf_skeleton_warriors_0 at position [-147.51377868652, 530.4287109375, 31.396289825439] with strategic value 300
[scripted_tours] <13.5s>    	suitability score for obb at [84.450012207031, 518.50671386719, -7.5339455604553] with bearing 270 (deg), width 58.479999542236 and depth 220 is [100]
[scripted_tours] <13.5s>    Chosen this straight-ahead-from-player-start bounding box position as the tour combat area
[ui] <13.5s>    Panel opened finish_deployment
<13.5s><200ms> 	Battle is now entering phase: Startup
<13.5s><300ms> 	Battle is now entering phase: PrebattleWeather
<13.6s><500ms> 	Battle is now entering phase: PrebattleCinematic
<13.8s><700ms> 	Battle is now entering phase: Deployment
[ui] <23.3s>    
[ui] <23.3s>    uicomponent 1007
[ui] <23.3s>    	path from root:	root > hud_battle > battle_orders > battle_orders_pane > card_panel_docker > cards_panel > review_DY > 1007
[ui] <23.3s>    	position on screen: [829, 695], size: [60, 132], state: [selected_hover], visible: [true], priority: [0], interactive: [true]
[ui] <23.3s>    
[ui] <27.6s>    
[ui] <27.6s>    uicomponent button_start_deployment
[ui] <27.6s>    	path from root:	root > winds_of_magic > pre_deployment_parent > button_start_deployment
[ui] <27.6s>    	position on screen: [671, 392], size: [271, 52], state: [down], visible: [false], priority: [0], interactive: [true]
[ui] <27.6s>    
[ui] <27.8s>    Panel closed winds_of_magic_gambler
[interventions] <27.8s>    
[interventions] <27.8s>    ##################################################################
[interventions] <27.8s>    ### start_all_advice_monitors() called
[interventions] <27.8s>    murderous_prowess not starting listeners as advice key [wh2.battle.advice.murderous_prowess.001] has already been listened to
[interventions] <27.8s>    player_giant not starting listeners as minimum advice level [2] is greater than current advice level setting [0] (0 = no advice, 1 = low advice, 2 = high advice)
[interventions] <27.8s>    dragon_transformation not starting listeners as minimum advice level [1] is greater than current advice level setting [0] (0 = no advice, 1 = low advice, 2 = high advice)
[interventions] <27.8s>    enemy_visibility not starting listeners as advice key [war.battle.advice.visibility.001] has already been listened to
[interventions] <27.8s>    enemy_general_wounded not starting listeners as advice key [war.battle.advice.enemy_general.002] has already been listened to
[interventions] <27.8s>    player_reinforcements not starting listeners as minimum advice level [1] is greater than current advice level setting [0] (0 = no advice, 1 = low advice, 2 = high advice)
[interventions] <27.8s>    player_captures_victory_point not starting listeners as minimum advice level [1] is greater than current advice level setting [0] (0 = no advice, 1 = low advice, 2 = high advice)
[interventions] <27.8s>    player_slaanesh_eye_of_tzeentch not starting listeners as advice key [wh3_main_battle_advice_tzeentch_eye_of_tzeentch_01] has already been listened to
[interventions] <27.8s>    DEPLOYMENT_minor_settlement_battle_attack_scripted_tour not starting listeners as advice key [wh3_main_battle_advice_minor_settlement_attack_01] has already been listened to
[interventions] <27.8s>    player_unit_rallies not starting listeners as advice key [war.battle.advice.rallying.001] has already been listened to
[interventions] <27.8s>    player_khorne_blood_god not starting listeners as minimum advice level [1] is greater than current advice level setting [0] (0 = no advice, 1 = low advice, 2 = high advice)
[interventions] <27.8s>    player_fatigue_during_battle not starting listeners as advice key [war.battle.advice.fatigue.002] has already been listened to
[interventions] <27.8s>    player_has_high_ground not starting listeners as advice key [war.battle.advice.high_ground.001] has already been listened to
[interventions] <27.8s>    DEPLOYMENT_minor_settlement_battle_defence_scripted_tour not starting listeners as advice key [wh3_main_battle_advice_minor_settlement_defence_01] has already been listened to
[interventions] <27.8s>    enemy_reinforcements not starting listeners as advice key [war.battle.advice.reinforcements.002] has already been listened to
[interventions] <27.8s>    receiving_missile_fire not starting listeners as advice key [war.battle.advice.missile_fire.001] has already been listened to
[interventions] <27.8s>    player_general_dead not starting listeners as advice key [war.battle.advice.general.001] has already been listened to
[interventions] <27.8s>    realm_of_souls not starting listeners as advice key [dlc09.battle.advice.realm_of_souls.001] has already been listened to
[interventions] <27.8s>    player_nurgle_plaguelord_blessing not starting listeners as minimum advice level [1] is greater than current advice level setting [0] (0 = no advice, 1 = low advice, 2 = high advice)
[interventions] <27.8s>    player_being_flanked not starting listeners as advice key [war.battle.advice.flanking.001] has already been listened to
[interventions] <27.8s>    rampaging not starting listeners as minimum advice level [1] is greater than current advice level setting [0] (0 = no advice, 1 = low advice, 2 = high advice)
[interventions] <27.8s>    DEPLOYMENT_unit_types_tour not starting listeners as advice key [wh3_main_st_battle_unit_types_0001] has already been listened to
[interventions] <27.8s>    player_approaches_victory_location not starting listeners as minimum advice level [1] is greater than current advice level setting [0] (0 = no advice, 1 = low advice, 2 = high advice)
[interventions] <27.8s>    player_visibility not starting listeners as advice key [war.battle.advice.visibility.002] has already been listened to
[interventions] <27.8s>    player_unit_routing not starting listeners as advice key [war.battle.advice.routing.002] has already been listened to
[interventions] <27.8s>    fire_at_will not starting listeners as advice key [war.battle.advice.fire_at_will.001] has already been listened to
[interventions] <27.8s>    tactical_maps not starting listeners as advice key [war.battle.advice.maps.001] has already been listened to
[interventions] <27.8s>    DEPLOYMENT_major_siege_battle_defence_scripted_tour not starting listeners as advice key [wh3_main_battle_advice_major_settlement_defence_01] has already been listened to
[interventions] <27.8s>    player_general_wounded not starting listeners as advice key [war.battle.advice.general.002] has already been listened to
[interventions] <27.8s>    player_units_hidden not starting listeners as advice key [war.battle.advice.forests.001] has already been listened to
[interventions] <27.8s>    enemy_cavalry not starting listeners as advice key [war.battle.advice.cavalry.001] has already been listened to
[interventions] <27.8s>    player_harmony not starting listeners as advice key [wh3_main_battle_advice_cathay_harmony_01] has already been listened to
[interventions] <27.8s>    player_fatigue_battle_start not starting listeners as minimum advice level [1] is greater than current advice level setting [0] (0 = no advice, 1 = low advice, 2 = high advice)
[interventions] <27.8s>    storm_of_magic_deployment not starting listeners as minimum advice level [1] is greater than current advice level setting [0] (0 = no advice, 1 = low advice, 2 = high advice)
[interventions] <27.8s>    enemy_capturing_victory_point not starting listeners as advice key [war.battle.advice.victory_points.002] has already been listened to
[interventions] <27.8s>    enemy_artillery not starting listeners as advice key [war.battle.advice.artillery.001] has already been listened to
[interventions] <27.8s>    vampire_coast_extra_powder not starting listeners as minimum advice level [1] is greater than current advice level setting [0] (0 = no advice, 1 = low advice, 2 = high advice)
[interventions] <27.8s>    enemy_capture_victory_point not starting listeners as minimum advice level [1] is greater than current advice level setting [0] (0 = no advice, 1 = low advice, 2 = high advice)
[interventions] <27.8s>    player_attacking_capture_points not starting listeners as advice key [war.battle.advice.capture_points.002] has already been listened to
[interventions] <27.8s>    enemy_giant not starting listeners as advice key [war.battle.advice.giants.001] has already been listened to
[interventions] <27.8s>    player_ogre_wallbreaker not starting listeners as minimum advice level [1] is greater than current advice level setting [0] (0 = no advice, 1 = low advice, 2 = high advice)
[interventions] <27.8s>    storm_of_magic_early_battle not starting listeners as minimum advice level [1] is greater than current advice level setting [0] (0 = no advice, 1 = low advice, 2 = high advice)
[interventions] <27.8s>    unit_positioning not starting listeners as advice key [wh2.battle.advice.positioning.001] has already been listened to
[interventions] <27.8s>    enemy_unit_routing not starting listeners as advice key [war.battle.advice.routing.001] has already been listened to
[interventions] <27.8s>    player_artillery not starting listeners as advice key [war.battle.advice.artillery.002] has already been listened to
[interventions] <27.8s>    formations not starting listeners as advice key [war.battle.advice.formations.001] has already been listened to
[interventions] <27.8s>    player_slaanesh_batle_captives not starting listeners as advice key [wh3_main_battle_advice_slaanesh_captives_01] has already been listened to
[interventions] <27.8s>    enemy_capturing_gates not starting listeners as minimum advice level [1] is greater than current advice level setting [0] (0 = no advice, 1 = low advice, 2 = high advice)
[interventions] <27.8s>    magic_overcasting not starting listeners as advice key [war.battle.advice.spells.001] has already been listened to
[interventions] <27.8s>    DEPLOYMENT_major_siege_battle_attacking_scripted_tour not starting listeners as minimum advice level [1] is greater than current advice level setting [0] (0 = no advice, 1 = low advice, 2 = high advice)
[interventions] <27.8s>    player_cathay_elemental_winds not starting listeners as advice key [wh3_main_battle_advice_cathay_mastery_of_the_elemental_winds_01] has already been listened to
[interventions] <27.8s>    enemy_harmony not starting listeners as advice key [wh3_main_battle_advice_cathay_harmony_02] has already been listened to
[interventions] <27.8s>    winds_of_magic_blowing not starting listeners as advice key [war.battle.advice.winds_of_magic.001] has already been listened to
[interventions] <27.8s>    enemy_units_hidden not starting listeners as advice key [war.battle.advice.forests.002] has already been listened to
[interventions] <27.8s>    player_general_routing not starting listeners as advice key [war.battle.advice.general.003] has already been listened to
[interventions] <27.8s>    army_abilities not starting listeners as advice key [wh2.battle.advice.army_abilities.001] has already been listened to
[interventions] <27.8s>    DEPLOYMENT_tour not starting listeners as advice key [war.battle.advice.deployment.001] has already been listened to
[interventions] <27.8s>    DEPLOYMENT_fundamentals_tour not starting listeners as advice key [wh3_main_st_battle_fundamentals_0001] has already been listened to
[interventions] <27.8s>    enemy_has_high_ground not starting listeners as advice key [war.battle.advice.high_ground.002] has already been listened to
[interventions] <27.8s>    siege_attacker_start not starting listeners as minimum advice level [1] is greater than current advice level setting [0] (0 = no advice, 1 = low advice, 2 = high advice)
[interventions] <27.8s>    enemy_general_routing not starting listeners as advice key [war.battle.advice.enemy_general.003] has already been listened to
[interventions] <27.8s>    enemy_general_dead not starting listeners as advice key [war.battle.advice.enemy_general.001] has already been listened to
[interventions] <27.8s>    player_cavalry not starting listeners as advice key [war.battle.advice.cavalry.002] has already been listened to
[interventions] <27.8s>    enemy_flying_units not starting listeners as advice key [war.battle.advice.flying_units.001] has already been listened to
[interventions] <27.8s>    player_flying_units not starting listeners as advice key [war.battle.advice.flying_units.002] has already been listened to
[interventions] <27.8s>    ##################################################################
[interventions] <27.8s>    
[interventions] <27.8s>    *** Deployment phase has begun and the Winds of Magic gambler has been dismissed or wasn't shown :: triggering event ScriptEventDeploymentPhaseBegins ***
[interventions] <27.8s>    
[ui] <29.4s>    
[ui] <29.4s>    uicomponent button_battle_start
[ui] <29.4s>    	path from root:	root > finish_deployment > deployment_end_sp > button_battle_start
[ui] <29.4s>    	position on screen: [665, 131], size: [271, 87], state: [inactive], visible: [true], priority: [60], interactive: [true]
[ui] <29.4s>    
<29.5s><16400ms> 	Battle is now entering phase: Deployed
[interventions] <29.5s>    *** Conflict phase beginning :: triggering event ScriptEventConflictPhaseBegins ***
[interventions] <29.5s>    
[ui] <29.6s>    Panel closed finish_deployment
<31.5s><18400ms> ScriptEventBattleArmiesEngaging event triggered, distance between forces is 94.146057128906 and proportion under fire is 0
<35.4s><22300ms> WH3_RUNTIME_PROBE|{"data":{"f10Installed":true},"format":"warhammer-vault-cco-probe-v1","kind":"SNAPSHOT_START","metadata":{"gameVersion":"9.0.2.0","gameVersionSource":"INSTALLER_EXE_VERSION","scenarioId":"CCO_P0_CUSTOM_BATTLE","sessionId":"98c014a5-8c8c-4ed9-aa0c-7e57a45dd48c","staticSnapshotId":"c7bd67f50bb4df4f16254e5e9615324e615debf434c865de014e77e4483471e5","unitSize":"MEDIUM","unitSizeSource":"DECLARED_SETUP"},"runId":"snapshot-1","sequence":1,"sessionId":"98c014a5-8c8c-4ed9-aa0c-7e57a45dd48c:table: 000000046C6B0888:<35.4s>:1790858880:5134.32421875","timestamp":{"status":"VALUE","value":22300}}
<35.4s><22300ms> WH3_RUNTIME_PROBE|{"data":{"fields":{"ActiveProjectileContext.Key":{"status":"VALUE","value":"wh_dlc04_emp_free_company_pistol_bullet"},"HealthMax":{"status":"VALUE","value":3660},"HealthValue":{"status":"VALUE","value":3660},"IsFiringMissiles":{"status":"VALUE","value":true},"IsInMelee":{"status":"VALUE","value":false},"IsPlayerUnit":{"status":"VALUE","value":true},"NumEntities":{"status":"VALUE","value":60},"NumEntitiesInitial":{"status":"VALUE","value":60},"PrimaryAmmoPercent":{"status":"VALUE","value":0.94629627466202},"ReloadPercentMax":{"status":"VALUE","value":1},"SecondaryAmmoPercent":{"status":"VALUE","value":0},"UniqueUiId":{"status":"VALUE","value":1007},"UnitRecordContext.Key":{"status":"VALUE","value":"wh_dlc04_emp_inf_free_company_militia_0"},"UnitRecordContext.UnitLandRecordContext.Key":{"status":"VALUE","value":"wh_dlc04_emp_inf_free_company_militia_0"}},"sample":0,"unchanged":false},"format":"warhammer-vault-cco-probe-v1","kind":"SNAPSHOT_UNIT","metadata":{"gameVersion":"9.0.2.0","gameVersionSource":"INSTALLER_EXE_VERSION","scenarioId":"CCO_P0_CUSTOM_BATTLE","sessionId":"98c014a5-8c8c-4ed9-aa0c-7e57a45dd48c","staticSnapshotId":"c7bd67f50bb4df4f16254e5e9615324e615debf434c865de014e77e4483471e5","unitSize":"MEDIUM","unitSizeSource":"DECLARED_SETUP"},"runId":"snapshot-1","sequence":2,"sessionId":"98c014a5-8c8c-4ed9-aa0c-7e57a45dd48c:table: 000000046C6B0888:<35.4s>:1790858880:5134.32421875","timestamp":{"status":"VALUE","value":22300}}
<35.4s><22300ms> WH3_RUNTIME_PROBE|{"data":{"complete":true,"list":"ManList","mode":"SNAPSHOT","sample":0,"size":{"status":"VALUE","value":60}},"format":"warhammer-vault-cco-probe-v1","kind":"COMPONENT_LIST","metadata":{"gameVersion":"9.0.2.0","gameVersionSource":"INSTALLER_EXE_VERSION","scenarioId":"CCO_P0_CUSTOM_BATTLE","sessionId":"98c014a5-8c8c-4ed9-aa0c-7e57a45dd48c","staticSnapshotId":"c7bd67f50bb4df4f16254e5e9615324e615debf434c865de014e77e4483471e5","unitSize":"MEDIUM","unitSizeSource":"DECLARED_SETUP"},"runId":"snapshot-1","sequence":3,"sessionId":"98c014a5-8c8c-4ed9-aa0c-7e57a45dd48c:table: 000000046C6B0888:<35.4s>:1790858880:5134.32421875","timestamp":{"status":"VALUE","value":22300}}
<35.4s><22300ms> WH3_RUNTIME_PROBE|{"data":{"fields":{"EntityRecordContext.Key":{"status":"VALUE","value":"wh_dlc04_infantry_free_company_blood_dismembers"},"IsAlive":{"status":"VALUE","value":true},"IsEngine":{"status":"VALUE","value":false},"IsMan":{"status":"VALUE","value":true},"IsReloading":{"status":"VALUE","value":true},"Key":{"status":"VALUE","value":"wh_dlc04_infantry_free_company_blood_dismembers"},"Position":{"status":"VALUE","value":[-52.605808258057,527.34405517578,1.8419549465179,0]},"ReloadPercent":{"status":"VALUE","value":0.15555590391159},"ReloadRemainingTime":{"status":"VALUE","value":7.5999970436096},"UnitContext.UniqueUiId":{"status":"VALUE","value":1007}},"index":0,"list":"ManList","mode":"SNAPSHOT","sample":0},"format":"warhammer-vault-cco-probe-v1","kind":"ENTITY","metadata":{"gameVersion":"9.0.2.0","gameVersionSource":"INSTALLER_EXE_VERSION","scenarioId":"CCO_P0_CUSTOM_BATTLE","sessionId":"98c014a5-8c8c-4ed9-aa0c-7e57a45dd48c","staticSnapshotId":"c7bd67f50bb4df4f16254e5e9615324e615debf434c865de014e77e4483471e5","unitSize":"MEDIUM","unitSizeSource":"DECLARED_SETUP"},"runId":"snapshot-1","sequence":4,"sessionId":"98c014a5-8c8c-4ed9-aa0c-7e57a45dd48c:table: 000000046C6B0888:<35.4s>:1790858880:5134.32421875","timestamp":{"status":"VALUE","value":22300}}
<35.4s><22300ms> WH3_RUNTIME_PROBE|{"data":{"fields":{"EntityRecordContext.Key":{"status":"VALUE","value":"wh_dlc04_infantry_free_company_blood_dismembers"},"IsAlive":{"status":"VALUE","value":true},"IsEngine":{"status":"VALUE","value":false},"IsMan":{"status":"VALUE","value":true},"IsReloading":{"status":"VALUE","value":true},"Key":{"status":"VALUE","value":"wh_dlc04_infantry_free_company_blood_dismembers"},"Position":{"status":"VALUE","value":[-52.550701141357,527.20562744141,0.29146930575371,0]},"ReloadPercent":{"status":"VALUE","value":0.15555590391159},"ReloadRemainingTime":{"status":"VALUE","value":7.5999970436096},"UnitContext.UniqueUiId":{"status":"VALUE","value":1007}},"index":1,"list":"ManList","mode":"SNAPSHOT","sample":0},"format":"warhammer-vault-cco-probe-v1","kind":"ENTITY","metadata":{"gameVersion":"9.0.2.0","gameVersionSource":"INSTALLER_EXE_VERSION","scenarioId":"CCO_P0_CUSTOM_BATTLE","sessionId":"98c014a5-8c8c-4ed9-aa0c-7e57a45dd48c","staticSnapshotId":"c7bd67f50bb4df4f16254e5e9615324e615debf434c865de014e77e4483471e5","unitSize":"MEDIUM","unitSizeSource":"DECLARED_SETUP"},"runId":"snapshot-1","sequence":5,"sessionId":"98c014a5-8c8c-4ed9-aa0c-7e57a45dd48c:table: 000000046C6B0888:<35.4s>:1790858880:5134.32421875","timestamp":{"status":"VALUE","value":22300}}
<35.4s><22300ms> WH3_RUNTIME_PROBE|{"data":{"fields":{"EntityRecordContext.Key":{"status":"VALUE","value":"wh_dlc04_infantry_free_company_blood_dismembers"},"IsAlive":{"status":"VALUE","value":true},"IsEngine":{"status":"VALUE","value":false},"IsMan":{"status":"VALUE","value":true},"IsReloading":{"status":"VALUE","value":true},"Key":{"status":"VALUE","value":"wh_dlc04_infantry_free_company_blood_dismembers"},"Position":{"status":"VALUE","value":[-51.841815948486,527.47155761719,3.4047660827637,0]},"ReloadPercent":{"status":"VALUE","value":0.15555590391159},"ReloadRemainingTime":{"status":"VALUE","value":7.5999970436096},"UnitContext.UniqueUiId":{"status":"VALUE","value":1007}},"index":2,"list":"ManList","mode":"SNAPSHOT","sample":0},"format":"warhammer-vault-cco-probe-v1","kind":"ENTITY","metadata":{"gameVersion":"9.0.2.0","gameVersionSource":"INSTALLER_EXE_VERSION","scenarioId":"CCO_P0_CUSTOM_BATTLE","sessionId":"98c014a5-8c8c-4ed9-aa0c-7e57a45dd48c","staticSnapshotId":"c7bd67f50bb4df4f16254e5e9615324e615debf434c865de014e77e4483471e5","unitSize":"MEDIUM","unitSizeSource":"DECLARED_SETUP"},"runId":"snapshot-1","sequence":6,"sessionId":"98c014a5-8c8c-4ed9-aa0c-7e57a45dd48c:table: 000000046C6B0888:<35.4s>:1790858880:5134.32421875","timestamp":{"status":"VALUE","value":22300}}
<35.4s><22300ms> WH3_RUNTIME_PROBE|{"data":{"fields":{"EntityRecordContext.Key":{"status":"VALUE","value":"wh_dlc04_infantry_free_company_blood_dismembers"},"IsAlive":{"status":"VALUE","value":true},"IsEngine":{"status":"VALUE","value":false},"IsMan":{"status":"VALUE","value":true},"IsReloading":{"status":"VALUE","value":true},"Key":{"status":"VALUE","value":"wh_dlc04_infantry_free_company_blood_dismembers"},"Position":{"status":"VALUE","value":[-52.742012023926,527.09118652344,-1.1408680677414,0]},"ReloadPercent":{"status":"VALUE","value":0.15555590391159},"ReloadRemainingTime":{"status":"VALUE","value":7.5999970436096},"UnitContext.UniqueUiId":{"status":"VALUE","value":1007}},"index":3,"list":"ManList","mode":"SNAPSHOT","sample":0},"format":"warhammer-vault-cco-probe-v1","kind":"ENTITY","metadata":{"gameVersion":"9.0.2.0","gameVersionSource":"INSTALLER_EXE_VERSION","scenarioId":"CCO_P0_CUSTOM_BATTLE","sessionId":"98c014a5-8c8c-4ed9-aa0c-7e57a45dd48c","staticSnapshotId":"c7bd67f50bb4df4f16254e5e9615324e615debf434c865de014e77e4483471e5","unitSize":"MEDIUM","unitSizeSource":"DECLARED_SETUP"},"runId":"snapshot-1","sequence":7,"sessionId":"98c014a5-8c8c-4ed9-aa0c-7e57a45dd48c:table: 000000046C6B0888:<35.4s>:1790858880:5134.32421875","timestamp":{"status":"VALUE","value":22300}}
<35.4s><22300ms> WH3_RUNTIME_PROBE|{"data":{"fields":{"EntityRecordContext.Key":{"status":"VALUE","value":"wh_dlc04_infantry_free_company_blood_dismembers"},"IsAlive":{"status":"VALUE","value":true},"IsEngine":{"status":"VALUE","value":false},"IsMan":{"status":"VALUE","value":true},"IsReloading":{"status":"VALUE","value":true},"Key":{"status":"VALUE","value":"wh_dlc04_infantry_free_company_blood_dismembers"},"Position":{"status":"VALUE","value":[-51.734600067139,527.61560058594,4.9443321228027,0]},"ReloadPercent":{"status":"VALUE","value":0.15555590391159},"ReloadRemainingTime":{"status":"VALUE","value":7.5999970436096},"UnitContext.UniqueUiId":{"status":"VALUE","value":1007}},"index":4,"list":"ManList","mode":"SNAPSHOT","sample":0},"format":"warhammer-vault-cco-probe-v1","kind":"ENTITY","metadata":{"gameVersion":"9.0.2.0","gameVersionSource":"INSTALLER_EXE_VERSION","scenarioId":"CCO_P0_CUSTOM_BATTLE","sessionId":"98c014a5-8c8c-4ed9-aa0c-7e57a45dd48c","staticSnapshotId":"c7bd67f50bb4df4f16254e5e9615324e615debf434c865de014e77e4483471e5","unitSize":"MEDIUM","unitSizeSource":"DECLARED_SETUP"},"runId":"snapshot-1","sequence":8,"sessionId":"98c014a5-8c8c-4ed9-aa0c-7e57a45dd48c:table: 000000046C6B0888:<35.4s>:1790858880:5134.32421875","timestamp":{"status":"VALUE","value":22300}}
<35.4s><22300ms> WH3_RUNTIME_PROBE|{"data":{"fields":{"EntityRecordContext.Key":{"status":"VALUE","value":"wh_dlc04_infantry_free_company_blood_dismembers"},"IsAlive":{"status":"VALUE","value":true},"IsEngine":{"status":"VALUE","value":false},"IsMan":{"status":"VALUE","value":true},"IsReloading":{"status":"VALUE","value":true},"Key":{"status":"VALUE","value":"wh_dlc04_infantry_free_company_blood_dismembers"},"Position":{"status":"VALUE","value":[-53.217437744141,526.97717285156,-2.8291065692902,0]},"ReloadPercent":{"status":"VALUE","value":0.44444447755814},"ReloadRemainingTime":{"status":"VALUE","value":4.9999995231628},"UnitContext.UniqueUiId":{"status":"VALUE","value":1007}},"index":5,"list":"ManList","mode":"SNAPSHOT","sample":0},"format":"warhammer-vault-cco-probe-v1","kind":"ENTITY","metadata":{"gameVersion":"9.0.2.0","gameVersionSource":"INSTALLER_EXE_VERSION","scenarioId":"CCO_P0_CUSTOM_BATTLE","sessionId":"98c014a5-8c8c-4ed9-aa0c-7e57a45dd48c","staticSnapshotId":"c7bd67f50bb4df4f16254e5e9615324e615debf434c865de014e77e4483471e5","unitSize":"MEDIUM","unitSizeSource":"DECLARED_SETUP"},"runId":"snapshot-1","sequence":9,"sessionId":"98c014a5-8c8c-4ed9-aa0c-7e57a45dd48c:table: 000000046C6B0888:<35.4s>:1790858880:5134.32421875","timestamp":{"status":"VALUE","value":22300}}
<35.4s><22300ms> WH3_RUNTIME_PROBE|{"data":{"fields":{"EntityRecordContext.Key":{"status":"VALUE","value":"wh_dlc04_infantry_free_company_blood_dismembers"},"IsAlive":{"status":"VALUE","value":true},"IsEngine":{"status":"VALUE","value":false},"IsMan":{"status":"VALUE","value":true},"IsReloading":{"status":"VALUE","value":true},"Key":{"status":"VALUE","value":"wh_dlc04_infantry_free_company_blood_dismembers"},"Position":{"status":"VALUE","value":[-51.047004699707,527.71301269531,6.0475463867188,0]},"ReloadPercent":{"status":"VALUE","value":0.13333368301392},"ReloadRemainingTime":{"status":"VALUE","value":7.7999968528748},"UnitContext.UniqueUiId":{"status":"VALUE","value":1007}},"index":6,"list":"ManList","mode":"SNAPSHOT","sample":0},"format":"warhammer-vault-cco-probe-v1","kind":"ENTITY","metadata":{"gameVersion":"9.0.2.0","gameVersionSource":"INSTALLER_EXE_VERSION","scenarioId":"CCO_P0_CUSTOM_BATTLE","sessionId":"98c014a5-8c8c-4ed9-aa0c-7e57a45dd48c","staticSnapshotId":"c7bd67f50bb4df4f16254e5e9615324e615debf434c865de014e77e4483471e5","unitSize":"MEDIUM","unitSizeSource":"DECLARED_SETUP"},"runId":"snapshot-1","sequence":10,"sessionId":"98c014a5-8c8c-4ed9-aa0c-7e57a45dd48c:table: 000000046C6B0888:<35.4s>:1790858880:5134.32421875","timestamp":{"status":"VALUE","value":22300}}
<35.4s><22300ms> WH3_RUNTIME_PROBE|{"data":{"fields":{"EntityRecordContext.Key":{"status":"VALUE","value":"wh_dlc04_infantry_free_company_blood_dismembers"},"IsAlive":{"status":"VALUE","value":true},"IsEngine":{"status":"VALUE","value":false},"IsMan":{"status":"VALUE","value":true},"IsReloading":{"status":"VALUE","value":true},"Key":{"status":"VALUE","value":"wh_dlc04_infantry_free_company_blood_dismembers"},"Position":{"status":"VALUE","value":[-53.265247344971,526.85491943359,-4.5025792121887,0]},"ReloadPercent":{"status":"VALUE","value":0.15555590391159},"ReloadRemainingTime":{"status":"VALUE","value":7.5999970436096},"UnitContext.UniqueUiId":{"status":"VALUE","value":1007}},"index":7,"list":"ManList","mode":"SNAPSHOT","sample":0},"format":"warhammer-vault-cco-probe-v1","kind":"ENTITY","metadata":{"gameVersion":"9.0.2.0","gameVersionSource":"INSTALLER_EXE_VERSION","scenarioId":"CCO_P0_CUSTOM_BATTLE","sessionId":"98c014a5-8c8c-4ed9-aa0c-7e57a45dd48c","staticSnapshotId":"c7bd67f50bb4df4f16254e5e9615324e615debf434c865de014e77e4483471e5","unitSize":"MEDIUM","unitSizeSource":"DECLARED_SETUP"},"runId":"snapshot-1","sequence":11,"sessionId":"98c014a5-8c8c-4ed9-aa0c-7e57a45dd48c:table: 000000046C6B0888:<35.4s>:1790858880:5134.32421875","timestamp":{"status":"VALUE","value":22300}}
<35.4s><22300ms> WH3_RUNTIME_PROBE|{"data":{"fields":{"EntityRecordContext.Key":{"status":"VALUE","value":"wh_dlc04_infantry_free_company_blood_dismembers"},"IsAlive":{"status":"VALUE","value":true},"IsEngine":{"status":"VALUE","value":false},"IsMan":{"status":"VALUE","value":true},"IsReloading":{"status":"VALUE","value":true},"Key":{"status":"VALUE","value":"wh_dlc04_infantry_free_company_blood_dismembers"},"Position":{"status":"VALUE","value":[-50.572658538818,527.89916992188,7.96879529953,0]},"ReloadPercent":{"status":"VALUE","value":0.15555590391159},"ReloadRemainingTime":{"status":"VALUE","value":7.5999970436096},"UnitContext.UniqueUiId":{"status":"VALUE","value":1007}},"index":8,"list":"ManList","mode":"SNAPSHOT","sample":0},"format":"warhammer-vault-cco-probe-v1","kind":"ENTITY","metadata":{"gameVersion":"9.0.2.0","gameVersionSource":"INSTALLER_EXE_VERSION","scenarioId":"CCO_P0_CUSTOM_BATTLE","sessionId":"98c014a5-8c8c-4ed9-aa0c-7e57a45dd48c","staticSnapshotId":"c7bd67f50bb4df4f16254e5e9615324e615debf434c865de014e77e4483471e5","unitSize":"MEDIUM","unitSizeSource":"DECLARED_SETUP"},"runId":"snapshot-1","sequence":12,"sessionId":"98c014a5-8c8c-4ed9-aa0c-7e57a45dd48c:table: 000000046C6B0888:<35.4s>:1790858880:5134.32421875","timestamp":{"status":"VALUE","value":22300}}
<35.4s><22300ms> WH3_RUNTIME_PROBE|{"data":{"fields":{"EntityRecordContext.Key":{"status":"VALUE","value":"wh_dlc04_infantry_free_company_blood_dismembers"},"IsAlive":{"status":"VALUE","value":true},"IsEngine":{"status":"VALUE","value":false},"IsMan":{"status":"VALUE","value":true},"IsReloading":{"status":"VALUE","value":true},"Key":{"status":"VALUE","value":"wh_dlc04_infantry_free_company_blood_dismembers"},"Position":{"status":"VALUE","value":[-53.500686645508,526.71746826172,-6.6996369361877,0]},"ReloadPercent":{"status":"VALUE","value":0.15555590391159},"ReloadRemainingTime":{"status":"VALUE","value":7.5999970436096},"UnitContext.UniqueUiId":{"status":"VALUE","value":1007}},"index":9,"list":"ManList","mode":"SNAPSHOT","sample":0},"format":"warhammer-vault-cco-probe-v1","kind":"ENTITY","metadata":{"gameVersion":"9.0.2.0","gameVersionSource":"INSTALLER_EXE_VERSION","scenarioId":"CCO_P0_CUSTOM_BATTLE","sessionId":"98c014a5-8c8c-4ed9-aa0c-7e57a45dd48c","staticSnapshotId":"c7bd67f50bb4df4f16254e5e9615324e615debf434c865de014e77e4483471e5","unitSize":"MEDIUM","unitSizeSource":"DECLARED_SETUP"},"runId":"snapshot-1","sequence":13,"sessionId":"98c014a5-8c8c-4ed9-aa0c-7e57a45dd48c:table: 000000046C6B0888:<35.4s>:1790858880:5134.32421875","timestamp":{"status":"VALUE","value":22300}}
<35.4s><22300ms> WH3_RUNTIME_PROBE|{"data":{"fields":{"EntityRecordContext.Key":{"status":"VALUE","value":"wh_dlc04_infantry_free_company_blood_dismembers"},"IsAlive":{"status":"VALUE","value":true},"IsEngine":{"status":"VALUE","value":false},"IsMan":{"status":"VALUE","value":true},"IsReloading":{"status":"VALUE","value":true},"Key":{"status":"VALUE","value":"wh_dlc04_infantry_free_company_blood_dismembers"},"Position":{"status":"VALUE","value":[-50.639842987061,528.02404785156,9.2629203796387,0]},"ReloadPercent":{"status":"VALUE","value":0.37777787446976},"ReloadRemainingTime":{"status":"VALUE","value":5.5999989509583},"UnitContext.UniqueUiId":{"status":"VALUE","value":1007}},"index":10,"list":"ManList","mode":"SNAPSHOT","sample":0},"format":"warhammer-vault-cco-probe-v1","kind":"ENTITY","metadata":{"gameVersion":"9.0.2.0","gameVersionSource":"INSTALLER_EXE_VERSION","scenarioId":"CCO_P0_CUSTOM_BATTLE","sessionId":"98c014a5-8c8c-4ed9-aa0c-7e57a45dd48c","staticSnapshotId":"c7bd67f50bb4df4f16254e5e9615324e615debf434c865de014e77e4483471e5","unitSize":"MEDIUM","unitSizeSource":"DECLARED_SETUP"},"runId":"snapshot-1","sequence":14,"sessionId":"98c014a5-8c8c-4ed9-aa0c-7e57a45dd48c:table: 000000046C6B0888:<35.4s>:1790858880:5134.32421875","timestamp":{"status":"VALUE","value":22300}}
<35.4s><22300ms> WH3_RUNTIME_PROBE|{"data":{"fields":{"EntityRecordContext.Key":{"status":"VALUE","value":"wh_dlc04_infantry_free_company_blood_dismembers"},"IsAlive":{"status":"VALUE","value":true},"IsEngine":{"status":"VALUE","value":false},"IsMan":{"status":"VALUE","value":true},"IsReloading":{"status":"VALUE","value":true},"Key":{"status":"VALUE","value":"wh_dlc04_infantry_free_company_blood_dismembers"},"Position":{"status":"VALUE","value":[-54.002944946289,526.67291259766,-7.9051179885864,0]},"ReloadPercent":{"status":"VALUE","value":0.15555590391159},"ReloadRemainingTime":{"status":"VALUE","value":7.5999970436096},"UnitContext.UniqueUiId":{"status":"VALUE","value":1007}},"index":11,"list":"ManList","mode":"SNAPSHOT","sample":0},"format":"warhammer-vault-cco-probe-v1","kind":"ENTITY","metadata":{"gameVersion":"9.0.2.0","gameVersionSource":"INSTALLER_EXE_VERSION","scenarioId":"CCO_P0_CUSTOM_BATTLE","sessionId":"98c014a5-8c8c-4ed9-aa0c-7e57a45dd48c","staticSnapshotId":"c7bd67f50bb4df4f16254e5e9615324e615debf434c865de014e77e4483471e5","unitSize":"MEDIUM","unitSizeSource":"DECLARED_SETUP"},"runId":"snapshot-1","sequence":15,"sessionId":"98c014a5-8c8c-4ed9-aa0c-7e57a45dd48c:table: 000000046C6B0888:<35.4s>:1790858880:5134.32421875","timestamp":{"status":"VALUE","value":22300}}
<35.4s><22300ms> WH3_RUNTIME_PROBE|{"data":{"fields":{"EntityRecordContext.Key":{"status":"VALUE","value":"wh_dlc04_infantry_free_company_blood_dismembers"},"IsAlive":{"status":"VALUE","value":true},"IsEngine":{"status":"VALUE","value":false},"IsMan":{"status":"VALUE","value":true},"IsReloading":{"status":"VALUE","value":true},"Key":{"status":"VALUE","value":"wh_dlc04_infantry_free_company_blood_dismembers"},"Position":{"status":"VALUE","value":[-50.64762878418,528.1806640625,11.158812522888,0]},"ReloadPercent":{"status":"VALUE","value":0.46666669845581},"ReloadRemainingTime":{"status":"VALUE","value":4.7999997138977},"UnitContext.UniqueUiId":{"status":"VALUE","value":1007}},"index":12,"list":"ManList","mode":"SNAPSHOT","sample":0},"format":"warhammer-vault-cco-probe-v1","kind":"ENTITY","metadata":{"gameVersion":"9.0.2.0","gameVersionSource":"INSTALLER_EXE_VERSION","scenarioId":"CCO_P0_CUSTOM_BATTLE","sessionId":"98c014a5-8c8c-4ed9-aa0c-7e57a45dd48c","staticSnapshotId":"c7bd67f50bb4df4f16254e5e9615324e615debf434c865de014e77e4483471e5","unitSize":"MEDIUM","unitSizeSource":"DECLARED_SETUP"},"runId":"snapshot-1","sequence":16,"sessionId":"98c014a5-8c8c-4ed9-aa0c-7e57a45dd48c:table: 000000046C6B0888:<35.4s>:1790858880:5134.32421875","timestamp":{"status":"VALUE","value":22300}}
<35.4s><22300ms> WH3_RUNTIME_PROBE|{"data":{"fields":{"EntityRecordContext.Key":{"status":"VALUE","value":"wh_dlc04_infantry_free_company_blood_dismembers"},"IsAlive":{"status":"VALUE","value":true},"IsEngine":{"status":"VALUE","value":false},"IsMan":{"status":"VALUE","value":true},"IsReloading":{"status":"VALUE","value":true},"Key":{"status":"VALUE","value":"wh_dlc04_infantry_free_company_blood_dismembers"},"Position":{"status":"VALUE","value":[-54.241104125977,526.61010742188,-9.1830911636353,0]},"ReloadPercent":{"status":"VALUE","value":0.15555590391159},"ReloadRemainingTime":{"status":"VALUE","value":7.5999970436096},"UnitContext.UniqueUiId":{"status":"VALUE","value":1007}},"index":13,"list":"ManList","mode":"SNAPSHOT","sample":0},"format":"warhammer-vault-cco-probe-v1","kind":"ENTITY","metadata":{"gameVersion":"9.0.2.0","gameVersionSource":"INSTALLER_EXE_VERSION","scenarioId":"CCO_P0_CUSTOM_BATTLE","sessionId":"98c014a5-8c8c-4ed9-aa0c-7e57a45dd48c","staticSnapshotId":"c7bd67f50bb4df4f16254e5e9615324e615debf434c865de014e77e4483471e5","unitSize":"MEDIUM","unitSizeSource":"DECLARED_SETUP"},"runId":"snapshot-1","sequence":17,"sessionId":"98c014a5-8c8c-4ed9-aa0c-7e57a45dd48c:table: 000000046C6B0888:<35.4s>:1790858880:5134.32421875","timestamp":{"status":"VALUE","value":22300}}
<35.4s><22300ms> WH3_RUNTIME_PROBE|{"data":{"fields":{"EntityRecordContext.Key":{"status":"VALUE","value":"wh_dlc04_infantry_free_company_blood_dismembers"},"IsAlive":{"status":"VALUE","value":true},"IsEngine":{"status":"VALUE","value":false},"IsMan":{"status":"VALUE","value":true},"IsReloading":{"status":"VALUE","value":true},"Key":{"status":"VALUE","value":"wh_dlc04_infantry_free_company_blood_dismembers"},"Position":{"status":"VALUE","value":[-49.783695220947,528.28234863281,12.898180961609,0]},"ReloadPercent":{"status":"VALUE","value":0.13333368301392},"ReloadRemainingTime":{"status":"VALUE","value":7.7999968528748},"UnitContext.UniqueUiId":{"status":"VALUE","value":1007}},"index":14,"list":"ManList","mode":"SNAPSHOT","sample":0},"format":"warhammer-vault-cco-probe-v1","kind":"ENTITY","metadata":{"gameVersion":"9.0.2.0","gameVersionSource":"INSTALLER_EXE_VERSION","scenarioId":"CCO_P0_CUSTOM_BATTLE","sessionId":"98c014a5-8c8c-4ed9-aa0c-7e57a45dd48c","staticSnapshotId":"c7bd67f50bb4df4f16254e5e9615324e615debf434c865de014e77e4483471e5","unitSize":"MEDIUM","unitSizeSource":"DECLARED_SETUP"},"runId":"snapshot-1","sequence":18,"sessionId":"98c014a5-8c8c-4ed9-aa0c-7e57a45dd48c:table: 000000046C6B0888:<35.4s>:1790858880:5134.32421875","timestamp":{"status":"VALUE","value":22300}}
<35.4s><22300ms> WH3_RUNTIME_PROBE|{"data":{"fields":{"EntityRecordContext.Key":{"status":"VALUE","value":"wh_dlc04_infantry_free_company_blood_dismembers"},"IsAlive":{"status":"VALUE","value":true},"IsEngine":{"status":"VALUE","value":false},"IsMan":{"status":"VALUE","value":true},"IsReloading":{"status":"VALUE","value":true},"Key":{"status":"VALUE","value":"wh_dlc04_infantry_free_company_blood_dismembers"},"Position":{"status":"VALUE","value":[-50.475269317627,527.23907470703,1.5002584457397,0]},"ReloadPercent":{"status":"VALUE","value":0.15555590391159},"ReloadRemainingTime":{"status":"VALUE","value":7.5999970436096},"UnitContext.UniqueUiId":{"status":"VALUE","value":1007}},"index":15,"list":"ManList","mode":"SNAPSHOT","sample":0},"format":"warhammer-vault-cco-probe-v1","kind":"ENTITY","metadata":{"gameVersion":"9.0.2.0","gameVersionSource":"INSTALLER_EXE_VERSION","scenarioId":"CCO_P0_CUSTOM_BATTLE","sessionId":"98c014a5-8c8c-4ed9-aa0c-7e57a45dd48c","staticSnapshotId":"c7bd67f50bb4df4f16254e5e9615324e615debf434c865de014e77e4483471e5","unitSize":"MEDIUM","unitSizeSource":"DECLARED_SETUP"},"runId":"snapshot-1","sequence":19,"sessionId":"98c014a5-8c8c-4ed9-aa0c-7e57a45dd48c:table: 000000046C6B0888:<35.4s>:1790858880:5134.32421875","timestamp":{"status":"VALUE","value":22300}}
<35.4s><22300ms> WH3_RUNTIME_PROBE|{"data":{"fields":{"EntityRecordContext.Key":{"status":"VALUE","value":"wh_dlc04_infantry_free_company_blood_dismembers"},"IsAlive":{"status":"VALUE","value":true},"IsEngine":{"status":"VALUE","value":false},"IsMan":{"status":"VALUE","value":true},"IsReloading":{"status":"VALUE","value":true},"Key":{"status":"VALUE","value":"wh_dlc04_infantry_free_company_blood_dismembers"},"Position":{"status":"VALUE","value":[-49.925193786621,527.34008789063,2.6737661361694,0]},"ReloadPercent":{"status":"VALUE","value":0.15555590391159},"ReloadRemainingTime":{"status":"VALUE","value":7.5999970436096},"UnitContext.UniqueUiId":{"status":"VALUE","value":1007}},"index":16,"list":"ManList","mode":"SNAPSHOT","sample":0},"format":"warhammer-vault-cco-probe-v1","kind":"ENTITY","metadata":{"gameVersion":"9.0.2.0","gameVersionSource":"INSTALLER_EXE_VERSION","scenarioId":"CCO_P0_CUSTOM_BATTLE","sessionId":"98c014a5-8c8c-4ed9-aa0c-7e57a45dd48c","staticSnapshotId":"c7bd67f50bb4df4f16254e5e9615324e615debf434c865de014e77e4483471e5","unitSize":"MEDIUM","unitSizeSource":"DECLARED_SETUP"},"runId":"snapshot-1","sequence":20,"sessionId":"98c014a5-8c8c-4ed9-aa0c-7e57a45dd48c:table: 000000046C6B0888:<35.4s>:1790858880:5134.32421875","timestamp":{"status":"VALUE","value":22300}}
<35.4s><22300ms> WH3_RUNTIME_PROBE|{"data":{"fields":{"EntityRecordContext.Key":{"status":"VALUE","value":"wh_dlc04_infantry_free_company_blood_dismembers"},"IsAlive":{"status":"VALUE","value":true},"IsEngine":{"status":"VALUE","value":false},"IsMan":{"status":"VALUE","value":true},"IsReloading":{"status":"VALUE","value":true},"Key":{"status":"VALUE","value":"wh_dlc04_infantry_free_company_blood_dismembers"},"Position":{"status":"VALUE","value":[-51.004505157471,527.07653808594,-0.43131446838379,0]},"ReloadPercent":{"status":"VALUE","value":0.15555590391159},"ReloadRemainingTime":{"status":"VALUE","value":7.5999970436096},"UnitContext.UniqueUiId":{"status":"VALUE","value":1007}},"index":17,"list":"ManList","mode":"SNAPSHOT","sample":0},"format":"warhammer-vault-cco-probe-v1","kind":"ENTITY","metadata":{"gameVersion":"9.0.2.0","gameVersionSource":"INSTALLER_EXE_VERSION","scenarioId":"CCO_P0_CUSTOM_BATTLE","sessionId":"98c014a5-8c8c-4ed9-aa0c-7e57a45dd48c","staticSnapshotId":"c7bd67f50bb4df4f16254e5e9615324e615debf434c865de014e77e4483471e5","unitSize":"MEDIUM","unitSizeSource":"DECLARED_SETUP"},"runId":"snapshot-1","sequence":21,"sessionId":"98c014a5-8c8c-4ed9-aa0c-7e57a45dd48c:table: 000000046C6B0888:<35.4s>:1790858880:5134.32421875","timestamp":{"status":"VALUE","value":22300}}
<35.4s><22300ms> WH3_RUNTIME_PROBE|{"data":{"fields":{"EntityRecordContext.Key":{"status":"VALUE","value":"wh_dlc04_infantry_free_company_blood_dismembers"},"IsAlive":{"status":"VALUE","value":true},"IsEngine":{"status":"VALUE","value":false},"IsMan":{"status":"VALUE","value":true},"IsReloading":{"status":"VALUE","value":true},"Key":{"status":"VALUE","value":"wh_dlc04_infantry_free_company_blood_dismembers"},"Position":{"status":"VALUE","value":[-50.051181793213,527.56127929688,4.7066330909729,0]},"ReloadPercent":{"status":"VALUE","value":0.13333368301392},"ReloadRemainingTime":{"status":"VALUE","value":7.7999968528748},"UnitContext.UniqueUiId":{"status":"VALUE","value":1007}},"index":18,"list":"ManList","mode":"SNAPSHOT","sample":0},"format":"warhammer-vault-cco-probe-v1","kind":"ENTITY","metadata":{"gameVersion":"9.0.2.0","gameVersionSource":"INSTALLER_EXE_VERSION","scenarioId":"CCO_P0_CUSTOM_BATTLE","sessionId":"98c014a5-8c8c-4ed9-aa0c-7e57a45dd48c","staticSnapshotId":"c7bd67f50bb4df4f16254e5e9615324e615debf434c865de014e77e4483471e5","unitSize":"MEDIUM","unitSizeSource":"DECLARED_SETUP"},"runId":"snapshot-1","sequence":22,"sessionId":"98c014a5-8c8c-4ed9-aa0c-7e57a45dd48c:table: 000000046C6B0888:<35.4s>:1790858880:5134.32421875","timestamp":{"status":"VALUE","value":22300}}
<35.4s><22300ms> WH3_RUNTIME_PROBE|{"data":{"fields":{"EntityRecordContext.Key":{"status":"VALUE","value":"wh_dlc04_infantry_free_company_blood_dismembers"},"IsAlive":{"status":"VALUE","value":true},"IsEngine":{"status":"VALUE","value":false},"IsMan":{"status":"VALUE","value":true},"IsReloading":{"status":"VALUE","value":true},"Key":{"status":"VALUE","value":"wh_dlc04_infantry_free_company_blood_dismembers"},"Position":{"status":"VALUE","value":[-50.609066009521,526.91223144531,-2.0205881595612,0]},"ReloadPercent":{"status":"VALUE","value":0.15555590391159},"ReloadRemainingTime":{"status":"VALUE","value":7.5999970436096},"UnitContext.UniqueUiId":{"status":"VALUE","value":1007}},"index":19,"list":"ManList","mode":"SNAPSHOT","sample":0},"format":"warhammer-vault-cco-probe-v1","kind":"ENTITY","metadata":{"gameVersion":"9.0.2.0","gameVersionSource":"INSTALLER_EXE_VERSION","scenarioId":"CCO_P0_CUSTOM_BATTLE","sessionId":"98c014a5-8c8c-4ed9-aa0c-7e57a45dd48c","staticSnapshotId":"c7bd67f50bb4df4f16254e5e9615324e615debf434c865de014e77e4483471e5","unitSize":"MEDIUM","unitSizeSource":"DECLARED_SETUP"},"runId":"snapshot-1","sequence":23,"sessionId":"98c014a5-8c8c-4ed9-aa0c-7e57a45dd48c:table: 000000046C6B0888:<35.4s>:1790858880:5134.32421875","timestamp":{"status":"VALUE","value":22300}}
<35.4s><22300ms> WH3_RUNTIME_PROBE|{"data":{"fields":{"EntityRecordContext.Key":{"status":"VALUE","value":"wh_dlc04_infantry_free_company_blood_dismembers"},"IsAlive":{"status":"VALUE","value":true},"IsEngine":{"status":"VALUE","value":false},"IsMan":{"status":"VALUE","value":true},"IsReloading":{"status":"VALUE","value":true},"Key":{"status":"VALUE","value":"wh_dlc04_infantry_free_company_blood_dismembers"},"Position":{"status":"VALUE","value":[-49.510860443115,527.70642089844,6.2386684417725,0]},"ReloadPercent":{"status":"VALUE","value":0.15555590391159},"ReloadRemainingTime":{"status":"VALUE","value":7.5999970436096},"UnitContext.UniqueUiId":{"status":"VALUE","value":1007}},"index":20,"list":"ManList","mode":"SNAPSHOT","sample":0},"format":"warhammer-vault-cco-probe-v1","kind":"ENTITY","metadata":{"gameVersion":"9.0.2.0","gameVersionSource":"INSTALLER_EXE_VERSION","scenarioId":"CCO_P0_CUSTOM_BATTLE","sessionId":"98c014a5-8c8c-4ed9-aa0c-7e57a45dd48c","staticSnapshotId":"c7bd67f50bb4df4f16254e5e9615324e615debf434c865de014e77e4483471e5","unitSize":"MEDIUM","unitSizeSource":"DECLARED_SETUP"},"runId":"snapshot-1","sequence":24,"sessionId":"98c014a5-8c8c-4ed9-aa0c-7e57a45dd48c:table: 000000046C6B0888:<35.4s>:1790858880:5134.32421875","timestamp":{"status":"VALUE","value":22300}}
<35.4s><22300ms> WH3_RUNTIME_PROBE|{"data":{"fields":{"EntityRecordContext.Key":{"status":"VALUE","value":"wh_dlc04_infantry_free_company_blood_dismembers"},"IsAlive":{"status":"VALUE","value":true},"IsEngine":{"status":"VALUE","value":false},"IsMan":{"status":"VALUE","value":true},"IsReloading":{"status":"VALUE","value":true},"Key":{"status":"VALUE","value":"wh_dlc04_infantry_free_company_blood_dismembers"},"Position":{"status":"VALUE","value":[-51.016407012939,526.82800292969,-3.2867062091827,0]},"ReloadPercent":{"status":"VALUE","value":0.46666669845581},"ReloadRemainingTime":{"status":"VALUE","value":4.7999997138977},"UnitContext.UniqueUiId":{"status":"VALUE","value":1007}},"index":21,"list":"ManList","mode":"SNAPSHOT","sample":0},"format":"warhammer-vault-cco-probe-v1","kind":"ENTITY","metadata":{"gameVersion":"9.0.2.0","gameVersionSource":"INSTALLER_EXE_VERSION","scenarioId":"CCO_P0_CUSTOM_BATTLE","sessionId":"98c014a5-8c8c-4ed9-aa0c-7e57a45dd48c","staticSnapshotId":"c7bd67f50bb4df4f16254e5e9615324e615debf434c865de014e77e4483471e5","unitSize":"MEDIUM","unitSizeSource":"DECLARED_SETUP"},"runId":"snapshot-1","sequence":25,"sessionId":"98c014a5-8c8c-4ed9-aa0c-7e57a45dd48c:table: 000000046C6B0888:<35.4s>:1790858880:5134.32421875","timestamp":{"status":"VALUE","value":22300}}
<35.4s><22300ms> WH3_RUNTIME_PROBE|{"data":{"fields":{"EntityRecordContext.Key":{"status":"VALUE","value":"wh_dlc04_infantry_free_company_blood_dismembers"},"IsAlive":{"status":"VALUE","value":true},"IsEngine":{"status":"VALUE","value":false},"IsMan":{"status":"VALUE","value":true},"IsReloading":{"status":"VALUE","value":true},"Key":{"status":"VALUE","value":"wh_dlc04_infantry_free_company_blood_dismembers"},"Position":{"status":"VALUE","value":[-49.346431732178,527.8359375,7.5442891120911,0]},"ReloadPercent":{"status":"VALUE","value":0.42222231626511},"ReloadRemainingTime":{"status":"VALUE","value":5.199999332428},"UnitContext.UniqueUiId":{"status":"VALUE","value":1007}},"index":22,"list":"ManList","mode":"SNAPSHOT","sample":0},"format":"warhammer-vault-cco-probe-v1","kind":"ENTITY","metadata":{"gameVersion":"9.0.2.0","gameVersionSource":"INSTALLER_EXE_VERSION","scenarioId":"CCO_P0_CUSTOM_BATTLE","sessionId":"98c014a5-8c8c-4ed9-aa0c-7e57a45dd48c","staticSnapshotId":"c7bd67f50bb4df4f16254e5e9615324e615debf434c865de014e77e4483471e5","unitSize":"MEDIUM","unitSizeSource":"DECLARED_SETUP"},"runId":"snapshot-1","sequence":26,"sessionId":"98c014a5-8c8c-4ed9-aa0c-7e57a45dd48c:table: 000000046C6B0888:<35.4s>:1790858880:5134.32421875","timestamp":{"status":"VALUE","value":22300}}
<35.4s><22300ms> WH3_RUNTIME_PROBE|{"data":{"fields":{"EntityRecordContext.Key":{"status":"VALUE","value":"wh_dlc04_infantry_free_company_blood_dismembers"},"IsAlive":{"status":"VALUE","value":true},"IsEngine":{"status":"VALUE","value":false},"IsMan":{"status":"VALUE","value":true},"IsReloading":{"status":"VALUE","value":true},"Key":{"status":"VALUE","value":"wh_dlc04_infantry_free_company_blood_dismembers"},"Position":{"status":"VALUE","value":[-51.365821838379,526.74780273438,-4.5388584136963,0]},"ReloadPercent":{"status":"VALUE","value":0.44444447755814},"ReloadRemainingTime":{"status":"VALUE","value":4.9999995231628},"UnitContext.UniqueUiId":{"status":"VALUE","value":1007}},"index":23,"list":"ManList","mode":"SNAPSHOT","sample":0},"format":"warhammer-vault-cco-probe-v1","kind":"ENTITY","metadata":{"gameVersion":"9.0.2.0","gameVersionSource":"INSTALLER_EXE_VERSION","scenarioId":"CCO_P0_CUSTOM_BATTLE","sessionId":"98c014a5-8c8c-4ed9-aa0c-7e57a45dd48c","staticSnapshotId":"c7bd67f50bb4df4f16254e5e9615324e615debf434c865de014e77e4483471e5","unitSize":"MEDIUM","unitSizeSource":"DECLARED_SETUP"},"runId":"snapshot-1","sequence":27,"sessionId":"98c014a5-8c8c-4ed9-aa0c-7e57a45dd48c:table: 000000046C6B0888:<35.4s>:1790858880:5134.32421875","timestamp":{"status":"VALUE","value":22300}}
<35.4s><22300ms> WH3_RUNTIME_PROBE|{"data":{"fields":{"EntityRecordContext.Key":{"status":"VALUE","value":"wh_dlc04_infantry_free_company_blood_dismembers"},"IsAlive":{"status":"VALUE","value":true},"IsEngine":{"status":"VALUE","value":false},"IsMan":{"status":"VALUE","value":true},"IsReloading":{"status":"VALUE","value":false},"Key":{"status":"VALUE","value":"wh_dlc04_infantry_free_company_blood_dismembers"},"Position":{"status":"VALUE","value":[-48.957332611084,527.97387695313,9.0979661941528,0]},"ReloadPercent":{"status":"VALUE","value":1},"ReloadRemainingTime":{"status":"VALUE","value":0},"UnitContext.UniqueUiId":{"status":"VALUE","value":1007}},"index":24,"list":"ManList","mode":"SNAPSHOT","sample":0},"format":"warhammer-vault-cco-probe-v1","kind":"ENTITY","metadata":{"gameVersion":"9.0.2.0","gameVersionSource":"INSTALLER_EXE_VERSION","scenarioId":"CCO_P0_CUSTOM_BATTLE","sessionId":"98c014a5-8c8c-4ed9-aa0c-7e57a45dd48c","staticSnapshotId":"c7bd67f50bb4df4f16254e5e9615324e615debf434c865de014e77e4483471e5","unitSize":"MEDIUM","unitSizeSource":"DECLARED_SETUP"},"runId":"snapshot-1","sequence":28,"sessionId":"98c014a5-8c8c-4ed9-aa0c-7e57a45dd48c:table: 000000046C6B0888:<35.4s>:1790858880:5134.32421875","timestamp":{"status":"VALUE","value":22300}}
<35.4s><22300ms> WH3_RUNTIME_PROBE|{"data":{"fields":{"EntityRecordContext.Key":{"status":"VALUE","value":"wh_dlc04_infantry_free_company_blood_dismembers"},"IsAlive":{"status":"VALUE","value":true},"IsEngine":{"status":"VALUE","value":false},"IsMan":{"status":"VALUE","value":true},"IsReloading":{"status":"VALUE","value":true},"Key":{"status":"VALUE","value":"wh_dlc04_infantry_free_company_blood_dismembers"},"Position":{"status":"VALUE","value":[-51.607734680176,526.62286376953,-6.4003701210022,0]},"ReloadPercent":{"status":"VALUE","value":0.43333339691162},"ReloadRemainingTime":{"status":"VALUE","value":5.0999994277954},"UnitContext.UniqueUiId":{"status":"VALUE","value":1007}},"index":25,"list":"ManList","mode":"SNAPSHOT","sample":0},"format":"warhammer-vault-cco-probe-v1","kind":"ENTITY","metadata":{"gameVersion":"9.0.2.0","gameVersionSource":"INSTALLER_EXE_VERSION","scenarioId":"CCO_P0_CUSTOM_BATTLE","sessionId":"98c014a5-8c8c-4ed9-aa0c-7e57a45dd48c","staticSnapshotId":"c7bd67f50bb4df4f16254e5e9615324e615debf434c865de014e77e4483471e5","unitSize":"MEDIUM","unitSizeSource":"DECLARED_SETUP"},"runId":"snapshot-1","sequence":29,"sessionId":"98c014a5-8c8c-4ed9-aa0c-7e57a45dd48c:table: 000000046C6B0888:<35.4s>:1790858880:5134.32421875","timestamp":{"status":"VALUE","value":22300}}
<35.4s><22300ms> WH3_RUNTIME_PROBE|{"data":{"fields":{"EntityRecordContext.Key":{"status":"VALUE","value":"wh_dlc04_infantry_free_company_blood_dismembers"},"IsAlive":{"status":"VALUE","value":true},"IsEngine":{"status":"VALUE","value":false},"IsMan":{"status":"VALUE","value":true},"IsReloading":{"status":"VALUE","value":true},"Key":{"status":"VALUE","value":"wh_dlc04_infantry_free_company_blood_dismembers"},"Position":{"status":"VALUE","value":[-48.919044494629,528.11926269531,10.874157905579,0]},"ReloadPercent":{"status":"VALUE","value":0.43333339691162},"ReloadRemainingTime":{"status":"VALUE","value":5.0999994277954},"UnitContext.UniqueUiId":{"status":"VALUE","value":1007}},"index":26,"list":"ManList","mode":"SNAPSHOT","sample":0},"format":"warhammer-vault-cco-probe-v1","kind":"ENTITY","metadata":{"gameVersion":"9.0.2.0","gameVersionSource":"INSTALLER_EXE_VERSION","scenarioId":"CCO_P0_CUSTOM_BATTLE","sessionId":"98c014a5-8c8c-4ed9-aa0c-7e57a45dd48c","staticSnapshotId":"c7bd67f50bb4df4f16254e5e9615324e615debf434c865de014e77e4483471e5","unitSize":"MEDIUM","unitSizeSource":"DECLARED_SETUP"},"runId":"snapshot-1","sequence":30,"sessionId":"98c014a5-8c8c-4ed9-aa0c-7e57a45dd48c:table: 000000046C6B0888:<35.4s>:1790858880:5134.32421875","timestamp":{"status":"VALUE","value":22300}}
<35.4s><22300ms> WH3_RUNTIME_PROBE|{"data":{"fields":{"EntityRecordContext.Key":{"status":"VALUE","value":"wh_dlc04_infantry_free_company_blood_dismembers"},"IsAlive":{"status":"VALUE","value":true},"IsEngine":{"status":"VALUE","value":false},"IsMan":{"status":"VALUE","value":true},"IsReloading":{"status":"VALUE","value":true},"Key":{"status":"VALUE","value":"wh_dlc04_infantry_free_company_blood_dismembers"},"Position":{"status":"VALUE","value":[-52.033737182617,526.5654296875,-7.6417093276978,0]},"ReloadPercent":{"status":"VALUE","value":0.15555590391159},"ReloadRemainingTime":{"status":"VALUE","value":7.5999970436096},"UnitContext.UniqueUiId":{"status":"VALUE","value":1007}},"index":27,"list":"ManList","mode":"SNAPSHOT","sample":0},"format":"warhammer-vault-cco-probe-v1","kind":"ENTITY","metadata":{"gameVersion":"9.0.2.0","gameVersionSource":"INSTALLER_EXE_VERSION","scenarioId":"CCO_P0_CUSTOM_BATTLE","sessionId":"98c014a5-8c8c-4ed9-aa0c-7e57a45dd48c","staticSnapshotId":"c7bd67f50bb4df4f16254e5e9615324e615debf434c865de014e77e4483471e5","unitSize":"MEDIUM","unitSizeSource":"DECLARED_SETUP"},"runId":"snapshot-1","sequence":31,"sessionId":"98c014a5-8c8c-4ed9-aa0c-7e57a45dd48c:table: 000000046C6B0888:<35.4s>:1790858880:5134.32421875","timestamp":{"status":"VALUE","value":22300}}
<35.4s><22300ms> WH3_RUNTIME_PROBE|{"data":{"fields":{"EntityRecordContext.Key":{"status":"VALUE","value":"wh_dlc04_infantry_free_company_blood_dismembers"},"IsAlive":{"status":"VALUE","value":true},"IsEngine":{"status":"VALUE","value":false},"IsMan":{"status":"VALUE","value":true},"IsReloading":{"status":"VALUE","value":true},"Key":{"status":"VALUE","value":"wh_dlc04_infantry_free_company_blood_dismembers"},"Position":{"status":"VALUE","value":[-48.449356079102,528.21899414063,12.791007041931,0]},"ReloadPercent":{"status":"VALUE","value":0.077778100967407},"ReloadRemainingTime":{"status":"VALUE","value":8.2999973297119},"UnitContext.UniqueUiId":{"status":"VALUE","value":1007}},"index":28,"list":"ManList","mode":"SNAPSHOT","sample":0},"format":"warhammer-vault-cco-probe-v1","kind":"ENTITY","metadata":{"gameVersion":"9.0.2.0","gameVersionSource":"INSTALLER_EXE_VERSION","scenarioId":"CCO_P0_CUSTOM_BATTLE","sessionId":"98c014a5-8c8c-4ed9-aa0c-7e57a45dd48c","staticSnapshotId":"c7bd67f50bb4df4f16254e5e9615324e615debf434c865de014e77e4483471e5","unitSize":"MEDIUM","unitSizeSource":"DECLARED_SETUP"},"runId":"snapshot-1","sequence":32,"sessionId":"98c014a5-8c8c-4ed9-aa0c-7e57a45dd48c:table: 000000046C6B0888:<35.4s>:1790858880:5134.32421875","timestamp":{"status":"VALUE","value":22300}}
<35.4s><22300ms> WH3_RUNTIME_PROBE|{"data":{"fields":{"EntityRecordContext.Key":{"status":"VALUE","value":"wh_dlc04_infantry_free_company_blood_dismembers"},"IsAlive":{"status":"VALUE","value":true},"IsEngine":{"status":"VALUE","value":false},"IsMan":{"status":"VALUE","value":true},"IsReloading":{"status":"VALUE","value":true},"Key":{"status":"VALUE","value":"wh_dlc04_infantry_free_company_blood_dismembers"},"Position":{"status":"VALUE","value":[-52.585960388184,526.4990234375,-9.2311143875122,0]},"ReloadPercent":{"status":"VALUE","value":0.15555590391159},"ReloadRemainingTime":{"status":"VALUE","value":7.5999970436096},"UnitContext.UniqueUiId":{"status":"VALUE","value":1007}},"index":29,"list":"ManList","mode":"SNAPSHOT","sample":0},"format":"warhammer-vault-cco-probe-v1","kind":"ENTITY","metadata":{"gameVersion":"9.0.2.0","gameVersionSource":"INSTALLER_EXE_VERSION","scenarioId":"CCO_P0_CUSTOM_BATTLE","sessionId":"98c014a5-8c8c-4ed9-aa0c-7e57a45dd48c","staticSnapshotId":"c7bd67f50bb4df4f16254e5e9615324e615debf434c865de014e77e4483471e5","unitSize":"MEDIUM","unitSizeSource":"DECLARED_SETUP"},"runId":"snapshot-1","sequence":33,"sessionId":"98c014a5-8c8c-4ed9-aa0c-7e57a45dd48c:table: 000000046C6B0888:<35.4s>:1790858880:5134.32421875","timestamp":{"status":"VALUE","value":22300}}
<35.4s><22300ms> WH3_RUNTIME_PROBE|{"data":{"fields":{"EntityRecordContext.Key":{"status":"VALUE","value":"wh_dlc04_infantry_free_company_blood_dismembers"},"IsAlive":{"status":"VALUE","value":true},"IsEngine":{"status":"VALUE","value":false},"IsMan":{"status":"VALUE","value":true},"IsReloading":{"status":"VALUE","value":true},"Key":{"status":"VALUE","value":"wh_dlc04_infantry_free_company_blood_dismembers"},"Position":{"status":"VALUE","value":[-48.303108215332,527.05883789063,0.73831379413605,0]},"ReloadPercent":{"status":"VALUE","value":0.15555590391159},"ReloadRemainingTime":{"status":"VALUE","value":7.5999970436096},"UnitContext.UniqueUiId":{"status":"VALUE","value":1007}},"index":30,"list":"ManList","mode":"SNAPSHOT","sample":0},"format":"warhammer-vault-cco-probe-v1","kind":"ENTITY","metadata":{"gameVersion":"9.0.2.0","gameVersionSource":"INSTALLER_EXE_VERSION","scenarioId":"CCO_P0_CUSTOM_BATTLE","sessionId":"98c014a5-8c8c-4ed9-aa0c-7e57a45dd48c","staticSnapshotId":"c7bd67f50bb4df4f16254e5e9615324e615debf434c865de014e77e4483471e5","unitSize":"MEDIUM","unitSizeSource":"DECLARED_SETUP"},"runId":"snapshot-1","sequence":34,"sessionId":"98c014a5-8c8c-4ed9-aa0c-7e57a45dd48c:table: 000000046C6B0888:<35.4s>:1790858880:5134.32421875","timestamp":{"status":"VALUE","value":22300}}
<35.4s><22300ms> WH3_RUNTIME_PROBE|{"data":{"fields":{"EntityRecordContext.Key":{"status":"VALUE","value":"wh_dlc04_infantry_free_company_blood_dismembers"},"IsAlive":{"status":"VALUE","value":true},"IsEngine":{"status":"VALUE","value":false},"IsMan":{"status":"VALUE","value":true},"IsReloading":{"status":"VALUE","value":true},"Key":{"status":"VALUE","value":"wh_dlc04_infantry_free_company_blood_dismembers"},"Position":{"status":"VALUE","value":[-49.262050628662,527.01733398438,-0.13868935406208,0]},"ReloadPercent":{"status":"VALUE","value":0.15555590391159},"ReloadRemainingTime":{"status":"VALUE","value":7.5999970436096},"UnitContext.UniqueUiId":{"status":"VALUE","value":1007}},"index":31,"list":"ManList","mode":"SNAPSHOT","sample":0},"format":"warhammer-vault-cco-probe-v1","kind":"ENTITY","metadata":{"gameVersion":"9.0.2.0","gameVersionSource":"INSTALLER_EXE_VERSION","scenarioId":"CCO_P0_CUSTOM_BATTLE","sessionId":"98c014a5-8c8c-4ed9-aa0c-7e57a45dd48c","staticSnapshotId":"c7bd67f50bb4df4f16254e5e9615324e615debf434c865de014e77e4483471e5","unitSize":"MEDIUM","unitSizeSource":"DECLARED_SETUP"},"runId":"snapshot-1","sequence":35,"sessionId":"98c014a5-8c8c-4ed9-aa0c-7e57a45dd48c:table: 000000046C6B0888:<35.4s>:1790858880:5134.32421875","timestamp":{"status":"VALUE","value":22300}}
<35.4s><22300ms> WH3_RUNTIME_PROBE|{"data":{"fields":{"EntityRecordContext.Key":{"status":"VALUE","value":"wh_dlc04_infantry_free_company_blood_dismembers"},"IsAlive":{"status":"VALUE","value":true},"IsEngine":{"status":"VALUE","value":false},"IsMan":{"status":"VALUE","value":true},"IsReloading":{"status":"VALUE","value":true},"Key":{"status":"VALUE","value":"wh_dlc04_infantry_free_company_blood_dismembers"},"Position":{"status":"VALUE","value":[-48.740299224854,527.34729003906,3.1984367370605,0]},"ReloadPercent":{"status":"VALUE","value":0.46666669845581},"ReloadRemainingTime":{"status":"VALUE","value":4.7999997138977},"UnitContext.UniqueUiId":{"status":"VALUE","value":1007}},"index":32,"list":"ManList","mode":"SNAPSHOT","sample":0},"format":"warhammer-vault-cco-probe-v1","kind":"ENTITY","metadata":{"gameVersion":"9.0.2.0","gameVersionSource":"INSTALLER_EXE_VERSION","scenarioId":"CCO_P0_CUSTOM_BATTLE","sessionId":"98c014a5-8c8c-4ed9-aa0c-7e57a45dd48c","staticSnapshotId":"c7bd67f50bb4df4f16254e5e9615324e615debf434c865de014e77e4483471e5","unitSize":"MEDIUM","unitSizeSource":"DECLARED_SETUP"},"runId":"snapshot-1","sequence":36,"sessionId":"98c014a5-8c8c-4ed9-aa0c-7e57a45dd48c:table: 000000046C6B0888:<35.4s>:1790858880:5134.32421875","timestamp":{"status":"VALUE","value":22300}}
<35.4s><22300ms> WH3_RUNTIME_PROBE|{"data":{"fields":{"EntityRecordContext.Key":{"status":"VALUE","value":"wh_dlc04_infantry_free_company_blood_dismembers"},"IsAlive":{"status":"VALUE","value":true},"IsEngine":{"status":"VALUE","value":false},"IsMan":{"status":"VALUE","value":true},"IsReloading":{"status":"VALUE","value":true},"Key":{"status":"VALUE","value":"wh_dlc04_infantry_free_company_blood_dismembers"},"Position":{"status":"VALUE","value":[-49.314605712891,526.85046386719,-1.9033358097076,0]},"ReloadPercent":{"status":"VALUE","value":0.15555590391159},"ReloadRemainingTime":{"status":"VALUE","value":7.5999970436096},"UnitContext.UniqueUiId":{"status":"VALUE","value":1007}},"index":33,"list":"ManList","mode":"SNAPSHOT","sample":0},"format":"warhammer-vault-cco-probe-v1","kind":"ENTITY","metadata":{"gameVersion":"9.0.2.0","gameVersionSource":"INSTALLER_EXE_VERSION","scenarioId":"CCO_P0_CUSTOM_BATTLE","sessionId":"98c014a5-8c8c-4ed9-aa0c-7e57a45dd48c","staticSnapshotId":"c7bd67f50bb4df4f16254e5e9615324e615debf434c865de014e77e4483471e5","unitSize":"MEDIUM","unitSizeSource":"DECLARED_SETUP"},"runId":"snapshot-1","sequence":37,"sessionId":"98c014a5-8c8c-4ed9-aa0c-7e57a45dd48c:table: 000000046C6B0888:<35.4s>:1790858880:5134.32421875","timestamp":{"status":"VALUE","value":22300}}
<35.4s><22300ms> WH3_RUNTIME_PROBE|{"data":{"fields":{"EntityRecordContext.Key":{"status":"VALUE","value":"wh_dlc04_infantry_free_company_blood_dismembers"},"IsAlive":{"status":"VALUE","value":true},"IsEngine":{"status":"VALUE","value":false},"IsMan":{"status":"VALUE","value":true},"IsReloading":{"status":"VALUE","value":true},"Key":{"status":"VALUE","value":"wh_dlc04_infantry_free_company_blood_dismembers"},"Position":{"status":"VALUE","value":[-48.552398681641,527.48376464844,4.4841117858887,0]},"ReloadPercent":{"status":"VALUE","value":0.15555590391159},"ReloadRemainingTime":{"status":"VALUE","value":7.5999970436096},"UnitContext.UniqueUiId":{"status":"VALUE","value":1007}},"index":34,"list":"ManList","mode":"SNAPSHOT","sample":0},"format":"warhammer-vault-cco-probe-v1","kind":"ENTITY","metadata":{"gameVersion":"9.0.2.0","gameVersionSource":"INSTALLER_EXE_VERSION","scenarioId":"CCO_P0_CUSTOM_BATTLE","sessionId":"98c014a5-8c8c-4ed9-aa0c-7e57a45dd48c","staticSnapshotId":"c7bd67f50bb4df4f16254e5e9615324e615debf434c865de014e77e4483471e5","unitSize":"MEDIUM","unitSizeSource":"DECLARED_SETUP"},"runId":"snapshot-1","sequence":38,"sessionId":"98c014a5-8c8c-4ed9-aa0c-7e57a45dd48c:table: 000000046C6B0888:<35.4s>:1790858880:5134.32421875","timestamp":{"status":"VALUE","value":22300}}
<35.4s><22300ms> WH3_RUNTIME_PROBE|{"data":{"fields":{"EntityRecordContext.Key":{"status":"VALUE","value":"wh_dlc04_infantry_free_company_blood_dismembers"},"IsAlive":{"status":"VALUE","value":true},"IsEngine":{"status":"VALUE","value":false},"IsMan":{"status":"VALUE","value":true},"IsReloading":{"status":"VALUE","value":true},"Key":{"status":"VALUE","value":"wh_dlc04_infantry_free_company_blood_dismembers"},"Position":{"status":"VALUE","value":[-49.79220199585,526.71856689453,-3.7222278118134,0]},"ReloadPercent":{"status":"VALUE","value":0.15555590391159},"ReloadRemainingTime":{"status":"VALUE","value":7.5999970436096},"UnitContext.UniqueUiId":{"status":"VALUE","value":1007}},"index":35,"list":"ManList","mode":"SNAPSHOT","sample":0},"format":"warhammer-vault-cco-probe-v1","kind":"ENTITY","metadata":{"gameVersion":"9.0.2.0","gameVersionSource":"INSTALLER_EXE_VERSION","scenarioId":"CCO_P0_CUSTOM_BATTLE","sessionId":"98c014a5-8c8c-4ed9-aa0c-7e57a45dd48c","staticSnapshotId":"c7bd67f50bb4df4f16254e5e9615324e615debf434c865de014e77e4483471e5","unitSize":"MEDIUM","unitSizeSource":"DECLARED_SETUP"},"runId":"snapshot-1","sequence":39,"sessionId":"98c014a5-8c8c-4ed9-aa0c-7e57a45dd48c:table: 000000046C6B0888:<35.4s>:1790858880:5134.32421875","timestamp":{"status":"VALUE","value":22300}}
<35.4s><22300ms> WH3_RUNTIME_PROBE|{"data":{"fields":{"EntityRecordContext.Key":{"status":"VALUE","value":"wh_dlc04_infantry_free_company_blood_dismembers"},"IsAlive":{"status":"VALUE","value":true},"IsEngine":{"status":"VALUE","value":false},"IsMan":{"status":"VALUE","value":true},"IsReloading":{"status":"VALUE","value":true},"Key":{"status":"VALUE","value":"wh_dlc04_infantry_free_company_blood_dismembers"},"Position":{"status":"VALUE","value":[-47.802047729492,527.62072753906,5.9650731086731,0]},"ReloadPercent":{"status":"VALUE","value":0.46666669845581},"ReloadRemainingTime":{"status":"VALUE","value":4.7999997138977},"UnitContext.UniqueUiId":{"status":"VALUE","value":1007}},"index":36,"list":"ManList","mode":"SNAPSHOT","sample":0},"format":"warhammer-vault-cco-probe-v1","kind":"ENTITY","metadata":{"gameVersion":"9.0.2.0","gameVersionSource":"INSTALLER_EXE_VERSION","scenarioId":"CCO_P0_CUSTOM_BATTLE","sessionId":"98c014a5-8c8c-4ed9-aa0c-7e57a45dd48c","staticSnapshotId":"c7bd67f50bb4df4f16254e5e9615324e615debf434c865de014e77e4483471e5","unitSize":"MEDIUM","unitSizeSource":"DECLARED_SETUP"},"runId":"snapshot-1","sequence":40,"sessionId":"98c014a5-8c8c-4ed9-aa0c-7e57a45dd48c:table: 000000046C6B0888:<35.4s>:1790858880:5134.32421875","timestamp":{"status":"VALUE","value":22300}}
<35.4s><22300ms> WH3_RUNTIME_PROBE|{"data":{"fields":{"EntityRecordContext.Key":{"status":"VALUE","value":"wh_dlc04_infantry_free_company_blood_dismembers"},"IsAlive":{"status":"VALUE","value":true},"IsEngine":{"status":"VALUE","value":false},"IsMan":{"status":"VALUE","value":true},"IsReloading":{"status":"VALUE","value":true},"Key":{"status":"VALUE","value":"wh_dlc04_infantry_free_company_blood_dismembers"},"Position":{"status":"VALUE","value":[-50.154537200928,526.63671875,-5.0094604492188,0]},"ReloadPercent":{"status":"VALUE","value":0.15555590391159},"ReloadRemainingTime":{"status":"VALUE","value":7.5999970436096},"UnitContext.UniqueUiId":{"status":"VALUE","value":1007}},"index":37,"list":"ManList","mode":"SNAPSHOT","sample":0},"format":"warhammer-vault-cco-probe-v1","kind":"ENTITY","metadata":{"gameVersion":"9.0.2.0","gameVersionSource":"INSTALLER_EXE_VERSION","scenarioId":"CCO_P0_CUSTOM_BATTLE","sessionId":"98c014a5-8c8c-4ed9-aa0c-7e57a45dd48c","staticSnapshotId":"c7bd67f50bb4df4f16254e5e9615324e615debf434c865de014e77e4483471e5","unitSize":"MEDIUM","unitSizeSource":"DECLARED_SETUP"},"runId":"snapshot-1","sequence":41,"sessionId":"98c014a5-8c8c-4ed9-aa0c-7e57a45dd48c:table: 000000046C6B0888:<35.4s>:1790858880:5134.32421875","timestamp":{"status":"VALUE","value":22300}}
<35.4s><22300ms> WH3_RUNTIME_PROBE|{"data":{"fields":{"EntityRecordContext.Key":{"status":"VALUE","value":"wh_dlc04_infantry_free_company_blood_dismembers"},"IsAlive":{"status":"VALUE","value":true},"IsEngine":{"status":"VALUE","value":false},"IsMan":{"status":"VALUE","value":true},"IsReloading":{"status":"VALUE","value":true},"Key":{"status":"VALUE","value":"wh_dlc04_infantry_free_company_blood_dismembers"},"Position":{"status":"VALUE","value":[-47.463409423828,527.73205566406,7.2310199737549,0]},"ReloadPercent":{"status":"VALUE","value":0.1222226023674},"ReloadRemainingTime":{"status":"VALUE","value":7.8999967575073},"UnitContext.UniqueUiId":{"status":"VALUE","value":1007}},"index":38,"list":"ManList","mode":"SNAPSHOT","sample":0},"format":"warhammer-vault-cco-probe-v1","kind":"ENTITY","metadata":{"gameVersion":"9.0.2.0","gameVersionSource":"INSTALLER_EXE_VERSION","scenarioId":"CCO_P0_CUSTOM_BATTLE","sessionId":"98c014a5-8c8c-4ed9-aa0c-7e57a45dd48c","staticSnapshotId":"c7bd67f50bb4df4f16254e5e9615324e615debf434c865de014e77e4483471e5","unitSize":"MEDIUM","unitSizeSource":"DECLARED_SETUP"},"runId":"snapshot-1","sequence":42,"sessionId":"98c014a5-8c8c-4ed9-aa0c-7e57a45dd48c:table: 000000046C6B0888:<35.4s>:1790858880:5134.32421875","timestamp":{"status":"VALUE","value":22300}}
<35.4s><22300ms> WH3_RUNTIME_PROBE|{"data":{"fields":{"EntityRecordContext.Key":{"status":"VALUE","value":"wh_dlc04_infantry_free_company_blood_dismembers"},"IsAlive":{"status":"VALUE","value":true},"IsEngine":{"status":"VALUE","value":false},"IsMan":{"status":"VALUE","value":true},"IsReloading":{"status":"VALUE","value":true},"Key":{"status":"VALUE","value":"wh_dlc04_infantry_free_company_blood_dismembers"},"Position":{"status":"VALUE","value":[-50.343215942383,526.51770019531,-6.7018890380859,0]},"ReloadPercent":{"status":"VALUE","value":0.46666669845581},"ReloadRemainingTime":{"status":"VALUE","value":4.7999997138977},"UnitContext.UniqueUiId":{"status":"VALUE","value":1007}},"index":39,"list":"ManList","mode":"SNAPSHOT","sample":0},"format":"warhammer-vault-cco-probe-v1","kind":"ENTITY","metadata":{"gameVersion":"9.0.2.0","gameVersionSource":"INSTALLER_EXE_VERSION","scenarioId":"CCO_P0_CUSTOM_BATTLE","sessionId":"98c014a5-8c8c-4ed9-aa0c-7e57a45dd48c","staticSnapshotId":"c7bd67f50bb4df4f16254e5e9615324e615debf434c865de014e77e4483471e5","unitSize":"MEDIUM","unitSizeSource":"DECLARED_SETUP"},"runId":"snapshot-1","sequence":43,"sessionId":"98c014a5-8c8c-4ed9-aa0c-7e57a45dd48c:table: 000000046C6B0888:<35.4s>:1790858880:5134.32421875","timestamp":{"status":"VALUE","value":22300}}
<35.4s><22300ms> WH3_RUNTIME_PROBE|{"data":{"fields":{"EntityRecordContext.Key":{"status":"VALUE","value":"wh_dlc04_infantry_free_company_blood_dismembers"},"IsAlive":{"status":"VALUE","value":true},"IsEngine":{"status":"VALUE","value":false},"IsMan":{"status":"VALUE","value":true},"IsReloading":{"status":"VALUE","value":true},"Key":{"status":"VALUE","value":"wh_dlc04_infantry_free_company_blood_dismembers"},"Position":{"status":"VALUE","value":[-47.665855407715,527.94586181641,9.3988027572632,0]},"ReloadPercent":{"status":"VALUE","value":0.15555590391159},"ReloadRemainingTime":{"status":"VALUE","value":7.5999970436096},"UnitContext.UniqueUiId":{"status":"VALUE","value":1007}},"index":40,"list":"ManList","mode":"SNAPSHOT","sample":0},"format":"warhammer-vault-cco-probe-v1","kind":"ENTITY","metadata":{"gameVersion":"9.0.2.0","gameVersionSource":"INSTALLER_EXE_VERSION","scenarioId":"CCO_P0_CUSTOM_BATTLE","sessionId":"98c014a5-8c8c-4ed9-aa0c-7e57a45dd48c","staticSnapshotId":"c7bd67f50bb4df4f16254e5e9615324e615debf434c865de014e77e4483471e5","unitSize":"MEDIUM","unitSizeSource":"DECLARED_SETUP"},"runId":"snapshot-1","sequence":44,"sessionId":"98c014a5-8c8c-4ed9-aa0c-7e57a45dd48c:table: 000000046C6B0888:<35.4s>:1790858880:5134.32421875","timestamp":{"status":"VALUE","value":22300}}
<35.4s><22300ms> WH3_RUNTIME_PROBE|{"data":{"fields":{"EntityRecordContext.Key":{"status":"VALUE","value":"wh_dlc04_infantry_free_company_blood_dismembers"},"IsAlive":{"status":"VALUE","value":true},"IsEngine":{"status":"VALUE","value":false},"IsMan":{"status":"VALUE","value":true},"IsReloading":{"status":"VALUE","value":true},"Key":{"status":"VALUE","value":"wh_dlc04_infantry_free_company_blood_dismembers"},"Position":{"status":"VALUE","value":[-50.462825775146,526.42639160156,-8.0488862991333,0]},"ReloadPercent":{"status":"VALUE","value":0.43333339691162},"ReloadRemainingTime":{"status":"VALUE","value":5.0999994277954},"UnitContext.UniqueUiId":{"status":"VALUE","value":1007}},"index":41,"list":"ManList","mode":"SNAPSHOT","sample":0},"format":"warhammer-vault-cco-probe-v1","kind":"ENTITY","metadata":{"gameVersion":"9.0.2.0","gameVersionSource":"INSTALLER_EXE_VERSION","scenarioId":"CCO_P0_CUSTOM_BATTLE","sessionId":"98c014a5-8c8c-4ed9-aa0c-7e57a45dd48c","staticSnapshotId":"c7bd67f50bb4df4f16254e5e9615324e615debf434c865de014e77e4483471e5","unitSize":"MEDIUM","unitSizeSource":"DECLARED_SETUP"},"runId":"snapshot-1","sequence":45,"sessionId":"98c014a5-8c8c-4ed9-aa0c-7e57a45dd48c:table: 000000046C6B0888:<35.4s>:1790858880:5134.32421875","timestamp":{"status":"VALUE","value":22300}}
<35.4s><22300ms> WH3_RUNTIME_PROBE|{"data":{"fields":{"EntityRecordContext.Key":{"status":"VALUE","value":"wh_dlc04_infantry_free_company_blood_dismembers"},"IsAlive":{"status":"VALUE","value":true},"IsEngine":{"status":"VALUE","value":false},"IsMan":{"status":"VALUE","value":true},"IsReloading":{"status":"VALUE","value":true},"Key":{"status":"VALUE","value":"wh_dlc04_infantry_free_company_blood_dismembers"},"Position":{"status":"VALUE","value":[-47.028190612793,528.00744628906,10.531680107117,0]},"ReloadPercent":{"status":"VALUE","value":0.13333368301392},"ReloadRemainingTime":{"status":"VALUE","value":7.7999968528748},"UnitContext.UniqueUiId":{"status":"VALUE","value":1007}},"index":42,"list":"ManList","mode":"SNAPSHOT","sample":0},"format":"warhammer-vault-cco-probe-v1","kind":"ENTITY","metadata":{"gameVersion":"9.0.2.0","gameVersionSource":"INSTALLER_EXE_VERSION","scenarioId":"CCO_P0_CUSTOM_BATTLE","sessionId":"98c014a5-8c8c-4ed9-aa0c-7e57a45dd48c","staticSnapshotId":"c7bd67f50bb4df4f16254e5e9615324e615debf434c865de014e77e4483471e5","unitSize":"MEDIUM","unitSizeSource":"DECLARED_SETUP"},"runId":"snapshot-1","sequence":46,"sessionId":"98c014a5-8c8c-4ed9-aa0c-7e57a45dd48c:table: 000000046C6B0888:<35.4s>:1790858880:5134.32421875","timestamp":{"status":"VALUE","value":22300}}
<35.4s><22300ms> WH3_RUNTIME_PROBE|{"data":{"fields":{"EntityRecordContext.Key":{"status":"VALUE","value":"wh_dlc04_infantry_free_company_blood_dismembers"},"IsAlive":{"status":"VALUE","value":true},"IsEngine":{"status":"VALUE","value":false},"IsMan":{"status":"VALUE","value":true},"IsReloading":{"status":"VALUE","value":true},"Key":{"status":"VALUE","value":"wh_dlc04_infantry_free_company_blood_dismembers"},"Position":{"status":"VALUE","value":[-50.721405029297,526.32940673828,-9.7701435089111,0]},"ReloadPercent":{"status":"VALUE","value":0.35555571317673},"ReloadRemainingTime":{"status":"VALUE","value":5.7999987602234},"UnitContext.UniqueUiId":{"status":"VALUE","value":1007}},"index":43,"list":"ManList","mode":"SNAPSHOT","sample":0},"format":"warhammer-vault-cco-probe-v1","kind":"ENTITY","metadata":{"gameVersion":"9.0.2.0","gameVersionSource":"INSTALLER_EXE_VERSION","scenarioId":"CCO_P0_CUSTOM_BATTLE","sessionId":"98c014a5-8c8c-4ed9-aa0c-7e57a45dd48c","staticSnapshotId":"c7bd67f50bb4df4f16254e5e9615324e615debf434c865de014e77e4483471e5","unitSize":"MEDIUM","unitSizeSource":"DECLARED_SETUP"},"runId":"snapshot-1","sequence":47,"sessionId":"98c014a5-8c8c-4ed9-aa0c-7e57a45dd48c:table: 000000046C6B0888:<35.4s>:1790858880:5134.32421875","timestamp":{"status":"VALUE","value":22300}}
<35.4s><22300ms> WH3_RUNTIME_PROBE|{"data":{"fields":{"EntityRecordContext.Key":{"status":"VALUE","value":"wh_dlc04_infantry_free_company_blood_dismembers"},"IsAlive":{"status":"VALUE","value":true},"IsEngine":{"status":"VALUE","value":false},"IsMan":{"status":"VALUE","value":true},"IsReloading":{"status":"VALUE","value":true},"Key":{"status":"VALUE","value":"wh_dlc04_infantry_free_company_blood_dismembers"},"Position":{"status":"VALUE","value":[-46.841556549072,528.11267089844,12.250021934509,0]},"ReloadPercent":{"status":"VALUE","value":0.11111146211624},"ReloadRemainingTime":{"status":"VALUE","value":7.9999966621399},"UnitContext.UniqueUiId":{"status":"VALUE","value":1007}},"index":44,"list":"ManList","mode":"SNAPSHOT","sample":0},"format":"warhammer-vault-cco-probe-v1","kind":"ENTITY","metadata":{"gameVersion":"9.0.2.0","gameVersionSource":"INSTALLER_EXE_VERSION","scenarioId":"CCO_P0_CUSTOM_BATTLE","sessionId":"98c014a5-8c8c-4ed9-aa0c-7e57a45dd48c","staticSnapshotId":"c7bd67f50bb4df4f16254e5e9615324e615debf434c865de014e77e4483471e5","unitSize":"MEDIUM","unitSizeSource":"DECLARED_SETUP"},"runId":"snapshot-1","sequence":48,"sessionId":"98c014a5-8c8c-4ed9-aa0c-7e57a45dd48c:table: 000000046C6B0888:<35.4s>:1790858880:5134.32421875","timestamp":{"status":"VALUE","value":22300}}
<35.4s><22300ms> WH3_RUNTIME_PROBE|{"data":{"fields":{"EntityRecordContext.Key":{"status":"VALUE","value":"wh_dlc04_infantry_free_company_blood_dismembers"},"IsAlive":{"status":"VALUE","value":true},"IsEngine":{"status":"VALUE","value":false},"IsMan":{"status":"VALUE","value":true},"IsReloading":{"status":"VALUE","value":true},"Key":{"status":"VALUE","value":"wh_dlc04_infantry_free_company_blood_dismembers"},"Position":{"status":"VALUE","value":[-47.020877838135,526.96673583984,0.5270990729332,0]},"ReloadPercent":{"status":"VALUE","value":0.15555590391159},"ReloadRemainingTime":{"status":"VALUE","value":7.5999970436096},"UnitContext.UniqueUiId":{"status":"VALUE","value":1007}},"index":45,"list":"ManList","mode":"SNAPSHOT","sample":0},"format":"warhammer-vault-cco-probe-v1","kind":"ENTITY","metadata":{"gameVersion":"9.0.2.0","gameVersionSource":"INSTALLER_EXE_VERSION","scenarioId":"CCO_P0_CUSTOM_BATTLE","sessionId":"98c014a5-8c8c-4ed9-aa0c-7e57a45dd48c","staticSnapshotId":"c7bd67f50bb4df4f16254e5e9615324e615debf434c865de014e77e4483471e5","unitSize":"MEDIUM","unitSizeSource":"DECLARED_SETUP"},"runId":"snapshot-1","sequence":49,"sessionId":"98c014a5-8c8c-4ed9-aa0c-7e57a45dd48c:table: 000000046C6B0888:<35.4s>:1790858880:5134.32421875","timestamp":{"status":"VALUE","value":22300}}
<35.4s><22300ms> WH3_RUNTIME_PROBE|{"data":{"fields":{"EntityRecordContext.Key":{"status":"VALUE","value":"wh_dlc04_infantry_free_company_blood_dismembers"},"IsAlive":{"status":"VALUE","value":true},"IsEngine":{"status":"VALUE","value":false},"IsMan":{"status":"VALUE","value":true},"IsReloading":{"status":"VALUE","value":true},"Key":{"status":"VALUE","value":"wh_dlc04_infantry_free_company_blood_dismembers"},"Position":{"status":"VALUE","value":[-47.012214660645,527.1904296875,2.5422840118408,0]},"ReloadPercent":{"status":"VALUE","value":0.01111114025116},"ReloadRemainingTime":{"status":"VALUE","value":8.8999996185303},"UnitContext.UniqueUiId":{"status":"VALUE","value":1007}},"index":46,"list":"ManList","mode":"SNAPSHOT","sample":0},"format":"warhammer-vault-cco-probe-v1","kind":"ENTITY","metadata":{"gameVersion":"9.0.2.0","gameVersionSource":"INSTALLER_EXE_VERSION","scenarioId":"CCO_P0_CUSTOM_BATTLE","sessionId":"98c014a5-8c8c-4ed9-aa0c-7e57a45dd48c","staticSnapshotId":"c7bd67f50bb4df4f16254e5e9615324e615debf434c865de014e77e4483471e5","unitSize":"MEDIUM","unitSizeSource":"DECLARED_SETUP"},"runId":"snapshot-1","sequence":50,"sessionId":"98c014a5-8c8c-4ed9-aa0c-7e57a45dd48c:table: 000000046C6B0888:<35.4s>:1790858880:5134.32421875","timestamp":{"status":"VALUE","value":22300}}
<35.4s><22300ms> WH3_RUNTIME_PROBE|{"data":{"fields":{"EntityRecordContext.Key":{"status":"VALUE","value":"wh_dlc04_infantry_free_company_blood_dismembers"},"IsAlive":{"status":"VALUE","value":true},"IsEngine":{"status":"VALUE","value":false},"IsMan":{"status":"VALUE","value":true},"IsReloading":{"status":"VALUE","value":true},"Key":{"status":"VALUE","value":"wh_dlc04_infantry_free_company_blood_dismembers"},"Position":{"status":"VALUE","value":[-46.845478057861,526.78735351563,-1.0732171535492,0]},"ReloadPercent":{"status":"VALUE","value":0.15555590391159},"ReloadRemainingTime":{"status":"VALUE","value":7.5999970436096},"UnitContext.UniqueUiId":{"status":"VALUE","value":1007}},"index":47,"list":"ManList","mode":"SNAPSHOT","sample":0},"format":"warhammer-vault-cco-probe-v1","kind":"ENTITY","metadata":{"gameVersion":"9.0.2.0","gameVersionSource":"INSTALLER_EXE_VERSION","scenarioId":"CCO_P0_CUSTOM_BATTLE","sessionId":"98c014a5-8c8c-4ed9-aa0c-7e57a45dd48c","staticSnapshotId":"c7bd67f50bb4df4f16254e5e9615324e615debf434c865de014e77e4483471e5","unitSize":"MEDIUM","unitSizeSource":"DECLARED_SETUP"},"runId":"snapshot-1","sequence":51,"sessionId":"98c014a5-8c8c-4ed9-aa0c-7e57a45dd48c:table: 000000046C6B0888:<35.4s>:1790858880:5134.32421875","timestamp":{"status":"VALUE","value":22300}}
<35.4s><22300ms> WH3_RUNTIME_PROBE|{"data":{"fields":{"EntityRecordContext.Key":{"status":"VALUE","value":"wh_dlc04_infantry_free_company_blood_dismembers"},"IsAlive":{"status":"VALUE","value":true},"IsEngine":{"status":"VALUE","value":false},"IsMan":{"status":"VALUE","value":true},"IsReloading":{"status":"VALUE","value":true},"Key":{"status":"VALUE","value":"wh_dlc04_infantry_free_company_blood_dismembers"},"Position":{"status":"VALUE","value":[-46.9733543396,527.33435058594,3.8442399501801,0]},"ReloadPercent":{"status":"VALUE","value":0.11111146211624},"ReloadRemainingTime":{"status":"VALUE","value":7.9999966621399},"UnitContext.UniqueUiId":{"status":"VALUE","value":1007}},"index":48,"list":"ManList","mode":"SNAPSHOT","sample":0},"format":"warhammer-vault-cco-probe-v1","kind":"ENTITY","metadata":{"gameVersion":"9.0.2.0","gameVersionSource":"INSTALLER_EXE_VERSION","scenarioId":"CCO_P0_CUSTOM_BATTLE","sessionId":"98c014a5-8c8c-4ed9-aa0c-7e57a45dd48c","staticSnapshotId":"c7bd67f50bb4df4f16254e5e9615324e615debf434c865de014e77e4483471e5","unitSize":"MEDIUM","unitSizeSource":"DECLARED_SETUP"},"runId":"snapshot-1","sequence":52,"sessionId":"98c014a5-8c8c-4ed9-aa0c-7e57a45dd48c:table: 000000046C6B0888:<35.4s>:1790858880:5134.32421875","timestamp":{"status":"VALUE","value":22300}}
<35.4s><22300ms> WH3_RUNTIME_PROBE|{"data":{"fields":{"EntityRecordContext.Key":{"status":"VALUE","value":"wh_dlc04_infantry_free_company_blood_dismembers"},"IsAlive":{"status":"VALUE","value":true},"IsEngine":{"status":"VALUE","value":false},"IsMan":{"status":"VALUE","value":true},"IsReloading":{"status":"VALUE","value":true},"Key":{"status":"VALUE","value":"wh_dlc04_infantry_free_company_blood_dismembers"},"Position":{"status":"VALUE","value":[-47.890064239502,526.71862792969,-2.3995838165283,0]},"ReloadPercent":{"status":"VALUE","value":0.15555590391159},"ReloadRemainingTime":{"status":"VALUE","value":7.5999970436096},"UnitContext.UniqueUiId":{"status":"VALUE","value":1007}},"index":49,"list":"ManList","mode":"SNAPSHOT","sample":0},"format":"warhammer-vault-cco-probe-v1","kind":"ENTITY","metadata":{"gameVersion":"9.0.2.0","gameVersionSource":"INSTALLER_EXE_VERSION","scenarioId":"CCO_P0_CUSTOM_BATTLE","sessionId":"98c014a5-8c8c-4ed9-aa0c-7e57a45dd48c","staticSnapshotId":"c7bd67f50bb4df4f16254e5e9615324e615debf434c865de014e77e4483471e5","unitSize":"MEDIUM","unitSizeSource":"DECLARED_SETUP"},"runId":"snapshot-1","sequence":53,"sessionId":"98c014a5-8c8c-4ed9-aa0c-7e57a45dd48c:table: 000000046C6B0888:<35.4s>:1790858880:5134.32421875","timestamp":{"status":"VALUE","value":22300}}
<35.4s><22300ms> WH3_RUNTIME_PROBE|{"data":{"fields":{"EntityRecordContext.Key":{"status":"VALUE","value":"wh_dlc04_infantry_free_company_blood_dismembers"},"IsAlive":{"status":"VALUE","value":true},"IsEngine":{"status":"VALUE","value":false},"IsMan":{"status":"VALUE","value":true},"IsReloading":{"status":"VALUE","value":true},"Key":{"status":"VALUE","value":"wh_dlc04_infantry_free_company_blood_dismembers"},"Position":{"status":"VALUE","value":[-46.051307678223,527.44696044922,5.3539309501648,0]},"ReloadPercent":{"status":"VALUE","value":0.15555590391159},"ReloadRemainingTime":{"status":"VALUE","value":7.5999970436096},"UnitContext.UniqueUiId":{"status":"VALUE","value":1007}},"index":50,"list":"ManList","mode":"SNAPSHOT","sample":0},"format":"warhammer-vault-cco-probe-v1","kind":"ENTITY","metadata":{"gameVersion":"9.0.2.0","gameVersionSource":"INSTALLER_EXE_VERSION","scenarioId":"CCO_P0_CUSTOM_BATTLE","sessionId":"98c014a5-8c8c-4ed9-aa0c-7e57a45dd48c","staticSnapshotId":"c7bd67f50bb4df4f16254e5e9615324e615debf434c865de014e77e4483471e5","unitSize":"MEDIUM","unitSizeSource":"DECLARED_SETUP"},"runId":"snapshot-1","sequence":54,"sessionId":"98c014a5-8c8c-4ed9-aa0c-7e57a45dd48c:table: 000000046C6B0888:<35.4s>:1790858880:5134.32421875","timestamp":{"status":"VALUE","value":22300}}
<35.4s><22300ms> WH3_RUNTIME_PROBE|{"data":{"fields":{"EntityRecordContext.Key":{"status":"VALUE","value":"wh_dlc04_infantry_free_company_blood_dismembers"},"IsAlive":{"status":"VALUE","value":true},"IsEngine":{"status":"VALUE","value":false},"IsMan":{"status":"VALUE","value":true},"IsReloading":{"status":"VALUE","value":true},"Key":{"status":"VALUE","value":"wh_dlc04_infantry_free_company_blood_dismembers"},"Position":{"status":"VALUE","value":[-47.792739868164,526.55578613281,-4.0736808776855,0]},"ReloadPercent":{"status":"VALUE","value":0.15555590391159},"ReloadRemainingTime":{"status":"VALUE","value":7.5999970436096},"UnitContext.UniqueUiId":{"status":"VALUE","value":1007}},"index":51,"list":"ManList","mode":"SNAPSHOT","sample":0},"format":"warhammer-vault-cco-probe-v1","kind":"ENTITY","metadata":{"gameVersion":"9.0.2.0","gameVersionSource":"INSTALLER_EXE_VERSION","scenarioId":"CCO_P0_CUSTOM_BATTLE","sessionId":"98c014a5-8c8c-4ed9-aa0c-7e57a45dd48c","staticSnapshotId":"c7bd67f50bb4df4f16254e5e9615324e615debf434c865de014e77e4483471e5","unitSize":"MEDIUM","unitSizeSource":"DECLARED_SETUP"},"runId":"snapshot-1","sequence":55,"sessionId":"98c014a5-8c8c-4ed9-aa0c-7e57a45dd48c:table: 000000046C6B0888:<35.4s>:1790858880:5134.32421875","timestamp":{"status":"VALUE","value":22300}}
<35.4s><22300ms> WH3_RUNTIME_PROBE|{"data":{"fields":{"EntityRecordContext.Key":{"status":"VALUE","value":"wh_dlc04_infantry_free_company_blood_dismembers"},"IsAlive":{"status":"VALUE","value":true},"IsEngine":{"status":"VALUE","value":false},"IsMan":{"status":"VALUE","value":true},"IsReloading":{"status":"VALUE","value":true},"Key":{"status":"VALUE","value":"wh_dlc04_infantry_free_company_blood_dismembers"},"Position":{"status":"VALUE","value":[-46.211311340332,527.62084960938,6.8817729949951,0]},"ReloadPercent":{"status":"VALUE","value":0.44444447755814},"ReloadRemainingTime":{"status":"VALUE","value":4.9999995231628},"UnitContext.UniqueUiId":{"status":"VALUE","value":1007}},"index":52,"list":"ManList","mode":"SNAPSHOT","sample":0},"format":"warhammer-vault-cco-probe-v1","kind":"ENTITY","metadata":{"gameVersion":"9.0.2.0","gameVersionSource":"INSTALLER_EXE_VERSION","scenarioId":"CCO_P0_CUSTOM_BATTLE","sessionId":"98c014a5-8c8c-4ed9-aa0c-7e57a45dd48c","staticSnapshotId":"c7bd67f50bb4df4f16254e5e9615324e615debf434c865de014e77e4483471e5","unitSize":"MEDIUM","unitSizeSource":"DECLARED_SETUP"},"runId":"snapshot-1","sequence":56,"sessionId":"98c014a5-8c8c-4ed9-aa0c-7e57a45dd48c:table: 000000046C6B0888:<35.4s>:1790858880:5134.32421875","timestamp":{"status":"VALUE","value":22300}}
<35.4s><22300ms> WH3_RUNTIME_PROBE|{"data":{"fields":{"EntityRecordContext.Key":{"status":"VALUE","value":"wh_dlc04_infantry_free_company_blood_dismembers"},"IsAlive":{"status":"VALUE","value":true},"IsEngine":{"status":"VALUE","value":false},"IsMan":{"status":"VALUE","value":true},"IsReloading":{"status":"VALUE","value":true},"Key":{"status":"VALUE","value":"wh_dlc04_infantry_free_company_blood_dismembers"},"Position":{"status":"VALUE","value":[-48.549709320068,526.46978759766,-5.7029795646667,0]},"ReloadPercent":{"status":"VALUE","value":0.35555571317673},"ReloadRemainingTime":{"status":"VALUE","value":5.7999987602234},"UnitContext.UniqueUiId":{"status":"VALUE","value":1007}},"index":53,"list":"ManList","mode":"SNAPSHOT","sample":0},"format":"warhammer-vault-cco-probe-v1","kind":"ENTITY","metadata":{"gameVersion":"9.0.2.0","gameVersionSource":"INSTALLER_EXE_VERSION","scenarioId":"CCO_P0_CUSTOM_BATTLE","sessionId":"98c014a5-8c8c-4ed9-aa0c-7e57a45dd48c","staticSnapshotId":"c7bd67f50bb4df4f16254e5e9615324e615debf434c865de014e77e4483471e5","unitSize":"MEDIUM","unitSizeSource":"DECLARED_SETUP"},"runId":"snapshot-1","sequence":57,"sessionId":"98c014a5-8c8c-4ed9-aa0c-7e57a45dd48c:table: 000000046C6B0888:<35.4s>:1790858880:5134.32421875","timestamp":{"status":"VALUE","value":22300}}
<35.4s><22300ms> WH3_RUNTIME_PROBE|{"data":{"fields":{"EntityRecordContext.Key":{"status":"VALUE","value":"wh_dlc04_infantry_free_company_blood_dismembers"},"IsAlive":{"status":"VALUE","value":true},"IsEngine":{"status":"VALUE","value":false},"IsMan":{"status":"VALUE","value":true},"IsReloading":{"status":"VALUE","value":true},"Key":{"status":"VALUE","value":"wh_dlc04_infantry_free_company_blood_dismembers"},"Position":{"status":"VALUE","value":[-45.7158203125,527.76025390625,8.4740762710571,0]},"ReloadPercent":{"status":"VALUE","value":0.42222231626511},"ReloadRemainingTime":{"status":"VALUE","value":5.199999332428},"UnitContext.UniqueUiId":{"status":"VALUE","value":1007}},"index":54,"list":"ManList","mode":"SNAPSHOT","sample":0},"format":"warhammer-vault-cco-probe-v1","kind":"ENTITY","metadata":{"gameVersion":"9.0.2.0","gameVersionSource":"INSTALLER_EXE_VERSION","scenarioId":"CCO_P0_CUSTOM_BATTLE","sessionId":"98c014a5-8c8c-4ed9-aa0c-7e57a45dd48c","staticSnapshotId":"c7bd67f50bb4df4f16254e5e9615324e615debf434c865de014e77e4483471e5","unitSize":"MEDIUM","unitSizeSource":"DECLARED_SETUP"},"runId":"snapshot-1","sequence":58,"sessionId":"98c014a5-8c8c-4ed9-aa0c-7e57a45dd48c:table: 000000046C6B0888:<35.4s>:1790858880:5134.32421875","timestamp":{"status":"VALUE","value":22300}}
<35.4s><22300ms> WH3_RUNTIME_PROBE|{"data":{"fields":{"EntityRecordContext.Key":{"status":"VALUE","value":"wh_dlc04_infantry_free_company_blood_dismembers"},"IsAlive":{"status":"VALUE","value":true},"IsEngine":{"status":"VALUE","value":false},"IsMan":{"status":"VALUE","value":true},"IsReloading":{"status":"VALUE","value":true},"Key":{"status":"VALUE","value":"wh_dlc04_infantry_free_company_blood_dismembers"},"Position":{"status":"VALUE","value":[-48.299522399902,526.33251953125,-7.1935606002808,0]},"ReloadPercent":{"status":"VALUE","value":0.15555590391159},"ReloadRemainingTime":{"status":"VALUE","value":7.5999970436096},"UnitContext.UniqueUiId":{"status":"VALUE","value":1007}},"index":55,"list":"ManList","mode":"SNAPSHOT","sample":0},"format":"warhammer-vault-cco-probe-v1","kind":"ENTITY","metadata":{"gameVersion":"9.0.2.0","gameVersionSource":"INSTALLER_EXE_VERSION","scenarioId":"CCO_P0_CUSTOM_BATTLE","sessionId":"98c014a5-8c8c-4ed9-aa0c-7e57a45dd48c","staticSnapshotId":"c7bd67f50bb4df4f16254e5e9615324e615debf434c865de014e77e4483471e5","unitSize":"MEDIUM","unitSizeSource":"DECLARED_SETUP"},"runId":"snapshot-1","sequence":59,"sessionId":"98c014a5-8c8c-4ed9-aa0c-7e57a45dd48c:table: 000000046C6B0888:<35.4s>:1790858880:5134.32421875","timestamp":{"status":"VALUE","value":22300}}
<35.4s><22300ms> WH3_RUNTIME_PROBE|{"data":{"fields":{"EntityRecordContext.Key":{"status":"VALUE","value":"wh_dlc04_infantry_free_company_blood_dismembers"},"IsAlive":{"status":"VALUE","value":true},"IsEngine":{"status":"VALUE","value":false},"IsMan":{"status":"VALUE","value":true},"IsReloading":{"status":"VALUE","value":true},"Key":{"status":"VALUE","value":"wh_dlc04_infantry_free_company_blood_dismembers"},"Position":{"status":"VALUE","value":[-45.180938720703,527.91955566406,10.392966270447,0]},"ReloadPercent":{"status":"VALUE","value":0.44444447755814},"ReloadRemainingTime":{"status":"VALUE","value":4.9999995231628},"UnitContext.UniqueUiId":{"status":"VALUE","value":1007}},"index":56,"list":"ManList","mode":"SNAPSHOT","sample":0},"format":"warhammer-vault-cco-probe-v1","kind":"ENTITY","metadata":{"gameVersion":"9.0.2.0","gameVersionSource":"INSTALLER_EXE_VERSION","scenarioId":"CCO_P0_CUSTOM_BATTLE","sessionId":"98c014a5-8c8c-4ed9-aa0c-7e57a45dd48c","staticSnapshotId":"c7bd67f50bb4df4f16254e5e9615324e615debf434c865de014e77e4483471e5","unitSize":"MEDIUM","unitSizeSource":"DECLARED_SETUP"},"runId":"snapshot-1","sequence":60,"sessionId":"98c014a5-8c8c-4ed9-aa0c-7e57a45dd48c:table: 000000046C6B0888:<35.4s>:1790858880:5134.32421875","timestamp":{"status":"VALUE","value":22300}}
<35.4s><22300ms> WH3_RUNTIME_PROBE|{"data":{"fields":{"EntityRecordContext.Key":{"status":"VALUE","value":"wh_dlc04_infantry_free_company_blood_dismembers"},"IsAlive":{"status":"VALUE","value":true},"IsEngine":{"status":"VALUE","value":false},"IsMan":{"status":"VALUE","value":true},"IsReloading":{"status":"VALUE","value":true},"Key":{"status":"VALUE","value":"wh_dlc04_infantry_free_company_blood_dismembers"},"Position":{"status":"VALUE","value":[-48.971729278564,526.29748535156,-8.3062314987183,0]},"ReloadPercent":{"status":"VALUE","value":0.15555590391159},"ReloadRemainingTime":{"status":"VALUE","value":7.5999970436096},"UnitContext.UniqueUiId":{"status":"VALUE","value":1007}},"index":57,"list":"ManList","mode":"SNAPSHOT","sample":0},"format":"warhammer-vault-cco-probe-v1","kind":"ENTITY","metadata":{"gameVersion":"9.0.2.0","gameVersionSource":"INSTALLER_EXE_VERSION","scenarioId":"CCO_P0_CUSTOM_BATTLE","sessionId":"98c014a5-8c8c-4ed9-aa0c-7e57a45dd48c","staticSnapshotId":"c7bd67f50bb4df4f16254e5e9615324e615debf434c865de014e77e4483471e5","unitSize":"MEDIUM","unitSizeSource":"DECLARED_SETUP"},"runId":"snapshot-1","sequence":61,"sessionId":"98c014a5-8c8c-4ed9-aa0c-7e57a45dd48c:table: 000000046C6B0888:<35.4s>:1790858880:5134.32421875","timestamp":{"status":"VALUE","value":22300}}
<35.4s><22300ms> WH3_RUNTIME_PROBE|{"data":{"fields":{"EntityRecordContext.Key":{"status":"VALUE","value":"wh_dlc04_infantry_free_company_blood_dismembers"},"IsAlive":{"status":"VALUE","value":true},"IsEngine":{"status":"VALUE","value":false},"IsMan":{"status":"VALUE","value":true},"IsReloading":{"status":"VALUE","value":true},"Key":{"status":"VALUE","value":"wh_dlc04_infantry_free_company_blood_dismembers"},"Position":{"status":"VALUE","value":[-44.754070281982,527.99353027344,11.649361610413,0]},"ReloadPercent":{"status":"VALUE","value":0.088889241218567},"ReloadRemainingTime":{"status":"VALUE","value":8.1999969482422},"UnitContext.UniqueUiId":{"status":"VALUE","value":1007}},"index":58,"list":"ManList","mode":"SNAPSHOT","sample":0},"format":"warhammer-vault-cco-probe-v1","kind":"ENTITY","metadata":{"gameVersion":"9.0.2.0","gameVersionSource":"INSTALLER_EXE_VERSION","scenarioId":"CCO_P0_CUSTOM_BATTLE","sessionId":"98c014a5-8c8c-4ed9-aa0c-7e57a45dd48c","staticSnapshotId":"c7bd67f50bb4df4f16254e5e9615324e615debf434c865de014e77e4483471e5","unitSize":"MEDIUM","unitSizeSource":"DECLARED_SETUP"},"runId":"snapshot-1","sequence":62,"sessionId":"98c014a5-8c8c-4ed9-aa0c-7e57a45dd48c:table: 000000046C6B0888:<35.4s>:1790858880:5134.32421875","timestamp":{"status":"VALUE","value":22300}}
<35.4s><22300ms> WH3_RUNTIME_PROBE|{"data":{"fields":{"EntityRecordContext.Key":{"status":"VALUE","value":"wh_dlc04_infantry_free_company_blood_dismembers"},"IsAlive":{"status":"VALUE","value":true},"IsEngine":{"status":"VALUE","value":false},"IsMan":{"status":"VALUE","value":true},"IsReloading":{"status":"VALUE","value":true},"Key":{"status":"VALUE","value":"wh_dlc04_infantry_free_company_blood_dismembers"},"Position":{"status":"VALUE","value":[-48.908622741699,526.16534423828,-10.104699134827,0]},"ReloadPercent":{"status":"VALUE","value":0.15555590391159},"ReloadRemainingTime":{"status":"VALUE","value":7.5999970436096},"UnitContext.UniqueUiId":{"status":"VALUE","value":1007}},"index":59,"list":"ManList","mode":"SNAPSHOT","sample":0},"format":"warhammer-vault-cco-probe-v1","kind":"ENTITY","metadata":{"gameVersion":"9.0.2.0","gameVersionSource":"INSTALLER_EXE_VERSION","scenarioId":"CCO_P0_CUSTOM_BATTLE","sessionId":"98c014a5-8c8c-4ed9-aa0c-7e57a45dd48c","staticSnapshotId":"c7bd67f50bb4df4f16254e5e9615324e615debf434c865de014e77e4483471e5","unitSize":"MEDIUM","unitSizeSource":"DECLARED_SETUP"},"runId":"snapshot-1","sequence":63,"sessionId":"98c014a5-8c8c-4ed9-aa0c-7e57a45dd48c:table: 000000046C6B0888:<35.4s>:1790858880:5134.32421875","timestamp":{"status":"VALUE","value":22300}}
<35.4s><22300ms> WH3_RUNTIME_PROBE|{"data":{"complete":true,"list":"MountList","mode":"SNAPSHOT","sample":0,"size":{"status":"VALUE","value":0}},"format":"warhammer-vault-cco-probe-v1","kind":"COMPONENT_LIST","metadata":{"gameVersion":"9.0.2.0","gameVersionSource":"INSTALLER_EXE_VERSION","scenarioId":"CCO_P0_CUSTOM_BATTLE","sessionId":"98c014a5-8c8c-4ed9-aa0c-7e57a45dd48c","staticSnapshotId":"c7bd67f50bb4df4f16254e5e9615324e615debf434c865de014e77e4483471e5","unitSize":"MEDIUM","unitSizeSource":"DECLARED_SETUP"},"runId":"snapshot-1","sequence":64,"sessionId":"98c014a5-8c8c-4ed9-aa0c-7e57a45dd48c:table: 000000046C6B0888:<35.4s>:1790858880:5134.32421875","timestamp":{"status":"VALUE","value":22300}}
<35.4s><22300ms> WH3_RUNTIME_PROBE|{"data":{"complete":true,"list":"EngineList","mode":"SNAPSHOT","sample":0,"size":{"status":"VALUE","value":0}},"format":"warhammer-vault-cco-probe-v1","kind":"COMPONENT_LIST","metadata":{"gameVersion":"9.0.2.0","gameVersionSource":"INSTALLER_EXE_VERSION","scenarioId":"CCO_P0_CUSTOM_BATTLE","sessionId":"98c014a5-8c8c-4ed9-aa0c-7e57a45dd48c","staticSnapshotId":"c7bd67f50bb4df4f16254e5e9615324e615debf434c865de014e77e4483471e5","unitSize":"MEDIUM","unitSizeSource":"DECLARED_SETUP"},"runId":"snapshot-1","sequence":65,"sessionId":"98c014a5-8c8c-4ed9-aa0c-7e57a45dd48c:table: 000000046C6B0888:<35.4s>:1790858880:5134.32421875","timestamp":{"status":"VALUE","value":22300}}
<35.4s><22300ms> WH3_RUNTIME_PROBE|{"data":{"complete":true,"list":"EntityList","mode":"SNAPSHOT","sample":0,"size":{"status":"VALUE","value":60}},"format":"warhammer-vault-cco-probe-v1","kind":"COMPONENT_LIST","metadata":{"gameVersion":"9.0.2.0","gameVersionSource":"INSTALLER_EXE_VERSION","scenarioId":"CCO_P0_CUSTOM_BATTLE","sessionId":"98c014a5-8c8c-4ed9-aa0c-7e57a45dd48c","staticSnapshotId":"c7bd67f50bb4df4f16254e5e9615324e615debf434c865de014e77e4483471e5","unitSize":"MEDIUM","unitSizeSource":"DECLARED_SETUP"},"runId":"snapshot-1","sequence":66,"sessionId":"98c014a5-8c8c-4ed9-aa0c-7e57a45dd48c:table: 000000046C6B0888:<35.4s>:1790858880:5134.32421875","timestamp":{"status":"VALUE","value":22300}}
<35.4s><22300ms> WH3_RUNTIME_PROBE|{"data":{"fields":{"EntityRecordContext.Key":{"status":"VALUE","value":"wh_dlc04_infantry_free_company_blood_dismembers"},"IsAlive":{"status":"VALUE","value":true},"IsEngine":{"status":"VALUE","value":false},"IsMan":{"status":"VALUE","value":true},"IsReloading":{"status":"VALUE","value":true},"Key":{"status":"VALUE","value":"wh_dlc04_infantry_free_company_blood_dismembers"},"Position":{"status":"VALUE","value":[-52.605808258057,527.34405517578,1.8419549465179,0]},"ReloadPercent":{"status":"VALUE","value":0.15555590391159},"ReloadRemainingTime":{"status":"VALUE","value":7.5999970436096},"UnitContext.UniqueUiId":{"status":"VALUE","value":1007}},"index":0,"list":"EntityList","mode":"SNAPSHOT","sample":0},"format":"warhammer-vault-cco-probe-v1","kind":"ENTITY","metadata":{"gameVersion":"9.0.2.0","gameVersionSource":"INSTALLER_EXE_VERSION","scenarioId":"CCO_P0_CUSTOM_BATTLE","sessionId":"98c014a5-8c8c-4ed9-aa0c-7e57a45dd48c","staticSnapshotId":"c7bd67f50bb4df4f16254e5e9615324e615debf434c865de014e77e4483471e5","unitSize":"MEDIUM","unitSizeSource":"DECLARED_SETUP"},"runId":"snapshot-1","sequence":67,"sessionId":"98c014a5-8c8c-4ed9-aa0c-7e57a45dd48c:table: 000000046C6B0888:<35.4s>:1790858880:5134.32421875","timestamp":{"status":"VALUE","value":22300}}
<35.4s><22300ms> WH3_RUNTIME_PROBE|{"data":{"fields":{"EntityRecordContext.Key":{"status":"VALUE","value":"wh_dlc04_infantry_free_company_blood_dismembers"},"IsAlive":{"status":"VALUE","value":true},"IsEngine":{"status":"VALUE","value":false},"IsMan":{"status":"VALUE","value":true},"IsReloading":{"status":"VALUE","value":true},"Key":{"status":"VALUE","value":"wh_dlc04_infantry_free_company_blood_dismembers"},"Position":{"status":"VALUE","value":[-52.550701141357,527.20562744141,0.29146930575371,0]},"ReloadPercent":{"status":"VALUE","value":0.15555590391159},"ReloadRemainingTime":{"status":"VALUE","value":7.5999970436096},"UnitContext.UniqueUiId":{"status":"VALUE","value":1007}},"index":1,"list":"EntityList","mode":"SNAPSHOT","sample":0},"format":"warhammer-vault-cco-probe-v1","kind":"ENTITY","metadata":{"gameVersion":"9.0.2.0","gameVersionSource":"INSTALLER_EXE_VERSION","scenarioId":"CCO_P0_CUSTOM_BATTLE","sessionId":"98c014a5-8c8c-4ed9-aa0c-7e57a45dd48c","staticSnapshotId":"c7bd67f50bb4df4f16254e5e9615324e615debf434c865de014e77e4483471e5","unitSize":"MEDIUM","unitSizeSource":"DECLARED_SETUP"},"runId":"snapshot-1","sequence":68,"sessionId":"98c014a5-8c8c-4ed9-aa0c-7e57a45dd48c:table: 000000046C6B0888:<35.4s>:1790858880:5134.32421875","timestamp":{"status":"VALUE","value":22300}}
<35.4s><22300ms> WH3_RUNTIME_PROBE|{"data":{"fields":{"EntityRecordContext.Key":{"status":"VALUE","value":"wh_dlc04_infantry_free_company_blood_dismembers"},"IsAlive":{"status":"VALUE","value":true},"IsEngine":{"status":"VALUE","value":false},"IsMan":{"status":"VALUE","value":true},"IsReloading":{"status":"VALUE","value":true},"Key":{"status":"VALUE","value":"wh_dlc04_infantry_free_company_blood_dismembers"},"Position":{"status":"VALUE","value":[-51.841815948486,527.47155761719,3.4047660827637,0]},"ReloadPercent":{"status":"VALUE","value":0.15555590391159},"ReloadRemainingTime":{"status":"VALUE","value":7.5999970436096},"UnitContext.UniqueUiId":{"status":"VALUE","value":1007}},"index":2,"list":"EntityList","mode":"SNAPSHOT","sample":0},"format":"warhammer-vault-cco-probe-v1","kind":"ENTITY","metadata":{"gameVersion":"9.0.2.0","gameVersionSource":"INSTALLER_EXE_VERSION","scenarioId":"CCO_P0_CUSTOM_BATTLE","sessionId":"98c014a5-8c8c-4ed9-aa0c-7e57a45dd48c","staticSnapshotId":"c7bd67f50bb4df4f16254e5e9615324e615debf434c865de014e77e4483471e5","unitSize":"MEDIUM","unitSizeSource":"DECLARED_SETUP"},"runId":"snapshot-1","sequence":69,"sessionId":"98c014a5-8c8c-4ed9-aa0c-7e57a45dd48c:table: 000000046C6B0888:<35.4s>:1790858880:5134.32421875","timestamp":{"status":"VALUE","value":22300}}
<35.4s><22300ms> WH3_RUNTIME_PROBE|{"data":{"fields":{"EntityRecordContext.Key":{"status":"VALUE","value":"wh_dlc04_infantry_free_company_blood_dismembers"},"IsAlive":{"status":"VALUE","value":true},"IsEngine":{"status":"VALUE","value":false},"IsMan":{"status":"VALUE","value":true},"IsReloading":{"status":"VALUE","value":true},"Key":{"status":"VALUE","value":"wh_dlc04_infantry_free_company_blood_dismembers"},"Position":{"status":"VALUE","value":[-52.742012023926,527.09118652344,-1.1408680677414,0]},"ReloadPercent":{"status":"VALUE","value":0.15555590391159},"ReloadRemainingTime":{"status":"VALUE","value":7.5999970436096},"UnitContext.UniqueUiId":{"status":"VALUE","value":1007}},"index":3,"list":"EntityList","mode":"SNAPSHOT","sample":0},"format":"warhammer-vault-cco-probe-v1","kind":"ENTITY","metadata":{"gameVersion":"9.0.2.0","gameVersionSource":"INSTALLER_EXE_VERSION","scenarioId":"CCO_P0_CUSTOM_BATTLE","sessionId":"98c014a5-8c8c-4ed9-aa0c-7e57a45dd48c","staticSnapshotId":"c7bd67f50bb4df4f16254e5e9615324e615debf434c865de014e77e4483471e5","unitSize":"MEDIUM","unitSizeSource":"DECLARED_SETUP"},"runId":"snapshot-1","sequence":70,"sessionId":"98c014a5-8c8c-4ed9-aa0c-7e57a45dd48c:table: 000000046C6B0888:<35.4s>:1790858880:5134.32421875","timestamp":{"status":"VALUE","value":22300}}
<35.4s><22300ms> WH3_RUNTIME_PROBE|{"data":{"fields":{"EntityRecordContext.Key":{"status":"VALUE","value":"wh_dlc04_infantry_free_company_blood_dismembers"},"IsAlive":{"status":"VALUE","value":true},"IsEngine":{"status":"VALUE","value":false},"IsMan":{"status":"VALUE","value":true},"IsReloading":{"status":"VALUE","value":true},"Key":{"status":"VALUE","value":"wh_dlc04_infantry_free_company_blood_dismembers"},"Position":{"status":"VALUE","value":[-51.734600067139,527.61560058594,4.9443321228027,0]},"ReloadPercent":{"status":"VALUE","value":0.15555590391159},"ReloadRemainingTime":{"status":"VALUE","value":7.5999970436096},"UnitContext.UniqueUiId":{"status":"VALUE","value":1007}},"index":4,"list":"EntityList","mode":"SNAPSHOT","sample":0},"format":"warhammer-vault-cco-probe-v1","kind":"ENTITY","metadata":{"gameVersion":"9.0.2.0","gameVersionSource":"INSTALLER_EXE_VERSION","scenarioId":"CCO_P0_CUSTOM_BATTLE","sessionId":"98c014a5-8c8c-4ed9-aa0c-7e57a45dd48c","staticSnapshotId":"c7bd67f50bb4df4f16254e5e9615324e615debf434c865de014e77e4483471e5","unitSize":"MEDIUM","unitSizeSource":"DECLARED_SETUP"},"runId":"snapshot-1","sequence":71,"sessionId":"98c014a5-8c8c-4ed9-aa0c-7e57a45dd48c:table: 000000046C6B0888:<35.4s>:1790858880:5134.32421875","timestamp":{"status":"VALUE","value":22300}}
<35.4s><22300ms> WH3_RUNTIME_PROBE|{"data":{"fields":{"EntityRecordContext.Key":{"status":"VALUE","value":"wh_dlc04_infantry_free_company_blood_dismembers"},"IsAlive":{"status":"VALUE","value":true},"IsEngine":{"status":"VALUE","value":false},"IsMan":{"status":"VALUE","value":true},"IsReloading":{"status":"VALUE","value":true},"Key":{"status":"VALUE","value":"wh_dlc04_infantry_free_company_blood_dismembers"},"Position":{"status":"VALUE","value":[-53.217437744141,526.97717285156,-2.8291065692902,0]},"ReloadPercent":{"status":"VALUE","value":0.44444447755814},"ReloadRemainingTime":{"status":"VALUE","value":4.9999995231628},"UnitContext.UniqueUiId":{"status":"VALUE","value":1007}},"index":5,"list":"EntityList","mode":"SNAPSHOT","sample":0},"format":"warhammer-vault-cco-probe-v1","kind":"ENTITY","metadata":{"gameVersion":"9.0.2.0","gameVersionSource":"INSTALLER_EXE_VERSION","scenarioId":"CCO_P0_CUSTOM_BATTLE","sessionId":"98c014a5-8c8c-4ed9-aa0c-7e57a45dd48c","staticSnapshotId":"c7bd67f50bb4df4f16254e5e9615324e615debf434c865de014e77e4483471e5","unitSize":"MEDIUM","unitSizeSource":"DECLARED_SETUP"},"runId":"snapshot-1","sequence":72,"sessionId":"98c014a5-8c8c-4ed9-aa0c-7e57a45dd48c:table: 000000046C6B0888:<35.4s>:1790858880:5134.32421875","timestamp":{"status":"VALUE","value":22300}}
<35.4s><22300ms> WH3_RUNTIME_PROBE|{"data":{"fields":{"EntityRecordContext.Key":{"status":"VALUE","value":"wh_dlc04_infantry_free_company_blood_dismembers"},"IsAlive":{"status":"VALUE","value":true},"IsEngine":{"status":"VALUE","value":false},"IsMan":{"status":"VALUE","value":true},"IsReloading":{"status":"VALUE","value":true},"Key":{"status":"VALUE","value":"wh_dlc04_infantry_free_company_blood_dismembers"},"Position":{"status":"VALUE","value":[-51.047004699707,527.71301269531,6.0475463867188,0]},"ReloadPercent":{"status":"VALUE","value":0.13333368301392},"ReloadRemainingTime":{"status":"VALUE","value":7.7999968528748},"UnitContext.UniqueUiId":{"status":"VALUE","value":1007}},"index":6,"list":"EntityList","mode":"SNAPSHOT","sample":0},"format":"warhammer-vault-cco-probe-v1","kind":"ENTITY","metadata":{"gameVersion":"9.0.2.0","gameVersionSource":"INSTALLER_EXE_VERSION","scenarioId":"CCO_P0_CUSTOM_BATTLE","sessionId":"98c014a5-8c8c-4ed9-aa0c-7e57a45dd48c","staticSnapshotId":"c7bd67f50bb4df4f16254e5e9615324e615debf434c865de014e77e4483471e5","unitSize":"MEDIUM","unitSizeSource":"DECLARED_SETUP"},"runId":"snapshot-1","sequence":73,"sessionId":"98c014a5-8c8c-4ed9-aa0c-7e57a45dd48c:table: 000000046C6B0888:<35.4s>:1790858880:5134.32421875","timestamp":{"status":"VALUE","value":22300}}
<35.4s><22300ms> WH3_RUNTIME_PROBE|{"data":{"fields":{"EntityRecordContext.Key":{"status":"VALUE","value":"wh_dlc04_infantry_free_company_blood_dismembers"},"IsAlive":{"status":"VALUE","value":true},"IsEngine":{"status":"VALUE","value":false},"IsMan":{"status":"VALUE","value":true},"IsReloading":{"status":"VALUE","value":true},"Key":{"status":"VALUE","value":"wh_dlc04_infantry_free_company_blood_dismembers"},"Position":{"status":"VALUE","value":[-53.265247344971,526.85491943359,-4.5025792121887,0]},"ReloadPercent":{"status":"VALUE","value":0.15555590391159},"ReloadRemainingTime":{"status":"VALUE","value":7.5999970436096},"UnitContext.UniqueUiId":{"status":"VALUE","value":1007}},"index":7,"list":"EntityList","mode":"SNAPSHOT","sample":0},"format":"warhammer-vault-cco-probe-v1","kind":"ENTITY","metadata":{"gameVersion":"9.0.2.0","gameVersionSource":"INSTALLER_EXE_VERSION","scenarioId":"CCO_P0_CUSTOM_BATTLE","sessionId":"98c014a5-8c8c-4ed9-aa0c-7e57a45dd48c","staticSnapshotId":"c7bd67f50bb4df4f16254e5e9615324e615debf434c865de014e77e4483471e5","unitSize":"MEDIUM","unitSizeSource":"DECLARED_SETUP"},"runId":"snapshot-1","sequence":74,"sessionId":"98c014a5-8c8c-4ed9-aa0c-7e57a45dd48c:table: 000000046C6B0888:<35.4s>:1790858880:5134.32421875","timestamp":{"status":"VALUE","value":22300}}
<35.4s><22300ms> WH3_RUNTIME_PROBE|{"data":{"fields":{"EntityRecordContext.Key":{"status":"VALUE","value":"wh_dlc04_infantry_free_company_blood_dismembers"},"IsAlive":{"status":"VALUE","value":true},"IsEngine":{"status":"VALUE","value":false},"IsMan":{"status":"VALUE","value":true},"IsReloading":{"status":"VALUE","value":true},"Key":{"status":"VALUE","value":"wh_dlc04_infantry_free_company_blood_dismembers"},"Position":{"status":"VALUE","value":[-50.572658538818,527.89916992188,7.96879529953,0]},"ReloadPercent":{"status":"VALUE","value":0.15555590391159},"ReloadRemainingTime":{"status":"VALUE","value":7.5999970436096},"UnitContext.UniqueUiId":{"status":"VALUE","value":1007}},"index":8,"list":"EntityList","mode":"SNAPSHOT","sample":0},"format":"warhammer-vault-cco-probe-v1","kind":"ENTITY","metadata":{"gameVersion":"9.0.2.0","gameVersionSource":"INSTALLER_EXE_VERSION","scenarioId":"CCO_P0_CUSTOM_BATTLE","sessionId":"98c014a5-8c8c-4ed9-aa0c-7e57a45dd48c","staticSnapshotId":"c7bd67f50bb4df4f16254e5e9615324e615debf434c865de014e77e4483471e5","unitSize":"MEDIUM","unitSizeSource":"DECLARED_SETUP"},"runId":"snapshot-1","sequence":75,"sessionId":"98c014a5-8c8c-4ed9-aa0c-7e57a45dd48c:table: 000000046C6B0888:<35.4s>:1790858880:5134.32421875","timestamp":{"status":"VALUE","value":22300}}
<35.4s><22300ms> WH3_RUNTIME_PROBE|{"data":{"fields":{"EntityRecordContext.Key":{"status":"VALUE","value":"wh_dlc04_infantry_free_company_blood_dismembers"},"IsAlive":{"status":"VALUE","value":true},"IsEngine":{"status":"VALUE","value":false},"IsMan":{"status":"VALUE","value":true},"IsReloading":{"status":"VALUE","value":true},"Key":{"status":"VALUE","value":"wh_dlc04_infantry_free_company_blood_dismembers"},"Position":{"status":"VALUE","value":[-53.500686645508,526.71746826172,-6.6996369361877,0]},"ReloadPercent":{"status":"VALUE","value":0.15555590391159},"ReloadRemainingTime":{"status":"VALUE","value":7.5999970436096},"UnitContext.UniqueUiId":{"status":"VALUE","value":1007}},"index":9,"list":"EntityList","mode":"SNAPSHOT","sample":0},"format":"warhammer-vault-cco-probe-v1","kind":"ENTITY","metadata":{"gameVersion":"9.0.2.0","gameVersionSource":"INSTALLER_EXE_VERSION","scenarioId":"CCO_P0_CUSTOM_BATTLE","sessionId":"98c014a5-8c8c-4ed9-aa0c-7e57a45dd48c","staticSnapshotId":"c7bd67f50bb4df4f16254e5e9615324e615debf434c865de014e77e4483471e5","unitSize":"MEDIUM","unitSizeSource":"DECLARED_SETUP"},"runId":"snapshot-1","sequence":76,"sessionId":"98c014a5-8c8c-4ed9-aa0c-7e57a45dd48c:table: 000000046C6B0888:<35.4s>:1790858880:5134.32421875","timestamp":{"status":"VALUE","value":22300}}
<35.4s><22300ms> WH3_RUNTIME_PROBE|{"data":{"fields":{"EntityRecordContext.Key":{"status":"VALUE","value":"wh_dlc04_infantry_free_company_blood_dismembers"},"IsAlive":{"status":"VALUE","value":true},"IsEngine":{"status":"VALUE","value":false},"IsMan":{"status":"VALUE","value":true},"IsReloading":{"status":"VALUE","value":true},"Key":{"status":"VALUE","value":"wh_dlc04_infantry_free_company_blood_dismembers"},"Position":{"status":"VALUE","value":[-50.639842987061,528.02404785156,9.2629203796387,0]},"ReloadPercent":{"status":"VALUE","value":0.37777787446976},"ReloadRemainingTime":{"status":"VALUE","value":5.5999989509583},"UnitContext.UniqueUiId":{"status":"VALUE","value":1007}},"index":10,"list":"EntityList","mode":"SNAPSHOT","sample":0},"format":"warhammer-vault-cco-probe-v1","kind":"ENTITY","metadata":{"gameVersion":"9.0.2.0","gameVersionSource":"INSTALLER_EXE_VERSION","scenarioId":"CCO_P0_CUSTOM_BATTLE","sessionId":"98c014a5-8c8c-4ed9-aa0c-7e57a45dd48c","staticSnapshotId":"c7bd67f50bb4df4f16254e5e9615324e615debf434c865de014e77e4483471e5","unitSize":"MEDIUM","unitSizeSource":"DECLARED_SETUP"},"runId":"snapshot-1","sequence":77,"sessionId":"98c014a5-8c8c-4ed9-aa0c-7e57a45dd48c:table: 000000046C6B0888:<35.4s>:1790858880:5134.32421875","timestamp":{"status":"VALUE","value":22300}}
<35.4s><22300ms> WH3_RUNTIME_PROBE|{"data":{"fields":{"EntityRecordContext.Key":{"status":"VALUE","value":"wh_dlc04_infantry_free_company_blood_dismembers"},"IsAlive":{"status":"VALUE","value":true},"IsEngine":{"status":"VALUE","value":false},"IsMan":{"status":"VALUE","value":true},"IsReloading":{"status":"VALUE","value":true},"Key":{"status":"VALUE","value":"wh_dlc04_infantry_free_company_blood_dismembers"},"Position":{"status":"VALUE","value":[-54.002944946289,526.67291259766,-7.9051179885864,0]},"ReloadPercent":{"status":"VALUE","value":0.15555590391159},"ReloadRemainingTime":{"status":"VALUE","value":7.5999970436096},"UnitContext.UniqueUiId":{"status":"VALUE","value":1007}},"index":11,"list":"EntityList","mode":"SNAPSHOT","sample":0},"format":"warhammer-vault-cco-probe-v1","kind":"ENTITY","metadata":{"gameVersion":"9.0.2.0","gameVersionSource":"INSTALLER_EXE_VERSION","scenarioId":"CCO_P0_CUSTOM_BATTLE","sessionId":"98c014a5-8c8c-4ed9-aa0c-7e57a45dd48c","staticSnapshotId":"c7bd67f50bb4df4f16254e5e9615324e615debf434c865de014e77e4483471e5","unitSize":"MEDIUM","unitSizeSource":"DECLARED_SETUP"},"runId":"snapshot-1","sequence":78,"sessionId":"98c014a5-8c8c-4ed9-aa0c-7e57a45dd48c:table: 000000046C6B0888:<35.4s>:1790858880:5134.32421875","timestamp":{"status":"VALUE","value":22300}}
<35.4s><22300ms> WH3_RUNTIME_PROBE|{"data":{"fields":{"EntityRecordContext.Key":{"status":"VALUE","value":"wh_dlc04_infantry_free_company_blood_dismembers"},"IsAlive":{"status":"VALUE","value":true},"IsEngine":{"status":"VALUE","value":false},"IsMan":{"status":"VALUE","value":true},"IsReloading":{"status":"VALUE","value":true},"Key":{"status":"VALUE","value":"wh_dlc04_infantry_free_company_blood_dismembers"},"Position":{"status":"VALUE","value":[-50.64762878418,528.1806640625,11.158812522888,0]},"ReloadPercent":{"status":"VALUE","value":0.46666669845581},"ReloadRemainingTime":{"status":"VALUE","value":4.7999997138977},"UnitContext.UniqueUiId":{"status":"VALUE","value":1007}},"index":12,"list":"EntityList","mode":"SNAPSHOT","sample":0},"format":"warhammer-vault-cco-probe-v1","kind":"ENTITY","metadata":{"gameVersion":"9.0.2.0","gameVersionSource":"INSTALLER_EXE_VERSION","scenarioId":"CCO_P0_CUSTOM_BATTLE","sessionId":"98c014a5-8c8c-4ed9-aa0c-7e57a45dd48c","staticSnapshotId":"c7bd67f50bb4df4f16254e5e9615324e615debf434c865de014e77e4483471e5","unitSize":"MEDIUM","unitSizeSource":"DECLARED_SETUP"},"runId":"snapshot-1","sequence":79,"sessionId":"98c014a5-8c8c-4ed9-aa0c-7e57a45dd48c:table: 000000046C6B0888:<35.4s>:1790858880:5134.32421875","timestamp":{"status":"VALUE","value":22300}}
<35.4s><22300ms> WH3_RUNTIME_PROBE|{"data":{"fields":{"EntityRecordContext.Key":{"status":"VALUE","value":"wh_dlc04_infantry_free_company_blood_dismembers"},"IsAlive":{"status":"VALUE","value":true},"IsEngine":{"status":"VALUE","value":false},"IsMan":{"status":"VALUE","value":true},"IsReloading":{"status":"VALUE","value":true},"Key":{"status":"VALUE","value":"wh_dlc04_infantry_free_company_blood_dismembers"},"Position":{"status":"VALUE","value":[-54.241104125977,526.61010742188,-9.1830911636353,0]},"ReloadPercent":{"status":"VALUE","value":0.15555590391159},"ReloadRemainingTime":{"status":"VALUE","value":7.5999970436096},"UnitContext.UniqueUiId":{"status":"VALUE","value":1007}},"index":13,"list":"EntityList","mode":"SNAPSHOT","sample":0},"format":"warhammer-vault-cco-probe-v1","kind":"ENTITY","metadata":{"gameVersion":"9.0.2.0","gameVersionSource":"INSTALLER_EXE_VERSION","scenarioId":"CCO_P0_CUSTOM_BATTLE","sessionId":"98c014a5-8c8c-4ed9-aa0c-7e57a45dd48c","staticSnapshotId":"c7bd67f50bb4df4f16254e5e9615324e615debf434c865de014e77e4483471e5","unitSize":"MEDIUM","unitSizeSource":"DECLARED_SETUP"},"runId":"snapshot-1","sequence":80,"sessionId":"98c014a5-8c8c-4ed9-aa0c-7e57a45dd48c:table: 000000046C6B0888:<35.4s>:1790858880:5134.32421875","timestamp":{"status":"VALUE","value":22300}}
<35.4s><22300ms> WH3_RUNTIME_PROBE|{"data":{"fields":{"EntityRecordContext.Key":{"status":"VALUE","value":"wh_dlc04_infantry_free_company_blood_dismembers"},"IsAlive":{"status":"VALUE","value":true},"IsEngine":{"status":"VALUE","value":false},"IsMan":{"status":"VALUE","value":true},"IsReloading":{"status":"VALUE","value":true},"Key":{"status":"VALUE","value":"wh_dlc04_infantry_free_company_blood_dismembers"},"Position":{"status":"VALUE","value":[-49.783695220947,528.28234863281,12.898180961609,0]},"ReloadPercent":{"status":"VALUE","value":0.13333368301392},"ReloadRemainingTime":{"status":"VALUE","value":7.7999968528748},"UnitContext.UniqueUiId":{"status":"VALUE","value":1007}},"index":14,"list":"EntityList","mode":"SNAPSHOT","sample":0},"format":"warhammer-vault-cco-probe-v1","kind":"ENTITY","metadata":{"gameVersion":"9.0.2.0","gameVersionSource":"INSTALLER_EXE_VERSION","scenarioId":"CCO_P0_CUSTOM_BATTLE","sessionId":"98c014a5-8c8c-4ed9-aa0c-7e57a45dd48c","staticSnapshotId":"c7bd67f50bb4df4f16254e5e9615324e615debf434c865de014e77e4483471e5","unitSize":"MEDIUM","unitSizeSource":"DECLARED_SETUP"},"runId":"snapshot-1","sequence":81,"sessionId":"98c014a5-8c8c-4ed9-aa0c-7e57a45dd48c:table: 000000046C6B0888:<35.4s>:1790858880:5134.32421875","timestamp":{"status":"VALUE","value":22300}}
<35.4s><22300ms> WH3_RUNTIME_PROBE|{"data":{"fields":{"EntityRecordContext.Key":{"status":"VALUE","value":"wh_dlc04_infantry_free_company_blood_dismembers"},"IsAlive":{"status":"VALUE","value":true},"IsEngine":{"status":"VALUE","value":false},"IsMan":{"status":"VALUE","value":true},"IsReloading":{"status":"VALUE","value":true},"Key":{"status":"VALUE","value":"wh_dlc04_infantry_free_company_blood_dismembers"},"Position":{"status":"VALUE","value":[-50.475269317627,527.23907470703,1.5002584457397,0]},"ReloadPercent":{"status":"VALUE","value":0.15555590391159},"ReloadRemainingTime":{"status":"VALUE","value":7.5999970436096},"UnitContext.UniqueUiId":{"status":"VALUE","value":1007}},"index":15,"list":"EntityList","mode":"SNAPSHOT","sample":0},"format":"warhammer-vault-cco-probe-v1","kind":"ENTITY","metadata":{"gameVersion":"9.0.2.0","gameVersionSource":"INSTALLER_EXE_VERSION","scenarioId":"CCO_P0_CUSTOM_BATTLE","sessionId":"98c014a5-8c8c-4ed9-aa0c-7e57a45dd48c","staticSnapshotId":"c7bd67f50bb4df4f16254e5e9615324e615debf434c865de014e77e4483471e5","unitSize":"MEDIUM","unitSizeSource":"DECLARED_SETUP"},"runId":"snapshot-1","sequence":82,"sessionId":"98c014a5-8c8c-4ed9-aa0c-7e57a45dd48c:table: 000000046C6B0888:<35.4s>:1790858880:5134.32421875","timestamp":{"status":"VALUE","value":22300}}
<35.4s><22300ms> WH3_RUNTIME_PROBE|{"data":{"fields":{"EntityRecordContext.Key":{"status":"VALUE","value":"wh_dlc04_infantry_free_company_blood_dismembers"},"IsAlive":{"status":"VALUE","value":true},"IsEngine":{"status":"VALUE","value":false},"IsMan":{"status":"VALUE","value":true},"IsReloading":{"status":"VALUE","value":true},"Key":{"status":"VALUE","value":"wh_dlc04_infantry_free_company_blood_dismembers"},"Position":{"status":"VALUE","value":[-49.925193786621,527.34008789063,2.6737661361694,0]},"ReloadPercent":{"status":"VALUE","value":0.15555590391159},"ReloadRemainingTime":{"status":"VALUE","value":7.5999970436096},"UnitContext.UniqueUiId":{"status":"VALUE","value":1007}},"index":16,"list":"EntityList","mode":"SNAPSHOT","sample":0},"format":"warhammer-vault-cco-probe-v1","kind":"ENTITY","metadata":{"gameVersion":"9.0.2.0","gameVersionSource":"INSTALLER_EXE_VERSION","scenarioId":"CCO_P0_CUSTOM_BATTLE","sessionId":"98c014a5-8c8c-4ed9-aa0c-7e57a45dd48c","staticSnapshotId":"c7bd67f50bb4df4f16254e5e9615324e615debf434c865de014e77e4483471e5","unitSize":"MEDIUM","unitSizeSource":"DECLARED_SETUP"},"runId":"snapshot-1","sequence":83,"sessionId":"98c014a5-8c8c-4ed9-aa0c-7e57a45dd48c:table: 000000046C6B0888:<35.4s>:1790858880:5134.32421875","timestamp":{"status":"VALUE","value":22300}}
<35.4s><22300ms> WH3_RUNTIME_PROBE|{"data":{"fields":{"EntityRecordContext.Key":{"status":"VALUE","value":"wh_dlc04_infantry_free_company_blood_dismembers"},"IsAlive":{"status":"VALUE","value":true},"IsEngine":{"status":"VALUE","value":false},"IsMan":{"status":"VALUE","value":true},"IsReloading":{"status":"VALUE","value":true},"Key":{"status":"VALUE","value":"wh_dlc04_infantry_free_company_blood_dismembers"},"Position":{"status":"VALUE","value":[-51.004505157471,527.07653808594,-0.43131446838379,0]},"ReloadPercent":{"status":"VALUE","value":0.15555590391159},"ReloadRemainingTime":{"status":"VALUE","value":7.5999970436096},"UnitContext.UniqueUiId":{"status":"VALUE","value":1007}},"index":17,"list":"EntityList","mode":"SNAPSHOT","sample":0},"format":"warhammer-vault-cco-probe-v1","kind":"ENTITY","metadata":{"gameVersion":"9.0.2.0","gameVersionSource":"INSTALLER_EXE_VERSION","scenarioId":"CCO_P0_CUSTOM_BATTLE","sessionId":"98c014a5-8c8c-4ed9-aa0c-7e57a45dd48c","staticSnapshotId":"c7bd67f50bb4df4f16254e5e9615324e615debf434c865de014e77e4483471e5","unitSize":"MEDIUM","unitSizeSource":"DECLARED_SETUP"},"runId":"snapshot-1","sequence":84,"sessionId":"98c014a5-8c8c-4ed9-aa0c-7e57a45dd48c:table: 000000046C6B0888:<35.4s>:1790858880:5134.32421875","timestamp":{"status":"VALUE","value":22300}}
<35.4s><22300ms> WH3_RUNTIME_PROBE|{"data":{"fields":{"EntityRecordContext.Key":{"status":"VALUE","value":"wh_dlc04_infantry_free_company_blood_dismembers"},"IsAlive":{"status":"VALUE","value":true},"IsEngine":{"status":"VALUE","value":false},"IsMan":{"status":"VALUE","value":true},"IsReloading":{"status":"VALUE","value":true},"Key":{"status":"VALUE","value":"wh_dlc04_infantry_free_company_blood_dismembers"},"Position":{"status":"VALUE","value":[-50.051181793213,527.56127929688,4.7066330909729,0]},"ReloadPercent":{"status":"VALUE","value":0.13333368301392},"ReloadRemainingTime":{"status":"VALUE","value":7.7999968528748},"UnitContext.UniqueUiId":{"status":"VALUE","value":1007}},"index":18,"list":"EntityList","mode":"SNAPSHOT","sample":0},"format":"warhammer-vault-cco-probe-v1","kind":"ENTITY","metadata":{"gameVersion":"9.0.2.0","gameVersionSource":"INSTALLER_EXE_VERSION","scenarioId":"CCO_P0_CUSTOM_BATTLE","sessionId":"98c014a5-8c8c-4ed9-aa0c-7e57a45dd48c","staticSnapshotId":"c7bd67f50bb4df4f16254e5e9615324e615debf434c865de014e77e4483471e5","unitSize":"MEDIUM","unitSizeSource":"DECLARED_SETUP"},"runId":"snapshot-1","sequence":85,"sessionId":"98c014a5-8c8c-4ed9-aa0c-7e57a45dd48c:table: 000000046C6B0888:<35.4s>:1790858880:5134.32421875","timestamp":{"status":"VALUE","value":22300}}
<35.4s><22300ms> WH3_RUNTIME_PROBE|{"data":{"fields":{"EntityRecordContext.Key":{"status":"VALUE","value":"wh_dlc04_infantry_free_company_blood_dismembers"},"IsAlive":{"status":"VALUE","value":true},"IsEngine":{"status":"VALUE","value":false},"IsMan":{"status":"VALUE","value":true},"IsReloading":{"status":"VALUE","value":true},"Key":{"status":"VALUE","value":"wh_dlc04_infantry_free_company_blood_dismembers"},"Position":{"status":"VALUE","value":[-50.609066009521,526.91223144531,-2.0205881595612,0]},"ReloadPercent":{"status":"VALUE","value":0.15555590391159},"ReloadRemainingTime":{"status":"VALUE","value":7.5999970436096},"UnitContext.UniqueUiId":{"status":"VALUE","value":1007}},"index":19,"list":"EntityList","mode":"SNAPSHOT","sample":0},"format":"warhammer-vault-cco-probe-v1","kind":"ENTITY","metadata":{"gameVersion":"9.0.2.0","gameVersionSource":"INSTALLER_EXE_VERSION","scenarioId":"CCO_P0_CUSTOM_BATTLE","sessionId":"98c014a5-8c8c-4ed9-aa0c-7e57a45dd48c","staticSnapshotId":"c7bd67f50bb4df4f16254e5e9615324e615debf434c865de014e77e4483471e5","unitSize":"MEDIUM","unitSizeSource":"DECLARED_SETUP"},"runId":"snapshot-1","sequence":86,"sessionId":"98c014a5-8c8c-4ed9-aa0c-7e57a45dd48c:table: 000000046C6B0888:<35.4s>:1790858880:5134.32421875","timestamp":{"status":"VALUE","value":22300}}
<35.4s><22300ms> WH3_RUNTIME_PROBE|{"data":{"fields":{"EntityRecordContext.Key":{"status":"VALUE","value":"wh_dlc04_infantry_free_company_blood_dismembers"},"IsAlive":{"status":"VALUE","value":true},"IsEngine":{"status":"VALUE","value":false},"IsMan":{"status":"VALUE","value":true},"IsReloading":{"status":"VALUE","value":true},"Key":{"status":"VALUE","value":"wh_dlc04_infantry_free_company_blood_dismembers"},"Position":{"status":"VALUE","value":[-49.510860443115,527.70642089844,6.2386684417725,0]},"ReloadPercent":{"status":"VALUE","value":0.15555590391159},"ReloadRemainingTime":{"status":"VALUE","value":7.5999970436096},"UnitContext.UniqueUiId":{"status":"VALUE","value":1007}},"index":20,"list":"EntityList","mode":"SNAPSHOT","sample":0},"format":"warhammer-vault-cco-probe-v1","kind":"ENTITY","metadata":{"gameVersion":"9.0.2.0","gameVersionSource":"INSTALLER_EXE_VERSION","scenarioId":"CCO_P0_CUSTOM_BATTLE","sessionId":"98c014a5-8c8c-4ed9-aa0c-7e57a45dd48c","staticSnapshotId":"c7bd67f50bb4df4f16254e5e9615324e615debf434c865de014e77e4483471e5","unitSize":"MEDIUM","unitSizeSource":"DECLARED_SETUP"},"runId":"snapshot-1","sequence":87,"sessionId":"98c014a5-8c8c-4ed9-aa0c-7e57a45dd48c:table: 000000046C6B0888:<35.4s>:1790858880:5134.32421875","timestamp":{"status":"VALUE","value":22300}}
<35.4s><22300ms> WH3_RUNTIME_PROBE|{"data":{"fields":{"EntityRecordContext.Key":{"status":"VALUE","value":"wh_dlc04_infantry_free_company_blood_dismembers"},"IsAlive":{"status":"VALUE","value":true},"IsEngine":{"status":"VALUE","value":false},"IsMan":{"status":"VALUE","value":true},"IsReloading":{"status":"VALUE","value":true},"Key":{"status":"VALUE","value":"wh_dlc04_infantry_free_company_blood_dismembers"},"Position":{"status":"VALUE","value":[-51.016407012939,526.82800292969,-3.2867062091827,0]},"ReloadPercent":{"status":"VALUE","value":0.46666669845581},"ReloadRemainingTime":{"status":"VALUE","value":4.7999997138977},"UnitContext.UniqueUiId":{"status":"VALUE","value":1007}},"index":21,"list":"EntityList","mode":"SNAPSHOT","sample":0},"format":"warhammer-vault-cco-probe-v1","kind":"ENTITY","metadata":{"gameVersion":"9.0.2.0","gameVersionSource":"INSTALLER_EXE_VERSION","scenarioId":"CCO_P0_CUSTOM_BATTLE","sessionId":"98c014a5-8c8c-4ed9-aa0c-7e57a45dd48c","staticSnapshotId":"c7bd67f50bb4df4f16254e5e9615324e615debf434c865de014e77e4483471e5","unitSize":"MEDIUM","unitSizeSource":"DECLARED_SETUP"},"runId":"snapshot-1","sequence":88,"sessionId":"98c014a5-8c8c-4ed9-aa0c-7e57a45dd48c:table: 000000046C6B0888:<35.4s>:1790858880:5134.32421875","timestamp":{"status":"VALUE","value":22300}}
<35.4s><22300ms> WH3_RUNTIME_PROBE|{"data":{"fields":{"EntityRecordContext.Key":{"status":"VALUE","value":"wh_dlc04_infantry_free_company_blood_dismembers"},"IsAlive":{"status":"VALUE","value":true},"IsEngine":{"status":"VALUE","value":false},"IsMan":{"status":"VALUE","value":true},"IsReloading":{"status":"VALUE","value":true},"Key":{"status":"VALUE","value":"wh_dlc04_infantry_free_company_blood_dismembers"},"Position":{"status":"VALUE","value":[-49.346431732178,527.8359375,7.5442891120911,0]},"ReloadPercent":{"status":"VALUE","value":0.42222231626511},"ReloadRemainingTime":{"status":"VALUE","value":5.199999332428},"UnitContext.UniqueUiId":{"status":"VALUE","value":1007}},"index":22,"list":"EntityList","mode":"SNAPSHOT","sample":0},"format":"warhammer-vault-cco-probe-v1","kind":"ENTITY","metadata":{"gameVersion":"9.0.2.0","gameVersionSource":"INSTALLER_EXE_VERSION","scenarioId":"CCO_P0_CUSTOM_BATTLE","sessionId":"98c014a5-8c8c-4ed9-aa0c-7e57a45dd48c","staticSnapshotId":"c7bd67f50bb4df4f16254e5e9615324e615debf434c865de014e77e4483471e5","unitSize":"MEDIUM","unitSizeSource":"DECLARED_SETUP"},"runId":"snapshot-1","sequence":89,"sessionId":"98c014a5-8c8c-4ed9-aa0c-7e57a45dd48c:table: 000000046C6B0888:<35.4s>:1790858880:5134.32421875","timestamp":{"status":"VALUE","value":22300}}
<35.4s><22300ms> WH3_RUNTIME_PROBE|{"data":{"fields":{"EntityRecordContext.Key":{"status":"VALUE","value":"wh_dlc04_infantry_free_company_blood_dismembers"},"IsAlive":{"status":"VALUE","value":true},"IsEngine":{"status":"VALUE","value":false},"IsMan":{"status":"VALUE","value":true},"IsReloading":{"status":"VALUE","value":true},"Key":{"status":"VALUE","value":"wh_dlc04_infantry_free_company_blood_dismembers"},"Position":{"status":"VALUE","value":[-51.365821838379,526.74780273438,-4.5388584136963,0]},"ReloadPercent":{"status":"VALUE","value":0.44444447755814},"ReloadRemainingTime":{"status":"VALUE","value":4.9999995231628},"UnitContext.UniqueUiId":{"status":"VALUE","value":1007}},"index":23,"list":"EntityList","mode":"SNAPSHOT","sample":0},"format":"warhammer-vault-cco-probe-v1","kind":"ENTITY","metadata":{"gameVersion":"9.0.2.0","gameVersionSource":"INSTALLER_EXE_VERSION","scenarioId":"CCO_P0_CUSTOM_BATTLE","sessionId":"98c014a5-8c8c-4ed9-aa0c-7e57a45dd48c","staticSnapshotId":"c7bd67f50bb4df4f16254e5e9615324e615debf434c865de014e77e4483471e5","unitSize":"MEDIUM","unitSizeSource":"DECLARED_SETUP"},"runId":"snapshot-1","sequence":90,"sessionId":"98c014a5-8c8c-4ed9-aa0c-7e57a45dd48c:table: 000000046C6B0888:<35.4s>:1790858880:5134.32421875","timestamp":{"status":"VALUE","value":22300}}
<35.4s><22300ms> WH3_RUNTIME_PROBE|{"data":{"fields":{"EntityRecordContext.Key":{"status":"VALUE","value":"wh_dlc04_infantry_free_company_blood_dismembers"},"IsAlive":{"status":"VALUE","value":true},"IsEngine":{"status":"VALUE","value":false},"IsMan":{"status":"VALUE","value":true},"IsReloading":{"status":"VALUE","value":false},"Key":{"status":"VALUE","value":"wh_dlc04_infantry_free_company_blood_dismembers"},"Position":{"status":"VALUE","value":[-48.957332611084,527.97387695313,9.0979661941528,0]},"ReloadPercent":{"status":"VALUE","value":1},"ReloadRemainingTime":{"status":"VALUE","value":0},"UnitContext.UniqueUiId":{"status":"VALUE","value":1007}},"index":24,"list":"EntityList","mode":"SNAPSHOT","sample":0},"format":"warhammer-vault-cco-probe-v1","kind":"ENTITY","metadata":{"gameVersion":"9.0.2.0","gameVersionSource":"INSTALLER_EXE_VERSION","scenarioId":"CCO_P0_CUSTOM_BATTLE","sessionId":"98c014a5-8c8c-4ed9-aa0c-7e57a45dd48c","staticSnapshotId":"c7bd67f50bb4df4f16254e5e9615324e615debf434c865de014e77e4483471e5","unitSize":"MEDIUM","unitSizeSource":"DECLARED_SETUP"},"runId":"snapshot-1","sequence":91,"sessionId":"98c014a5-8c8c-4ed9-aa0c-7e57a45dd48c:table: 000000046C6B0888:<35.4s>:1790858880:5134.32421875","timestamp":{"status":"VALUE","value":22300}}
<35.4s><22300ms> WH3_RUNTIME_PROBE|{"data":{"fields":{"EntityRecordContext.Key":{"status":"VALUE","value":"wh_dlc04_infantry_free_company_blood_dismembers"},"IsAlive":{"status":"VALUE","value":true},"IsEngine":{"status":"VALUE","value":false},"IsMan":{"status":"VALUE","value":true},"IsReloading":{"status":"VALUE","value":true},"Key":{"status":"VALUE","value":"wh_dlc04_infantry_free_company_blood_dismembers"},"Position":{"status":"VALUE","value":[-51.607734680176,526.62286376953,-6.4003701210022,0]},"ReloadPercent":{"status":"VALUE","value":0.43333339691162},"ReloadRemainingTime":{"status":"VALUE","value":5.0999994277954},"UnitContext.UniqueUiId":{"status":"VALUE","value":1007}},"index":25,"list":"EntityList","mode":"SNAPSHOT","sample":0},"format":"warhammer-vault-cco-probe-v1","kind":"ENTITY","metadata":{"gameVersion":"9.0.2.0","gameVersionSource":"INSTALLER_EXE_VERSION","scenarioId":"CCO_P0_CUSTOM_BATTLE","sessionId":"98c014a5-8c8c-4ed9-aa0c-7e57a45dd48c","staticSnapshotId":"c7bd67f50bb4df4f16254e5e9615324e615debf434c865de014e77e4483471e5","unitSize":"MEDIUM","unitSizeSource":"DECLARED_SETUP"},"runId":"snapshot-1","sequence":92,"sessionId":"98c014a5-8c8c-4ed9-aa0c-7e57a45dd48c:table: 000000046C6B0888:<35.4s>:1790858880:5134.32421875","timestamp":{"status":"VALUE","value":22300}}
<35.4s><22300ms> WH3_RUNTIME_PROBE|{"data":{"fields":{"EntityRecordContext.Key":{"status":"VALUE","value":"wh_dlc04_infantry_free_company_blood_dismembers"},"IsAlive":{"status":"VALUE","value":true},"IsEngine":{"status":"VALUE","value":false},"IsMan":{"status":"VALUE","value":true},"IsReloading":{"status":"VALUE","value":true},"Key":{"status":"VALUE","value":"wh_dlc04_infantry_free_company_blood_dismembers"},"Position":{"status":"VALUE","value":[-48.919044494629,528.11926269531,10.874157905579,0]},"ReloadPercent":{"status":"VALUE","value":0.43333339691162},"ReloadRemainingTime":{"status":"VALUE","value":5.0999994277954},"UnitContext.UniqueUiId":{"status":"VALUE","value":1007}},"index":26,"list":"EntityList","mode":"SNAPSHOT","sample":0},"format":"warhammer-vault-cco-probe-v1","kind":"ENTITY","metadata":{"gameVersion":"9.0.2.0","gameVersionSource":"INSTALLER_EXE_VERSION","scenarioId":"CCO_P0_CUSTOM_BATTLE","sessionId":"98c014a5-8c8c-4ed9-aa0c-7e57a45dd48c","staticSnapshotId":"c7bd67f50bb4df4f16254e5e9615324e615debf434c865de014e77e4483471e5","unitSize":"MEDIUM","unitSizeSource":"DECLARED_SETUP"},"runId":"snapshot-1","sequence":93,"sessionId":"98c014a5-8c8c-4ed9-aa0c-7e57a45dd48c:table: 000000046C6B0888:<35.4s>:1790858880:5134.32421875","timestamp":{"status":"VALUE","value":22300}}
<35.4s><22300ms> WH3_RUNTIME_PROBE|{"data":{"fields":{"EntityRecordContext.Key":{"status":"VALUE","value":"wh_dlc04_infantry_free_company_blood_dismembers"},"IsAlive":{"status":"VALUE","value":true},"IsEngine":{"status":"VALUE","value":false},"IsMan":{"status":"VALUE","value":true},"IsReloading":{"status":"VALUE","value":true},"Key":{"status":"VALUE","value":"wh_dlc04_infantry_free_company_blood_dismembers"},"Position":{"status":"VALUE","value":[-52.033737182617,526.5654296875,-7.6417093276978,0]},"ReloadPercent":{"status":"VALUE","value":0.15555590391159},"ReloadRemainingTime":{"status":"VALUE","value":7.5999970436096},"UnitContext.UniqueUiId":{"status":"VALUE","value":1007}},"index":27,"list":"EntityList","mode":"SNAPSHOT","sample":0},"format":"warhammer-vault-cco-probe-v1","kind":"ENTITY","metadata":{"gameVersion":"9.0.2.0","gameVersionSource":"INSTALLER_EXE_VERSION","scenarioId":"CCO_P0_CUSTOM_BATTLE","sessionId":"98c014a5-8c8c-4ed9-aa0c-7e57a45dd48c","staticSnapshotId":"c7bd67f50bb4df4f16254e5e9615324e615debf434c865de014e77e4483471e5","unitSize":"MEDIUM","unitSizeSource":"DECLARED_SETUP"},"runId":"snapshot-1","sequence":94,"sessionId":"98c014a5-8c8c-4ed9-aa0c-7e57a45dd48c:table: 000000046C6B0888:<35.4s>:1790858880:5134.32421875","timestamp":{"status":"VALUE","value":22300}}
<35.4s><22300ms> WH3_RUNTIME_PROBE|{"data":{"fields":{"EntityRecordContext.Key":{"status":"VALUE","value":"wh_dlc04_infantry_free_company_blood_dismembers"},"IsAlive":{"status":"VALUE","value":true},"IsEngine":{"status":"VALUE","value":false},"IsMan":{"status":"VALUE","value":true},"IsReloading":{"status":"VALUE","value":true},"Key":{"status":"VALUE","value":"wh_dlc04_infantry_free_company_blood_dismembers"},"Position":{"status":"VALUE","value":[-48.449356079102,528.21899414063,12.791007041931,0]},"ReloadPercent":{"status":"VALUE","value":0.077778100967407},"ReloadRemainingTime":{"status":"VALUE","value":8.2999973297119},"UnitContext.UniqueUiId":{"status":"VALUE","value":1007}},"index":28,"list":"EntityList","mode":"SNAPSHOT","sample":0},"format":"warhammer-vault-cco-probe-v1","kind":"ENTITY","metadata":{"gameVersion":"9.0.2.0","gameVersionSource":"INSTALLER_EXE_VERSION","scenarioId":"CCO_P0_CUSTOM_BATTLE","sessionId":"98c014a5-8c8c-4ed9-aa0c-7e57a45dd48c","staticSnapshotId":"c7bd67f50bb4df4f16254e5e9615324e615debf434c865de014e77e4483471e5","unitSize":"MEDIUM","unitSizeSource":"DECLARED_SETUP"},"runId":"snapshot-1","sequence":95,"sessionId":"98c014a5-8c8c-4ed9-aa0c-7e57a45dd48c:table: 000000046C6B0888:<35.4s>:1790858880:5134.32421875","timestamp":{"status":"VALUE","value":22300}}
<35.4s><22300ms> WH3_RUNTIME_PROBE|{"data":{"fields":{"EntityRecordContext.Key":{"status":"VALUE","value":"wh_dlc04_infantry_free_company_blood_dismembers"},"IsAlive":{"status":"VALUE","value":true},"IsEngine":{"status":"VALUE","value":false},"IsMan":{"status":"VALUE","value":true},"IsReloading":{"status":"VALUE","value":true},"Key":{"status":"VALUE","value":"wh_dlc04_infantry_free_company_blood_dismembers"},"Position":{"status":"VALUE","value":[-52.585960388184,526.4990234375,-9.2311143875122,0]},"ReloadPercent":{"status":"VALUE","value":0.15555590391159},"ReloadRemainingTime":{"status":"VALUE","value":7.5999970436096},"UnitContext.UniqueUiId":{"status":"VALUE","value":1007}},"index":29,"list":"EntityList","mode":"SNAPSHOT","sample":0},"format":"warhammer-vault-cco-probe-v1","kind":"ENTITY","metadata":{"gameVersion":"9.0.2.0","gameVersionSource":"INSTALLER_EXE_VERSION","scenarioId":"CCO_P0_CUSTOM_BATTLE","sessionId":"98c014a5-8c8c-4ed9-aa0c-7e57a45dd48c","staticSnapshotId":"c7bd67f50bb4df4f16254e5e9615324e615debf434c865de014e77e4483471e5","unitSize":"MEDIUM","unitSizeSource":"DECLARED_SETUP"},"runId":"snapshot-1","sequence":96,"sessionId":"98c014a5-8c8c-4ed9-aa0c-7e57a45dd48c:table: 000000046C6B0888:<35.4s>:1790858880:5134.32421875","timestamp":{"status":"VALUE","value":22300}}
<35.4s><22300ms> WH3_RUNTIME_PROBE|{"data":{"fields":{"EntityRecordContext.Key":{"status":"VALUE","value":"wh_dlc04_infantry_free_company_blood_dismembers"},"IsAlive":{"status":"VALUE","value":true},"IsEngine":{"status":"VALUE","value":false},"IsMan":{"status":"VALUE","value":true},"IsReloading":{"status":"VALUE","value":true},"Key":{"status":"VALUE","value":"wh_dlc04_infantry_free_company_blood_dismembers"},"Position":{"status":"VALUE","value":[-48.303108215332,527.05883789063,0.73831379413605,0]},"ReloadPercent":{"status":"VALUE","value":0.15555590391159},"ReloadRemainingTime":{"status":"VALUE","value":7.5999970436096},"UnitContext.UniqueUiId":{"status":"VALUE","value":1007}},"index":30,"list":"EntityList","mode":"SNAPSHOT","sample":0},"format":"warhammer-vault-cco-probe-v1","kind":"ENTITY","metadata":{"gameVersion":"9.0.2.0","gameVersionSource":"INSTALLER_EXE_VERSION","scenarioId":"CCO_P0_CUSTOM_BATTLE","sessionId":"98c014a5-8c8c-4ed9-aa0c-7e57a45dd48c","staticSnapshotId":"c7bd67f50bb4df4f16254e5e9615324e615debf434c865de014e77e4483471e5","unitSize":"MEDIUM","unitSizeSource":"DECLARED_SETUP"},"runId":"snapshot-1","sequence":97,"sessionId":"98c014a5-8c8c-4ed9-aa0c-7e57a45dd48c:table: 000000046C6B0888:<35.4s>:1790858880:5134.32421875","timestamp":{"status":"VALUE","value":22300}}
<35.4s><22300ms> WH3_RUNTIME_PROBE|{"data":{"fields":{"EntityRecordContext.Key":{"status":"VALUE","value":"wh_dlc04_infantry_free_company_blood_dismembers"},"IsAlive":{"status":"VALUE","value":true},"IsEngine":{"status":"VALUE","value":false},"IsMan":{"status":"VALUE","value":true},"IsReloading":{"status":"VALUE","value":true},"Key":{"status":"VALUE","value":"wh_dlc04_infantry_free_company_blood_dismembers"},"Position":{"status":"VALUE","value":[-49.262050628662,527.01733398438,-0.13868935406208,0]},"ReloadPercent":{"status":"VALUE","value":0.15555590391159},"ReloadRemainingTime":{"status":"VALUE","value":7.5999970436096},"UnitContext.UniqueUiId":{"status":"VALUE","value":1007}},"index":31,"list":"EntityList","mode":"SNAPSHOT","sample":0},"format":"warhammer-vault-cco-probe-v1","kind":"ENTITY","metadata":{"gameVersion":"9.0.2.0","gameVersionSource":"INSTALLER_EXE_VERSION","scenarioId":"CCO_P0_CUSTOM_BATTLE","sessionId":"98c014a5-8c8c-4ed9-aa0c-7e57a45dd48c","staticSnapshotId":"c7bd67f50bb4df4f16254e5e9615324e615debf434c865de014e77e4483471e5","unitSize":"MEDIUM","unitSizeSource":"DECLARED_SETUP"},"runId":"snapshot-1","sequence":98,"sessionId":"98c014a5-8c8c-4ed9-aa0c-7e57a45dd48c:table: 000000046C6B0888:<35.4s>:1790858880:5134.32421875","timestamp":{"status":"VALUE","value":22300}}
<35.4s><22300ms> WH3_RUNTIME_PROBE|{"data":{"fields":{"EntityRecordContext.Key":{"status":"VALUE","value":"wh_dlc04_infantry_free_company_blood_dismembers"},"IsAlive":{"status":"VALUE","value":true},"IsEngine":{"status":"VALUE","value":false},"IsMan":{"status":"VALUE","value":true},"IsReloading":{"status":"VALUE","value":true},"Key":{"status":"VALUE","value":"wh_dlc04_infantry_free_company_blood_dismembers"},"Position":{"status":"VALUE","value":[-48.740299224854,527.34729003906,3.1984367370605,0]},"ReloadPercent":{"status":"VALUE","value":0.46666669845581},"ReloadRemainingTime":{"status":"VALUE","value":4.7999997138977},"UnitContext.UniqueUiId":{"status":"VALUE","value":1007}},"index":32,"list":"EntityList","mode":"SNAPSHOT","sample":0},"format":"warhammer-vault-cco-probe-v1","kind":"ENTITY","metadata":{"gameVersion":"9.0.2.0","gameVersionSource":"INSTALLER_EXE_VERSION","scenarioId":"CCO_P0_CUSTOM_BATTLE","sessionId":"98c014a5-8c8c-4ed9-aa0c-7e57a45dd48c","staticSnapshotId":"c7bd67f50bb4df4f16254e5e9615324e615debf434c865de014e77e4483471e5","unitSize":"MEDIUM","unitSizeSource":"DECLARED_SETUP"},"runId":"snapshot-1","sequence":99,"sessionId":"98c014a5-8c8c-4ed9-aa0c-7e57a45dd48c:table: 000000046C6B0888:<35.4s>:1790858880:5134.32421875","timestamp":{"status":"VALUE","value":22300}}
<35.4s><22300ms> WH3_RUNTIME_PROBE|{"data":{"fields":{"EntityRecordContext.Key":{"status":"VALUE","value":"wh_dlc04_infantry_free_company_blood_dismembers"},"IsAlive":{"status":"VALUE","value":true},"IsEngine":{"status":"VALUE","value":false},"IsMan":{"status":"VALUE","value":true},"IsReloading":{"status":"VALUE","value":true},"Key":{"status":"VALUE","value":"wh_dlc04_infantry_free_company_blood_dismembers"},"Position":{"status":"VALUE","value":[-49.314605712891,526.85046386719,-1.9033358097076,0]},"ReloadPercent":{"status":"VALUE","value":0.15555590391159},"ReloadRemainingTime":{"status":"VALUE","value":7.5999970436096},"UnitContext.UniqueUiId":{"status":"VALUE","value":1007}},"index":33,"list":"EntityList","mode":"SNAPSHOT","sample":0},"format":"warhammer-vault-cco-probe-v1","kind":"ENTITY","metadata":{"gameVersion":"9.0.2.0","gameVersionSource":"INSTALLER_EXE_VERSION","scenarioId":"CCO_P0_CUSTOM_BATTLE","sessionId":"98c014a5-8c8c-4ed9-aa0c-7e57a45dd48c","staticSnapshotId":"c7bd67f50bb4df4f16254e5e9615324e615debf434c865de014e77e4483471e5","unitSize":"MEDIUM","unitSizeSource":"DECLARED_SETUP"},"runId":"snapshot-1","sequence":100,"sessionId":"98c014a5-8c8c-4ed9-aa0c-7e57a45dd48c:table: 000000046C6B0888:<35.4s>:1790858880:5134.32421875","timestamp":{"status":"VALUE","value":22300}}
<35.4s><22300ms> WH3_RUNTIME_PROBE|{"data":{"fields":{"EntityRecordContext.Key":{"status":"VALUE","value":"wh_dlc04_infantry_free_company_blood_dismembers"},"IsAlive":{"status":"VALUE","value":true},"IsEngine":{"status":"VALUE","value":false},"IsMan":{"status":"VALUE","value":true},"IsReloading":{"status":"VALUE","value":true},"Key":{"status":"VALUE","value":"wh_dlc04_infantry_free_company_blood_dismembers"},"Position":{"status":"VALUE","value":[-48.552398681641,527.48376464844,4.4841117858887,0]},"ReloadPercent":{"status":"VALUE","value":0.15555590391159},"ReloadRemainingTime":{"status":"VALUE","value":7.5999970436096},"UnitContext.UniqueUiId":{"status":"VALUE","value":1007}},"index":34,"list":"EntityList","mode":"SNAPSHOT","sample":0},"format":"warhammer-vault-cco-probe-v1","kind":"ENTITY","metadata":{"gameVersion":"9.0.2.0","gameVersionSource":"INSTALLER_EXE_VERSION","scenarioId":"CCO_P0_CUSTOM_BATTLE","sessionId":"98c014a5-8c8c-4ed9-aa0c-7e57a45dd48c","staticSnapshotId":"c7bd67f50bb4df4f16254e5e9615324e615debf434c865de014e77e4483471e5","unitSize":"MEDIUM","unitSizeSource":"DECLARED_SETUP"},"runId":"snapshot-1","sequence":101,"sessionId":"98c014a5-8c8c-4ed9-aa0c-7e57a45dd48c:table: 000000046C6B0888:<35.4s>:1790858880:5134.32421875","timestamp":{"status":"VALUE","value":22300}}
<35.4s><22300ms> WH3_RUNTIME_PROBE|{"data":{"fields":{"EntityRecordContext.Key":{"status":"VALUE","value":"wh_dlc04_infantry_free_company_blood_dismembers"},"IsAlive":{"status":"VALUE","value":true},"IsEngine":{"status":"VALUE","value":false},"IsMan":{"status":"VALUE","value":true},"IsReloading":{"status":"VALUE","value":true},"Key":{"status":"VALUE","value":"wh_dlc04_infantry_free_company_blood_dismembers"},"Position":{"status":"VALUE","value":[-49.79220199585,526.71856689453,-3.7222278118134,0]},"ReloadPercent":{"status":"VALUE","value":0.15555590391159},"ReloadRemainingTime":{"status":"VALUE","value":7.5999970436096},"UnitContext.UniqueUiId":{"status":"VALUE","value":1007}},"index":35,"list":"EntityList","mode":"SNAPSHOT","sample":0},"format":"warhammer-vault-cco-probe-v1","kind":"ENTITY","metadata":{"gameVersion":"9.0.2.0","gameVersionSource":"INSTALLER_EXE_VERSION","scenarioId":"CCO_P0_CUSTOM_BATTLE","sessionId":"98c014a5-8c8c-4ed9-aa0c-7e57a45dd48c","staticSnapshotId":"c7bd67f50bb4df4f16254e5e9615324e615debf434c865de014e77e4483471e5","unitSize":"MEDIUM","unitSizeSource":"DECLARED_SETUP"},"runId":"snapshot-1","sequence":102,"sessionId":"98c014a5-8c8c-4ed9-aa0c-7e57a45dd48c:table: 000000046C6B0888:<35.4s>:1790858880:5134.32421875","timestamp":{"status":"VALUE","value":22300}}
<35.4s><22300ms> WH3_RUNTIME_PROBE|{"data":{"fields":{"EntityRecordContext.Key":{"status":"VALUE","value":"wh_dlc04_infantry_free_company_blood_dismembers"},"IsAlive":{"status":"VALUE","value":true},"IsEngine":{"status":"VALUE","value":false},"IsMan":{"status":"VALUE","value":true},"IsReloading":{"status":"VALUE","value":true},"Key":{"status":"VALUE","value":"wh_dlc04_infantry_free_company_blood_dismembers"},"Position":{"status":"VALUE","value":[-47.802047729492,527.62072753906,5.9650731086731,0]},"ReloadPercent":{"status":"VALUE","value":0.46666669845581},"ReloadRemainingTime":{"status":"VALUE","value":4.7999997138977},"UnitContext.UniqueUiId":{"status":"VALUE","value":1007}},"index":36,"list":"EntityList","mode":"SNAPSHOT","sample":0},"format":"warhammer-vault-cco-probe-v1","kind":"ENTITY","metadata":{"gameVersion":"9.0.2.0","gameVersionSource":"INSTALLER_EXE_VERSION","scenarioId":"CCO_P0_CUSTOM_BATTLE","sessionId":"98c014a5-8c8c-4ed9-aa0c-7e57a45dd48c","staticSnapshotId":"c7bd67f50bb4df4f16254e5e9615324e615debf434c865de014e77e4483471e5","unitSize":"MEDIUM","unitSizeSource":"DECLARED_SETUP"},"runId":"snapshot-1","sequence":103,"sessionId":"98c014a5-8c8c-4ed9-aa0c-7e57a45dd48c:table: 000000046C6B0888:<35.4s>:1790858880:5134.32421875","timestamp":{"status":"VALUE","value":22300}}
<35.4s><22300ms> WH3_RUNTIME_PROBE|{"data":{"fields":{"EntityRecordContext.Key":{"status":"VALUE","value":"wh_dlc04_infantry_free_company_blood_dismembers"},"IsAlive":{"status":"VALUE","value":true},"IsEngine":{"status":"VALUE","value":false},"IsMan":{"status":"VALUE","value":true},"IsReloading":{"status":"VALUE","value":true},"Key":{"status":"VALUE","value":"wh_dlc04_infantry_free_company_blood_dismembers"},"Position":{"status":"VALUE","value":[-50.154537200928,526.63671875,-5.0094604492188,0]},"ReloadPercent":{"status":"VALUE","value":0.15555590391159},"ReloadRemainingTime":{"status":"VALUE","value":7.5999970436096},"UnitContext.UniqueUiId":{"status":"VALUE","value":1007}},"index":37,"list":"EntityList","mode":"SNAPSHOT","sample":0},"format":"warhammer-vault-cco-probe-v1","kind":"ENTITY","metadata":{"gameVersion":"9.0.2.0","gameVersionSource":"INSTALLER_EXE_VERSION","scenarioId":"CCO_P0_CUSTOM_BATTLE","sessionId":"98c014a5-8c8c-4ed9-aa0c-7e57a45dd48c","staticSnapshotId":"c7bd67f50bb4df4f16254e5e9615324e615debf434c865de014e77e4483471e5","unitSize":"MEDIUM","unitSizeSource":"DECLARED_SETUP"},"runId":"snapshot-1","sequence":104,"sessionId":"98c014a5-8c8c-4ed9-aa0c-7e57a45dd48c:table: 000000046C6B0888:<35.4s>:1790858880:5134.32421875","timestamp":{"status":"VALUE","value":22300}}
<35.4s><22300ms> WH3_RUNTIME_PROBE|{"data":{"fields":{"EntityRecordContext.Key":{"status":"VALUE","value":"wh_dlc04_infantry_free_company_blood_dismembers"},"IsAlive":{"status":"VALUE","value":true},"IsEngine":{"status":"VALUE","value":false},"IsMan":{"status":"VALUE","value":true},"IsReloading":{"status":"VALUE","value":true},"Key":{"status":"VALUE","value":"wh_dlc04_infantry_free_company_blood_dismembers"},"Position":{"status":"VALUE","value":[-47.463409423828,527.73205566406,7.2310199737549,0]},"ReloadPercent":{"status":"VALUE","value":0.1222226023674},"ReloadRemainingTime":{"status":"VALUE","value":7.8999967575073},"UnitContext.UniqueUiId":{"status":"VALUE","value":1007}},"index":38,"list":"EntityList","mode":"SNAPSHOT","sample":0},"format":"warhammer-vault-cco-probe-v1","kind":"ENTITY","metadata":{"gameVersion":"9.0.2.0","gameVersionSource":"INSTALLER_EXE_VERSION","scenarioId":"CCO_P0_CUSTOM_BATTLE","sessionId":"98c014a5-8c8c-4ed9-aa0c-7e57a45dd48c","staticSnapshotId":"c7bd67f50bb4df4f16254e5e9615324e615debf434c865de014e77e4483471e5","unitSize":"MEDIUM","unitSizeSource":"DECLARED_SETUP"},"runId":"snapshot-1","sequence":105,"sessionId":"98c014a5-8c8c-4ed9-aa0c-7e57a45dd48c:table: 000000046C6B0888:<35.4s>:1790858880:5134.32421875","timestamp":{"status":"VALUE","value":22300}}
<35.4s><22300ms> WH3_RUNTIME_PROBE|{"data":{"fields":{"EntityRecordContext.Key":{"status":"VALUE","value":"wh_dlc04_infantry_free_company_blood_dismembers"},"IsAlive":{"status":"VALUE","value":true},"IsEngine":{"status":"VALUE","value":false},"IsMan":{"status":"VALUE","value":true},"IsReloading":{"status":"VALUE","value":true},"Key":{"status":"VALUE","value":"wh_dlc04_infantry_free_company_blood_dismembers"},"Position":{"status":"VALUE","value":[-50.343215942383,526.51770019531,-6.7018890380859,0]},"ReloadPercent":{"status":"VALUE","value":0.46666669845581},"ReloadRemainingTime":{"status":"VALUE","value":4.7999997138977},"UnitContext.UniqueUiId":{"status":"VALUE","value":1007}},"index":39,"list":"EntityList","mode":"SNAPSHOT","sample":0},"format":"warhammer-vault-cco-probe-v1","kind":"ENTITY","metadata":{"gameVersion":"9.0.2.0","gameVersionSource":"INSTALLER_EXE_VERSION","scenarioId":"CCO_P0_CUSTOM_BATTLE","sessionId":"98c014a5-8c8c-4ed9-aa0c-7e57a45dd48c","staticSnapshotId":"c7bd67f50bb4df4f16254e5e9615324e615debf434c865de014e77e4483471e5","unitSize":"MEDIUM","unitSizeSource":"DECLARED_SETUP"},"runId":"snapshot-1","sequence":106,"sessionId":"98c014a5-8c8c-4ed9-aa0c-7e57a45dd48c:table: 000000046C6B0888:<35.4s>:1790858880:5134.32421875","timestamp":{"status":"VALUE","value":22300}}
<35.4s><22300ms> WH3_RUNTIME_PROBE|{"data":{"fields":{"EntityRecordContext.Key":{"status":"VALUE","value":"wh_dlc04_infantry_free_company_blood_dismembers"},"IsAlive":{"status":"VALUE","value":true},"IsEngine":{"status":"VALUE","value":false},"IsMan":{"status":"VALUE","value":true},"IsReloading":{"status":"VALUE","value":true},"Key":{"status":"VALUE","value":"wh_dlc04_infantry_free_company_blood_dismembers"},"Position":{"status":"VALUE","value":[-47.665855407715,527.94586181641,9.3988027572632,0]},"ReloadPercent":{"status":"VALUE","value":0.15555590391159},"ReloadRemainingTime":{"status":"VALUE","value":7.5999970436096},"UnitContext.UniqueUiId":{"status":"VALUE","value":1007}},"index":40,"list":"EntityList","mode":"SNAPSHOT","sample":0},"format":"warhammer-vault-cco-probe-v1","kind":"ENTITY","metadata":{"gameVersion":"9.0.2.0","gameVersionSource":"INSTALLER_EXE_VERSION","scenarioId":"CCO_P0_CUSTOM_BATTLE","sessionId":"98c014a5-8c8c-4ed9-aa0c-7e57a45dd48c","staticSnapshotId":"c7bd67f50bb4df4f16254e5e9615324e615debf434c865de014e77e4483471e5","unitSize":"MEDIUM","unitSizeSource":"DECLARED_SETUP"},"runId":"snapshot-1","sequence":107,"sessionId":"98c014a5-8c8c-4ed9-aa0c-7e57a45dd48c:table: 000000046C6B0888:<35.4s>:1790858880:5134.32421875","timestamp":{"status":"VALUE","value":22300}}
<35.4s><22300ms> WH3_RUNTIME_PROBE|{"data":{"fields":{"EntityRecordContext.Key":{"status":"VALUE","value":"wh_dlc04_infantry_free_company_blood_dismembers"},"IsAlive":{"status":"VALUE","value":true},"IsEngine":{"status":"VALUE","value":false},"IsMan":{"status":"VALUE","value":true},"IsReloading":{"status":"VALUE","value":true},"Key":{"status":"VALUE","value":"wh_dlc04_infantry_free_company_blood_dismembers"},"Position":{"status":"VALUE","value":[-50.462825775146,526.42639160156,-8.0488862991333,0]},"ReloadPercent":{"status":"VALUE","value":0.43333339691162},"ReloadRemainingTime":{"status":"VALUE","value":5.0999994277954},"UnitContext.UniqueUiId":{"status":"VALUE","value":1007}},"index":41,"list":"EntityList","mode":"SNAPSHOT","sample":0},"format":"warhammer-vault-cco-probe-v1","kind":"ENTITY","metadata":{"gameVersion":"9.0.2.0","gameVersionSource":"INSTALLER_EXE_VERSION","scenarioId":"CCO_P0_CUSTOM_BATTLE","sessionId":"98c014a5-8c8c-4ed9-aa0c-7e57a45dd48c","staticSnapshotId":"c7bd67f50bb4df4f16254e5e9615324e615debf434c865de014e77e4483471e5","unitSize":"MEDIUM","unitSizeSource":"DECLARED_SETUP"},"runId":"snapshot-1","sequence":108,"sessionId":"98c014a5-8c8c-4ed9-aa0c-7e57a45dd48c:table: 000000046C6B0888:<35.4s>:1790858880:5134.32421875","timestamp":{"status":"VALUE","value":22300}}
<35.4s><22300ms> WH3_RUNTIME_PROBE|{"data":{"fields":{"EntityRecordContext.Key":{"status":"VALUE","value":"wh_dlc04_infantry_free_company_blood_dismembers"},"IsAlive":{"status":"VALUE","value":true},"IsEngine":{"status":"VALUE","value":false},"IsMan":{"status":"VALUE","value":true},"IsReloading":{"status":"VALUE","value":true},"Key":{"status":"VALUE","value":"wh_dlc04_infantry_free_company_blood_dismembers"},"Position":{"status":"VALUE","value":[-47.028190612793,528.00744628906,10.531680107117,0]},"ReloadPercent":{"status":"VALUE","value":0.13333368301392},"ReloadRemainingTime":{"status":"VALUE","value":7.7999968528748},"UnitContext.UniqueUiId":{"status":"VALUE","value":1007}},"index":42,"list":"EntityList","mode":"SNAPSHOT","sample":0},"format":"warhammer-vault-cco-probe-v1","kind":"ENTITY","metadata":{"gameVersion":"9.0.2.0","gameVersionSource":"INSTALLER_EXE_VERSION","scenarioId":"CCO_P0_CUSTOM_BATTLE","sessionId":"98c014a5-8c8c-4ed9-aa0c-7e57a45dd48c","staticSnapshotId":"c7bd67f50bb4df4f16254e5e9615324e615debf434c865de014e77e4483471e5","unitSize":"MEDIUM","unitSizeSource":"DECLARED_SETUP"},"runId":"snapshot-1","sequence":109,"sessionId":"98c014a5-8c8c-4ed9-aa0c-7e57a45dd48c:table: 000000046C6B0888:<35.4s>:1790858880:5134.32421875","timestamp":{"status":"VALUE","value":22300}}
<35.4s><22300ms> WH3_RUNTIME_PROBE|{"data":{"fields":{"EntityRecordContext.Key":{"status":"VALUE","value":"wh_dlc04_infantry_free_company_blood_dismembers"},"IsAlive":{"status":"VALUE","value":true},"IsEngine":{"status":"VALUE","value":false},"IsMan":{"status":"VALUE","value":true},"IsReloading":{"status":"VALUE","value":true},"Key":{"status":"VALUE","value":"wh_dlc04_infantry_free_company_blood_dismembers"},"Position":{"status":"VALUE","value":[-50.721405029297,526.32940673828,-9.7701435089111,0]},"ReloadPercent":{"status":"VALUE","value":0.35555571317673},"ReloadRemainingTime":{"status":"VALUE","value":5.7999987602234},"UnitContext.UniqueUiId":{"status":"VALUE","value":1007}},"index":43,"list":"EntityList","mode":"SNAPSHOT","sample":0},"format":"warhammer-vault-cco-probe-v1","kind":"ENTITY","metadata":{"gameVersion":"9.0.2.0","gameVersionSource":"INSTALLER_EXE_VERSION","scenarioId":"CCO_P0_CUSTOM_BATTLE","sessionId":"98c014a5-8c8c-4ed9-aa0c-7e57a45dd48c","staticSnapshotId":"c7bd67f50bb4df4f16254e5e9615324e615debf434c865de014e77e4483471e5","unitSize":"MEDIUM","unitSizeSource":"DECLARED_SETUP"},"runId":"snapshot-1","sequence":110,"sessionId":"98c014a5-8c8c-4ed9-aa0c-7e57a45dd48c:table: 000000046C6B0888:<35.4s>:1790858880:5134.32421875","timestamp":{"status":"VALUE","value":22300}}
<35.4s><22300ms> WH3_RUNTIME_PROBE|{"data":{"fields":{"EntityRecordContext.Key":{"status":"VALUE","value":"wh_dlc04_infantry_free_company_blood_dismembers"},"IsAlive":{"status":"VALUE","value":true},"IsEngine":{"status":"VALUE","value":false},"IsMan":{"status":"VALUE","value":true},"IsReloading":{"status":"VALUE","value":true},"Key":{"status":"VALUE","value":"wh_dlc04_infantry_free_company_blood_dismembers"},"Position":{"status":"VALUE","value":[-46.841556549072,528.11267089844,12.250021934509,0]},"ReloadPercent":{"status":"VALUE","value":0.11111146211624},"ReloadRemainingTime":{"status":"VALUE","value":7.9999966621399},"UnitContext.UniqueUiId":{"status":"VALUE","value":1007}},"index":44,"list":"EntityList","mode":"SNAPSHOT","sample":0},"format":"warhammer-vault-cco-probe-v1","kind":"ENTITY","metadata":{"gameVersion":"9.0.2.0","gameVersionSource":"INSTALLER_EXE_VERSION","scenarioId":"CCO_P0_CUSTOM_BATTLE","sessionId":"98c014a5-8c8c-4ed9-aa0c-7e57a45dd48c","staticSnapshotId":"c7bd67f50bb4df4f16254e5e9615324e615debf434c865de014e77e4483471e5","unitSize":"MEDIUM","unitSizeSource":"DECLARED_SETUP"},"runId":"snapshot-1","sequence":111,"sessionId":"98c014a5-8c8c-4ed9-aa0c-7e57a45dd48c:table: 000000046C6B0888:<35.4s>:1790858880:5134.32421875","timestamp":{"status":"VALUE","value":22300}}
<35.4s><22300ms> WH3_RUNTIME_PROBE|{"data":{"fields":{"EntityRecordContext.Key":{"status":"VALUE","value":"wh_dlc04_infantry_free_company_blood_dismembers"},"IsAlive":{"status":"VALUE","value":true},"IsEngine":{"status":"VALUE","value":false},"IsMan":{"status":"VALUE","value":true},"IsReloading":{"status":"VALUE","value":true},"Key":{"status":"VALUE","value":"wh_dlc04_infantry_free_company_blood_dismembers"},"Position":{"status":"VALUE","value":[-47.020877838135,526.96673583984,0.5270990729332,0]},"ReloadPercent":{"status":"VALUE","value":0.15555590391159},"ReloadRemainingTime":{"status":"VALUE","value":7.5999970436096},"UnitContext.UniqueUiId":{"status":"VALUE","value":1007}},"index":45,"list":"EntityList","mode":"SNAPSHOT","sample":0},"format":"warhammer-vault-cco-probe-v1","kind":"ENTITY","metadata":{"gameVersion":"9.0.2.0","gameVersionSource":"INSTALLER_EXE_VERSION","scenarioId":"CCO_P0_CUSTOM_BATTLE","sessionId":"98c014a5-8c8c-4ed9-aa0c-7e57a45dd48c","staticSnapshotId":"c7bd67f50bb4df4f16254e5e9615324e615debf434c865de014e77e4483471e5","unitSize":"MEDIUM","unitSizeSource":"DECLARED_SETUP"},"runId":"snapshot-1","sequence":112,"sessionId":"98c014a5-8c8c-4ed9-aa0c-7e57a45dd48c:table: 000000046C6B0888:<35.4s>:1790858880:5134.32421875","timestamp":{"status":"VALUE","value":22300}}
<35.4s><22300ms> WH3_RUNTIME_PROBE|{"data":{"fields":{"EntityRecordContext.Key":{"status":"VALUE","value":"wh_dlc04_infantry_free_company_blood_dismembers"},"IsAlive":{"status":"VALUE","value":true},"IsEngine":{"status":"VALUE","value":false},"IsMan":{"status":"VALUE","value":true},"IsReloading":{"status":"VALUE","value":true},"Key":{"status":"VALUE","value":"wh_dlc04_infantry_free_company_blood_dismembers"},"Position":{"status":"VALUE","value":[-47.012214660645,527.1904296875,2.5422840118408,0]},"ReloadPercent":{"status":"VALUE","value":0.01111114025116},"ReloadRemainingTime":{"status":"VALUE","value":8.8999996185303},"UnitContext.UniqueUiId":{"status":"VALUE","value":1007}},"index":46,"list":"EntityList","mode":"SNAPSHOT","sample":0},"format":"warhammer-vault-cco-probe-v1","kind":"ENTITY","metadata":{"gameVersion":"9.0.2.0","gameVersionSource":"INSTALLER_EXE_VERSION","scenarioId":"CCO_P0_CUSTOM_BATTLE","sessionId":"98c014a5-8c8c-4ed9-aa0c-7e57a45dd48c","staticSnapshotId":"c7bd67f50bb4df4f16254e5e9615324e615debf434c865de014e77e4483471e5","unitSize":"MEDIUM","unitSizeSource":"DECLARED_SETUP"},"runId":"snapshot-1","sequence":113,"sessionId":"98c014a5-8c8c-4ed9-aa0c-7e57a45dd48c:table: 000000046C6B0888:<35.4s>:1790858880:5134.32421875","timestamp":{"status":"VALUE","value":22300}}
<35.4s><22300ms> WH3_RUNTIME_PROBE|{"data":{"fields":{"EntityRecordContext.Key":{"status":"VALUE","value":"wh_dlc04_infantry_free_company_blood_dismembers"},"IsAlive":{"status":"VALUE","value":true},"IsEngine":{"status":"VALUE","value":false},"IsMan":{"status":"VALUE","value":true},"IsReloading":{"status":"VALUE","value":true},"Key":{"status":"VALUE","value":"wh_dlc04_infantry_free_company_blood_dismembers"},"Position":{"status":"VALUE","value":[-46.845478057861,526.78735351563,-1.0732171535492,0]},"ReloadPercent":{"status":"VALUE","value":0.15555590391159},"ReloadRemainingTime":{"status":"VALUE","value":7.5999970436096},"UnitContext.UniqueUiId":{"status":"VALUE","value":1007}},"index":47,"list":"EntityList","mode":"SNAPSHOT","sample":0},"format":"warhammer-vault-cco-probe-v1","kind":"ENTITY","metadata":{"gameVersion":"9.0.2.0","gameVersionSource":"INSTALLER_EXE_VERSION","scenarioId":"CCO_P0_CUSTOM_BATTLE","sessionId":"98c014a5-8c8c-4ed9-aa0c-7e57a45dd48c","staticSnapshotId":"c7bd67f50bb4df4f16254e5e9615324e615debf434c865de014e77e4483471e5","unitSize":"MEDIUM","unitSizeSource":"DECLARED_SETUP"},"runId":"snapshot-1","sequence":114,"sessionId":"98c014a5-8c8c-4ed9-aa0c-7e57a45dd48c:table: 000000046C6B0888:<35.4s>:1790858880:5134.32421875","timestamp":{"status":"VALUE","value":22300}}
<35.4s><22300ms> WH3_RUNTIME_PROBE|{"data":{"fields":{"EntityRecordContext.Key":{"status":"VALUE","value":"wh_dlc04_infantry_free_company_blood_dismembers"},"IsAlive":{"status":"VALUE","value":true},"IsEngine":{"status":"VALUE","value":false},"IsMan":{"status":"VALUE","value":true},"IsReloading":{"status":"VALUE","value":true},"Key":{"status":"VALUE","value":"wh_dlc04_infantry_free_company_blood_dismembers"},"Position":{"status":"VALUE","value":[-46.9733543396,527.33435058594,3.8442399501801,0]},"ReloadPercent":{"status":"VALUE","value":0.11111146211624},"ReloadRemainingTime":{"status":"VALUE","value":7.9999966621399},"UnitContext.UniqueUiId":{"status":"VALUE","value":1007}},"index":48,"list":"EntityList","mode":"SNAPSHOT","sample":0},"format":"warhammer-vault-cco-probe-v1","kind":"ENTITY","metadata":{"gameVersion":"9.0.2.0","gameVersionSource":"INSTALLER_EXE_VERSION","scenarioId":"CCO_P0_CUSTOM_BATTLE","sessionId":"98c014a5-8c8c-4ed9-aa0c-7e57a45dd48c","staticSnapshotId":"c7bd67f50bb4df4f16254e5e9615324e615debf434c865de014e77e4483471e5","unitSize":"MEDIUM","unitSizeSource":"DECLARED_SETUP"},"runId":"snapshot-1","sequence":115,"sessionId":"98c014a5-8c8c-4ed9-aa0c-7e57a45dd48c:table: 000000046C6B0888:<35.4s>:1790858880:5134.32421875","timestamp":{"status":"VALUE","value":22300}}
<35.4s><22300ms> WH3_RUNTIME_PROBE|{"data":{"fields":{"EntityRecordContext.Key":{"status":"VALUE","value":"wh_dlc04_infantry_free_company_blood_dismembers"},"IsAlive":{"status":"VALUE","value":true},"IsEngine":{"status":"VALUE","value":false},"IsMan":{"status":"VALUE","value":true},"IsReloading":{"status":"VALUE","value":true},"Key":{"status":"VALUE","value":"wh_dlc04_infantry_free_company_blood_dismembers"},"Position":{"status":"VALUE","value":[-47.890064239502,526.71862792969,-2.3995838165283,0]},"ReloadPercent":{"status":"VALUE","value":0.15555590391159},"ReloadRemainingTime":{"status":"VALUE","value":7.5999970436096},"UnitContext.UniqueUiId":{"status":"VALUE","value":1007}},"index":49,"list":"EntityList","mode":"SNAPSHOT","sample":0},"format":"warhammer-vault-cco-probe-v1","kind":"ENTITY","metadata":{"gameVersion":"9.0.2.0","gameVersionSource":"INSTALLER_EXE_VERSION","scenarioId":"CCO_P0_CUSTOM_BATTLE","sessionId":"98c014a5-8c8c-4ed9-aa0c-7e57a45dd48c","staticSnapshotId":"c7bd67f50bb4df4f16254e5e9615324e615debf434c865de014e77e4483471e5","unitSize":"MEDIUM","unitSizeSource":"DECLARED_SETUP"},"runId":"snapshot-1","sequence":116,"sessionId":"98c014a5-8c8c-4ed9-aa0c-7e57a45dd48c:table: 000000046C6B0888:<35.4s>:1790858880:5134.32421875","timestamp":{"status":"VALUE","value":22300}}
<35.4s><22300ms> WH3_RUNTIME_PROBE|{"data":{"fields":{"EntityRecordContext.Key":{"status":"VALUE","value":"wh_dlc04_infantry_free_company_blood_dismembers"},"IsAlive":{"status":"VALUE","value":true},"IsEngine":{"status":"VALUE","value":false},"IsMan":{"status":"VALUE","value":true},"IsReloading":{"status":"VALUE","value":true},"Key":{"status":"VALUE","value":"wh_dlc04_infantry_free_company_blood_dismembers"},"Position":{"status":"VALUE","value":[-46.051307678223,527.44696044922,5.3539309501648,0]},"ReloadPercent":{"status":"VALUE","value":0.15555590391159},"ReloadRemainingTime":{"status":"VALUE","value":7.5999970436096},"UnitContext.UniqueUiId":{"status":"VALUE","value":1007}},"index":50,"list":"EntityList","mode":"SNAPSHOT","sample":0},"format":"warhammer-vault-cco-probe-v1","kind":"ENTITY","metadata":{"gameVersion":"9.0.2.0","gameVersionSource":"INSTALLER_EXE_VERSION","scenarioId":"CCO_P0_CUSTOM_BATTLE","sessionId":"98c014a5-8c8c-4ed9-aa0c-7e57a45dd48c","staticSnapshotId":"c7bd67f50bb4df4f16254e5e9615324e615debf434c865de014e77e4483471e5","unitSize":"MEDIUM","unitSizeSource":"DECLARED_SETUP"},"runId":"snapshot-1","sequence":117,"sessionId":"98c014a5-8c8c-4ed9-aa0c-7e57a45dd48c:table: 000000046C6B0888:<35.4s>:1790858880:5134.32421875","timestamp":{"status":"VALUE","value":22300}}
<35.4s><22300ms> WH3_RUNTIME_PROBE|{"data":{"fields":{"EntityRecordContext.Key":{"status":"VALUE","value":"wh_dlc04_infantry_free_company_blood_dismembers"},"IsAlive":{"status":"VALUE","value":true},"IsEngine":{"status":"VALUE","value":false},"IsMan":{"status":"VALUE","value":true},"IsReloading":{"status":"VALUE","value":true},"Key":{"status":"VALUE","value":"wh_dlc04_infantry_free_company_blood_dismembers"},"Position":{"status":"VALUE","value":[-47.792739868164,526.55578613281,-4.0736808776855,0]},"ReloadPercent":{"status":"VALUE","value":0.15555590391159},"ReloadRemainingTime":{"status":"VALUE","value":7.5999970436096},"UnitContext.UniqueUiId":{"status":"VALUE","value":1007}},"index":51,"list":"EntityList","mode":"SNAPSHOT","sample":0},"format":"warhammer-vault-cco-probe-v1","kind":"ENTITY","metadata":{"gameVersion":"9.0.2.0","gameVersionSource":"INSTALLER_EXE_VERSION","scenarioId":"CCO_P0_CUSTOM_BATTLE","sessionId":"98c014a5-8c8c-4ed9-aa0c-7e57a45dd48c","staticSnapshotId":"c7bd67f50bb4df4f16254e5e9615324e615debf434c865de014e77e4483471e5","unitSize":"MEDIUM","unitSizeSource":"DECLARED_SETUP"},"runId":"snapshot-1","sequence":118,"sessionId":"98c014a5-8c8c-4ed9-aa0c-7e57a45dd48c:table: 000000046C6B0888:<35.4s>:1790858880:5134.32421875","timestamp":{"status":"VALUE","value":22300}}
<35.4s><22300ms> WH3_RUNTIME_PROBE|{"data":{"fields":{"EntityRecordContext.Key":{"status":"VALUE","value":"wh_dlc04_infantry_free_company_blood_dismembers"},"IsAlive":{"status":"VALUE","value":true},"IsEngine":{"status":"VALUE","value":false},"IsMan":{"status":"VALUE","value":true},"IsReloading":{"status":"VALUE","value":true},"Key":{"status":"VALUE","value":"wh_dlc04_infantry_free_company_blood_dismembers"},"Position":{"status":"VALUE","value":[-46.211311340332,527.62084960938,6.8817729949951,0]},"ReloadPercent":{"status":"VALUE","value":0.44444447755814},"ReloadRemainingTime":{"status":"VALUE","value":4.9999995231628},"UnitContext.UniqueUiId":{"status":"VALUE","value":1007}},"index":52,"list":"EntityList","mode":"SNAPSHOT","sample":0},"format":"warhammer-vault-cco-probe-v1","kind":"ENTITY","metadata":{"gameVersion":"9.0.2.0","gameVersionSource":"INSTALLER_EXE_VERSION","scenarioId":"CCO_P0_CUSTOM_BATTLE","sessionId":"98c014a5-8c8c-4ed9-aa0c-7e57a45dd48c","staticSnapshotId":"c7bd67f50bb4df4f16254e5e9615324e615debf434c865de014e77e4483471e5","unitSize":"MEDIUM","unitSizeSource":"DECLARED_SETUP"},"runId":"snapshot-1","sequence":119,"sessionId":"98c014a5-8c8c-4ed9-aa0c-7e57a45dd48c:table: 000000046C6B0888:<35.4s>:1790858880:5134.32421875","timestamp":{"status":"VALUE","value":22300}}
<35.4s><22300ms> WH3_RUNTIME_PROBE|{"data":{"fields":{"EntityRecordContext.Key":{"status":"VALUE","value":"wh_dlc04_infantry_free_company_blood_dismembers"},"IsAlive":{"status":"VALUE","value":true},"IsEngine":{"status":"VALUE","value":false},"IsMan":{"status":"VALUE","value":true},"IsReloading":{"status":"VALUE","value":true},"Key":{"status":"VALUE","value":"wh_dlc04_infantry_free_company_blood_dismembers"},"Position":{"status":"VALUE","value":[-48.549709320068,526.46978759766,-5.7029795646667,0]},"ReloadPercent":{"status":"VALUE","value":0.35555571317673},"ReloadRemainingTime":{"status":"VALUE","value":5.7999987602234},"UnitContext.UniqueUiId":{"status":"VALUE","value":1007}},"index":53,"list":"EntityList","mode":"SNAPSHOT","sample":0},"format":"warhammer-vault-cco-probe-v1","kind":"ENTITY","metadata":{"gameVersion":"9.0.2.0","gameVersionSource":"INSTALLER_EXE_VERSION","scenarioId":"CCO_P0_CUSTOM_BATTLE","sessionId":"98c014a5-8c8c-4ed9-aa0c-7e57a45dd48c","staticSnapshotId":"c7bd67f50bb4df4f16254e5e9615324e615debf434c865de014e77e4483471e5","unitSize":"MEDIUM","unitSizeSource":"DECLARED_SETUP"},"runId":"snapshot-1","sequence":120,"sessionId":"98c014a5-8c8c-4ed9-aa0c-7e57a45dd48c:table: 000000046C6B0888:<35.4s>:1790858880:5134.32421875","timestamp":{"status":"VALUE","value":22300}}
<35.4s><22300ms> WH3_RUNTIME_PROBE|{"data":{"fields":{"EntityRecordContext.Key":{"status":"VALUE","value":"wh_dlc04_infantry_free_company_blood_dismembers"},"IsAlive":{"status":"VALUE","value":true},"IsEngine":{"status":"VALUE","value":false},"IsMan":{"status":"VALUE","value":true},"IsReloading":{"status":"VALUE","value":true},"Key":{"status":"VALUE","value":"wh_dlc04_infantry_free_company_blood_dismembers"},"Position":{"status":"VALUE","value":[-45.7158203125,527.76025390625,8.4740762710571,0]},"ReloadPercent":{"status":"VALUE","value":0.42222231626511},"ReloadRemainingTime":{"status":"VALUE","value":5.199999332428},"UnitContext.UniqueUiId":{"status":"VALUE","value":1007}},"index":54,"list":"EntityList","mode":"SNAPSHOT","sample":0},"format":"warhammer-vault-cco-probe-v1","kind":"ENTITY","metadata":{"gameVersion":"9.0.2.0","gameVersionSource":"INSTALLER_EXE_VERSION","scenarioId":"CCO_P0_CUSTOM_BATTLE","sessionId":"98c014a5-8c8c-4ed9-aa0c-7e57a45dd48c","staticSnapshotId":"c7bd67f50bb4df4f16254e5e9615324e615debf434c865de014e77e4483471e5","unitSize":"MEDIUM","unitSizeSource":"DECLARED_SETUP"},"runId":"snapshot-1","sequence":121,"sessionId":"98c014a5-8c8c-4ed9-aa0c-7e57a45dd48c:table: 000000046C6B0888:<35.4s>:1790858880:5134.32421875","timestamp":{"status":"VALUE","value":22300}}
<35.4s><22300ms> WH3_RUNTIME_PROBE|{"data":{"fields":{"EntityRecordContext.Key":{"status":"VALUE","value":"wh_dlc04_infantry_free_company_blood_dismembers"},"IsAlive":{"status":"VALUE","value":true},"IsEngine":{"status":"VALUE","value":false},"IsMan":{"status":"VALUE","value":true},"IsReloading":{"status":"VALUE","value":true},"Key":{"status":"VALUE","value":"wh_dlc04_infantry_free_company_blood_dismembers"},"Position":{"status":"VALUE","value":[-48.299522399902,526.33251953125,-7.1935606002808,0]},"ReloadPercent":{"status":"VALUE","value":0.15555590391159},"ReloadRemainingTime":{"status":"VALUE","value":7.5999970436096},"UnitContext.UniqueUiId":{"status":"VALUE","value":1007}},"index":55,"list":"EntityList","mode":"SNAPSHOT","sample":0},"format":"warhammer-vault-cco-probe-v1","kind":"ENTITY","metadata":{"gameVersion":"9.0.2.0","gameVersionSource":"INSTALLER_EXE_VERSION","scenarioId":"CCO_P0_CUSTOM_BATTLE","sessionId":"98c014a5-8c8c-4ed9-aa0c-7e57a45dd48c","staticSnapshotId":"c7bd67f50bb4df4f16254e5e9615324e615debf434c865de014e77e4483471e5","unitSize":"MEDIUM","unitSizeSource":"DECLARED_SETUP"},"runId":"snapshot-1","sequence":122,"sessionId":"98c014a5-8c8c-4ed9-aa0c-7e57a45dd48c:table: 000000046C6B0888:<35.4s>:1790858880:5134.32421875","timestamp":{"status":"VALUE","value":22300}}
<35.4s><22300ms> WH3_RUNTIME_PROBE|{"data":{"fields":{"EntityRecordContext.Key":{"status":"VALUE","value":"wh_dlc04_infantry_free_company_blood_dismembers"},"IsAlive":{"status":"VALUE","value":true},"IsEngine":{"status":"VALUE","value":false},"IsMan":{"status":"VALUE","value":true},"IsReloading":{"status":"VALUE","value":true},"Key":{"status":"VALUE","value":"wh_dlc04_infantry_free_company_blood_dismembers"},"Position":{"status":"VALUE","value":[-45.180938720703,527.91955566406,10.392966270447,0]},"ReloadPercent":{"status":"VALUE","value":0.44444447755814},"ReloadRemainingTime":{"status":"VALUE","value":4.9999995231628},"UnitContext.UniqueUiId":{"status":"VALUE","value":1007}},"index":56,"list":"EntityList","mode":"SNAPSHOT","sample":0},"format":"warhammer-vault-cco-probe-v1","kind":"ENTITY","metadata":{"gameVersion":"9.0.2.0","gameVersionSource":"INSTALLER_EXE_VERSION","scenarioId":"CCO_P0_CUSTOM_BATTLE","sessionId":"98c014a5-8c8c-4ed9-aa0c-7e57a45dd48c","staticSnapshotId":"c7bd67f50bb4df4f16254e5e9615324e615debf434c865de014e77e4483471e5","unitSize":"MEDIUM","unitSizeSource":"DECLARED_SETUP"},"runId":"snapshot-1","sequence":123,"sessionId":"98c014a5-8c8c-4ed9-aa0c-7e57a45dd48c:table: 000000046C6B0888:<35.4s>:1790858880:5134.32421875","timestamp":{"status":"VALUE","value":22300}}
<35.4s><22300ms> WH3_RUNTIME_PROBE|{"data":{"fields":{"EntityRecordContext.Key":{"status":"VALUE","value":"wh_dlc04_infantry_free_company_blood_dismembers"},"IsAlive":{"status":"VALUE","value":true},"IsEngine":{"status":"VALUE","value":false},"IsMan":{"status":"VALUE","value":true},"IsReloading":{"status":"VALUE","value":true},"Key":{"status":"VALUE","value":"wh_dlc04_infantry_free_company_blood_dismembers"},"Position":{"status":"VALUE","value":[-48.971729278564,526.29748535156,-8.3062314987183,0]},"ReloadPercent":{"status":"VALUE","value":0.15555590391159},"ReloadRemainingTime":{"status":"VALUE","value":7.5999970436096},"UnitContext.UniqueUiId":{"status":"VALUE","value":1007}},"index":57,"list":"EntityList","mode":"SNAPSHOT","sample":0},"format":"warhammer-vault-cco-probe-v1","kind":"ENTITY","metadata":{"gameVersion":"9.0.2.0","gameVersionSource":"INSTALLER_EXE_VERSION","scenarioId":"CCO_P0_CUSTOM_BATTLE","sessionId":"98c014a5-8c8c-4ed9-aa0c-7e57a45dd48c","staticSnapshotId":"c7bd67f50bb4df4f16254e5e9615324e615debf434c865de014e77e4483471e5","unitSize":"MEDIUM","unitSizeSource":"DECLARED_SETUP"},"runId":"snapshot-1","sequence":124,"sessionId":"98c014a5-8c8c-4ed9-aa0c-7e57a45dd48c:table: 000000046C6B0888:<35.4s>:1790858880:5134.32421875","timestamp":{"status":"VALUE","value":22300}}
<35.4s><22300ms> WH3_RUNTIME_PROBE|{"data":{"fields":{"EntityRecordContext.Key":{"status":"VALUE","value":"wh_dlc04_infantry_free_company_blood_dismembers"},"IsAlive":{"status":"VALUE","value":true},"IsEngine":{"status":"VALUE","value":false},"IsMan":{"status":"VALUE","value":true},"IsReloading":{"status":"VALUE","value":true},"Key":{"status":"VALUE","value":"wh_dlc04_infantry_free_company_blood_dismembers"},"Position":{"status":"VALUE","value":[-44.754070281982,527.99353027344,11.649361610413,0]},"ReloadPercent":{"status":"VALUE","value":0.088889241218567},"ReloadRemainingTime":{"status":"VALUE","value":8.1999969482422},"UnitContext.UniqueUiId":{"status":"VALUE","value":1007}},"index":58,"list":"EntityList","mode":"SNAPSHOT","sample":0},"format":"warhammer-vault-cco-probe-v1","kind":"ENTITY","metadata":{"gameVersion":"9.0.2.0","gameVersionSource":"INSTALLER_EXE_VERSION","scenarioId":"CCO_P0_CUSTOM_BATTLE","sessionId":"98c014a5-8c8c-4ed9-aa0c-7e57a45dd48c","staticSnapshotId":"c7bd67f50bb4df4f16254e5e9615324e615debf434c865de014e77e4483471e5","unitSize":"MEDIUM","unitSizeSource":"DECLARED_SETUP"},"runId":"snapshot-1","sequence":125,"sessionId":"98c014a5-8c8c-4ed9-aa0c-7e57a45dd48c:table: 000000046C6B0888:<35.4s>:1790858880:5134.32421875","timestamp":{"status":"VALUE","value":22300}}
<35.4s><22300ms> WH3_RUNTIME_PROBE|{"data":{"fields":{"EntityRecordContext.Key":{"status":"VALUE","value":"wh_dlc04_infantry_free_company_blood_dismembers"},"IsAlive":{"status":"VALUE","value":true},"IsEngine":{"status":"VALUE","value":false},"IsMan":{"status":"VALUE","value":true},"IsReloading":{"status":"VALUE","value":true},"Key":{"status":"VALUE","value":"wh_dlc04_infantry_free_company_blood_dismembers"},"Position":{"status":"VALUE","value":[-48.908622741699,526.16534423828,-10.104699134827,0]},"ReloadPercent":{"status":"VALUE","value":0.15555590391159},"ReloadRemainingTime":{"status":"VALUE","value":7.5999970436096},"UnitContext.UniqueUiId":{"status":"VALUE","value":1007}},"index":59,"list":"EntityList","mode":"SNAPSHOT","sample":0},"format":"warhammer-vault-cco-probe-v1","kind":"ENTITY","metadata":{"gameVersion":"9.0.2.0","gameVersionSource":"INSTALLER_EXE_VERSION","scenarioId":"CCO_P0_CUSTOM_BATTLE","sessionId":"98c014a5-8c8c-4ed9-aa0c-7e57a45dd48c","staticSnapshotId":"c7bd67f50bb4df4f16254e5e9615324e615debf434c865de014e77e4483471e5","unitSize":"MEDIUM","unitSizeSource":"DECLARED_SETUP"},"runId":"snapshot-1","sequence":126,"sessionId":"98c014a5-8c8c-4ed9-aa0c-7e57a45dd48c:table: 000000046C6B0888:<35.4s>:1790858880:5134.32421875","timestamp":{"status":"VALUE","value":22300}}
<35.4s><22300ms> WH3_RUNTIME_PROBE|{"data":{"mode":"SNAPSHOT","sample":0},"format":"warhammer-vault-cco-probe-v1","kind":"SAMPLE_END","metadata":{"gameVersion":"9.0.2.0","gameVersionSource":"INSTALLER_EXE_VERSION","scenarioId":"CCO_P0_CUSTOM_BATTLE","sessionId":"98c014a5-8c8c-4ed9-aa0c-7e57a45dd48c","staticSnapshotId":"c7bd67f50bb4df4f16254e5e9615324e615debf434c865de014e77e4483471e5","unitSize":"MEDIUM","unitSizeSource":"DECLARED_SETUP"},"runId":"snapshot-1","sequence":127,"sessionId":"98c014a5-8c8c-4ed9-aa0c-7e57a45dd48c:table: 000000046C6B0888:<35.4s>:1790858880:5134.32421875","timestamp":{"status":"VALUE","value":22300}}
<35.4s><22300ms> WH3_RUNTIME_PROBE|{"data":{"fields":{"EntityRecordContext.Key":{"status":"VALUE","value":"wh_dlc04_infantry_free_company_blood_dismembers"},"IsAlive":{"status":"VALUE","value":true},"IsEngine":{"status":"VALUE","value":false},"IsMan":{"status":"VALUE","value":true},"IsReloading":{"status":"VALUE","value":true},"Key":{"status":"VALUE","value":"wh_dlc04_infantry_free_company_blood_dismembers"},"Position":{"status":"VALUE","value":[-49.510860443115,527.70642089844,6.2386684417725,0]},"ReloadPercent":{"status":"VALUE","value":0.15555590391159},"ReloadRemainingTime":{"status":"VALUE","value":7.5999970436096},"UnitContext.UniqueUiId":{"status":"VALUE","value":1007},"UnitContext.UnitRecordContext.Key":{"status":"VALUE","value":"wh_dlc04_emp_inf_free_company_militia_0"},"UnitContext.UnitRecordContext.UnitLandRecordContext.Key":{"status":"VALUE","value":"wh_dlc04_emp_inf_free_company_militia_0"}},"status":"OBSERVED"},"format":"warhammer-vault-cco-probe-v1","kind":"CURSOR","metadata":{"gameVersion":"9.0.2.0","gameVersionSource":"INSTALLER_EXE_VERSION","scenarioId":"CCO_P0_CUSTOM_BATTLE","sessionId":"98c014a5-8c8c-4ed9-aa0c-7e57a45dd48c","staticSnapshotId":"c7bd67f50bb4df4f16254e5e9615324e615debf434c865de014e77e4483471e5","unitSize":"MEDIUM","unitSizeSource":"DECLARED_SETUP"},"runId":"snapshot-1","sequence":128,"sessionId":"98c014a5-8c8c-4ed9-aa0c-7e57a45dd48c:table: 000000046C6B0888:<35.4s>:1790858880:5134.32421875","timestamp":{"status":"VALUE","value":22300}}
<35.4s><22300ms> WH3_RUNTIME_PROBE|{"data":{},"format":"warhammer-vault-cco-probe-v1","kind":"SNAPSHOT_END","metadata":{"gameVersion":"9.0.2.0","gameVersionSource":"INSTALLER_EXE_VERSION","scenarioId":"CCO_P0_CUSTOM_BATTLE","sessionId":"98c014a5-8c8c-4ed9-aa0c-7e57a45dd48c","staticSnapshotId":"c7bd67f50bb4df4f16254e5e9615324e615debf434c865de014e77e4483471e5","unitSize":"MEDIUM","unitSizeSource":"DECLARED_SETUP"},"runId":"snapshot-1","sequence":129,"sessionId":"98c014a5-8c8c-4ed9-aa0c-7e57a45dd48c:table: 000000046C6B0888:<35.4s>:1790858880:5134.32421875","timestamp":{"status":"VALUE","value":22300}}
<36.0s><22900ms> WH3_RUNTIME_PROBE|{"data":{"f10Installed":true},"format":"warhammer-vault-cco-probe-v1","kind":"SNAPSHOT_START","metadata":{"gameVersion":"9.0.2.0","gameVersionSource":"INSTALLER_EXE_VERSION","scenarioId":"CCO_P0_CUSTOM_BATTLE","sessionId":"98c014a5-8c8c-4ed9-aa0c-7e57a45dd48c","staticSnapshotId":"c7bd67f50bb4df4f16254e5e9615324e615debf434c865de014e77e4483471e5","unitSize":"MEDIUM","unitSizeSource":"DECLARED_SETUP"},"runId":"snapshot-2","sequence":130,"sessionId":"98c014a5-8c8c-4ed9-aa0c-7e57a45dd48c:table: 000000046C6B0888:<35.4s>:1790858880:5134.32421875","timestamp":{"status":"VALUE","value":22900}}
<36.0s><22900ms> WH3_RUNTIME_PROBE|{"data":{"fields":{"ActiveProjectileContext.Key":{"status":"VALUE","value":"wh_dlc04_emp_free_company_pistol_bullet"},"HealthMax":{"status":"VALUE","value":3660},"HealthValue":{"status":"VALUE","value":3660},"IsFiringMissiles":{"status":"VALUE","value":true},"IsInMelee":{"status":"VALUE","value":false},"IsPlayerUnit":{"status":"VALUE","value":true},"NumEntities":{"status":"VALUE","value":60},"NumEntitiesInitial":{"status":"VALUE","value":60},"PrimaryAmmoPercent":{"status":"VALUE","value":0.94537037611008},"ReloadPercentMax":{"status":"VALUE","value":1},"SecondaryAmmoPercent":{"status":"VALUE","value":0},"UniqueUiId":{"status":"VALUE","value":1007},"UnitRecordContext.Key":{"status":"VALUE","value":"wh_dlc04_emp_inf_free_company_militia_0"},"UnitRecordContext.UnitLandRecordContext.Key":{"status":"VALUE","value":"wh_dlc04_emp_inf_free_company_militia_0"}},"sample":0,"unchanged":false},"format":"warhammer-vault-cco-probe-v1","kind":"SNAPSHOT_UNIT","metadata":{"gameVersion":"9.0.2.0","gameVersionSource":"INSTALLER_EXE_VERSION","scenarioId":"CCO_P0_CUSTOM_BATTLE","sessionId":"98c014a5-8c8c-4ed9-aa0c-7e57a45dd48c","staticSnapshotId":"c7bd67f50bb4df4f16254e5e9615324e615debf434c865de014e77e4483471e5","unitSize":"MEDIUM","unitSizeSource":"DECLARED_SETUP"},"runId":"snapshot-2","sequence":131,"sessionId":"98c014a5-8c8c-4ed9-aa0c-7e57a45dd48c:table: 000000046C6B0888:<35.4s>:1790858880:5134.32421875","timestamp":{"status":"VALUE","value":22900}}
<36.0s><22900ms> WH3_RUNTIME_PROBE|{"data":{"complete":true,"list":"ManList","mode":"SNAPSHOT","sample":0,"size":{"status":"VALUE","value":60}},"format":"warhammer-vault-cco-probe-v1","kind":"COMPONENT_LIST","metadata":{"gameVersion":"9.0.2.0","gameVersionSource":"INSTALLER_EXE_VERSION","scenarioId":"CCO_P0_CUSTOM_BATTLE","sessionId":"98c014a5-8c8c-4ed9-aa0c-7e57a45dd48c","staticSnapshotId":"c7bd67f50bb4df4f16254e5e9615324e615debf434c865de014e77e4483471e5","unitSize":"MEDIUM","unitSizeSource":"DECLARED_SETUP"},"runId":"snapshot-2","sequence":132,"sessionId":"98c014a5-8c8c-4ed9-aa0c-7e57a45dd48c:table: 000000046C6B0888:<35.4s>:1790858880:5134.32421875","timestamp":{"status":"VALUE","value":22900}}
<36.0s><22900ms> WH3_RUNTIME_PROBE|{"data":{"fields":{"EntityRecordContext.Key":{"status":"VALUE","value":"wh_dlc04_infantry_free_company_blood_dismembers"},"IsAlive":{"status":"VALUE","value":true},"IsEngine":{"status":"VALUE","value":false},"IsMan":{"status":"VALUE","value":true},"IsReloading":{"status":"VALUE","value":true},"Key":{"status":"VALUE","value":"wh_dlc04_infantry_free_company_blood_dismembers"},"Position":{"status":"VALUE","value":[-52.605808258057,527.34405517578,1.8419549465179,0]},"ReloadPercent":{"status":"VALUE","value":0.22222250699997},"ReloadRemainingTime":{"status":"VALUE","value":6.9999976158142},"UnitContext.UniqueUiId":{"status":"VALUE","value":1007}},"index":0,"list":"ManList","mode":"SNAPSHOT","sample":0},"format":"warhammer-vault-cco-probe-v1","kind":"ENTITY","metadata":{"gameVersion":"9.0.2.0","gameVersionSource":"INSTALLER_EXE_VERSION","scenarioId":"CCO_P0_CUSTOM_BATTLE","sessionId":"98c014a5-8c8c-4ed9-aa0c-7e57a45dd48c","staticSnapshotId":"c7bd67f50bb4df4f16254e5e9615324e615debf434c865de014e77e4483471e5","unitSize":"MEDIUM","unitSizeSource":"DECLARED_SETUP"},"runId":"snapshot-2","sequence":133,"sessionId":"98c014a5-8c8c-4ed9-aa0c-7e57a45dd48c:table: 000000046C6B0888:<35.4s>:1790858880:5134.32421875","timestamp":{"status":"VALUE","value":22900}}
<36.0s><22900ms> WH3_RUNTIME_PROBE|{"data":{"fields":{"EntityRecordContext.Key":{"status":"VALUE","value":"wh_dlc04_infantry_free_company_blood_dismembers"},"IsAlive":{"status":"VALUE","value":true},"IsEngine":{"status":"VALUE","value":false},"IsMan":{"status":"VALUE","value":true},"IsReloading":{"status":"VALUE","value":true},"Key":{"status":"VALUE","value":"wh_dlc04_infantry_free_company_blood_dismembers"},"Position":{"status":"VALUE","value":[-52.550701141357,527.20562744141,0.29146930575371,0]},"ReloadPercent":{"status":"VALUE","value":0.22222250699997},"ReloadRemainingTime":{"status":"VALUE","value":6.9999976158142},"UnitContext.UniqueUiId":{"status":"VALUE","value":1007}},"index":1,"list":"ManList","mode":"SNAPSHOT","sample":0},"format":"warhammer-vault-cco-probe-v1","kind":"ENTITY","metadata":{"gameVersion":"9.0.2.0","gameVersionSource":"INSTALLER_EXE_VERSION","scenarioId":"CCO_P0_CUSTOM_BATTLE","sessionId":"98c014a5-8c8c-4ed9-aa0c-7e57a45dd48c","staticSnapshotId":"c7bd67f50bb4df4f16254e5e9615324e615debf434c865de014e77e4483471e5","unitSize":"MEDIUM","unitSizeSource":"DECLARED_SETUP"},"runId":"snapshot-2","sequence":134,"sessionId":"98c014a5-8c8c-4ed9-aa0c-7e57a45dd48c:table: 000000046C6B0888:<35.4s>:1790858880:5134.32421875","timestamp":{"status":"VALUE","value":22900}}
<36.0s><22900ms> WH3_RUNTIME_PROBE|{"data":{"fields":{"EntityRecordContext.Key":{"status":"VALUE","value":"wh_dlc04_infantry_free_company_blood_dismembers"},"IsAlive":{"status":"VALUE","value":true},"IsEngine":{"status":"VALUE","value":false},"IsMan":{"status":"VALUE","value":true},"IsReloading":{"status":"VALUE","value":true},"Key":{"status":"VALUE","value":"wh_dlc04_infantry_free_company_blood_dismembers"},"Position":{"status":"VALUE","value":[-51.841815948486,527.47155761719,3.4047660827637,0]},"ReloadPercent":{"status":"VALUE","value":0.22222250699997},"ReloadRemainingTime":{"status":"VALUE","value":6.9999976158142},"UnitContext.UniqueUiId":{"status":"VALUE","value":1007}},"index":2,"list":"ManList","mode":"SNAPSHOT","sample":0},"format":"warhammer-vault-cco-probe-v1","kind":"ENTITY","metadata":{"gameVersion":"9.0.2.0","gameVersionSource":"INSTALLER_EXE_VERSION","scenarioId":"CCO_P0_CUSTOM_BATTLE","sessionId":"98c014a5-8c8c-4ed9-aa0c-7e57a45dd48c","staticSnapshotId":"c7bd67f50bb4df4f16254e5e9615324e615debf434c865de014e77e4483471e5","unitSize":"MEDIUM","unitSizeSource":"DECLARED_SETUP"},"runId":"snapshot-2","sequence":135,"sessionId":"98c014a5-8c8c-4ed9-aa0c-7e57a45dd48c:table: 000000046C6B0888:<35.4s>:1790858880:5134.32421875","timestamp":{"status":"VALUE","value":22900}}
<36.0s><22900ms> WH3_RUNTIME_PROBE|{"data":{"fields":{"EntityRecordContext.Key":{"status":"VALUE","value":"wh_dlc04_infantry_free_company_blood_dismembers"},"IsAlive":{"status":"VALUE","value":true},"IsEngine":{"status":"VALUE","value":false},"IsMan":{"status":"VALUE","value":true},"IsReloading":{"status":"VALUE","value":true},"Key":{"status":"VALUE","value":"wh_dlc04_infantry_free_company_blood_dismembers"},"Position":{"status":"VALUE","value":[-52.742012023926,527.09118652344,-1.1408680677414,0]},"ReloadPercent":{"status":"VALUE","value":0.22222250699997},"ReloadRemainingTime":{"status":"VALUE","value":6.9999976158142},"UnitContext.UniqueUiId":{"status":"VALUE","value":1007}},"index":3,"list":"ManList","mode":"SNAPSHOT","sample":0},"format":"warhammer-vault-cco-probe-v1","kind":"ENTITY","metadata":{"gameVersion":"9.0.2.0","gameVersionSource":"INSTALLER_EXE_VERSION","scenarioId":"CCO_P0_CUSTOM_BATTLE","sessionId":"98c014a5-8c8c-4ed9-aa0c-7e57a45dd48c","staticSnapshotId":"c7bd67f50bb4df4f16254e5e9615324e615debf434c865de014e77e4483471e5","unitSize":"MEDIUM","unitSizeSource":"DECLARED_SETUP"},"runId":"snapshot-2","sequence":136,"sessionId":"98c014a5-8c8c-4ed9-aa0c-7e57a45dd48c:table: 000000046C6B0888:<35.4s>:1790858880:5134.32421875","timestamp":{"status":"VALUE","value":22900}}
<36.0s><22900ms> WH3_RUNTIME_PROBE|{"data":{"fields":{"EntityRecordContext.Key":{"status":"VALUE","value":"wh_dlc04_infantry_free_company_blood_dismembers"},"IsAlive":{"status":"VALUE","value":true},"IsEngine":{"status":"VALUE","value":false},"IsMan":{"status":"VALUE","value":true},"IsReloading":{"status":"VALUE","value":true},"Key":{"status":"VALUE","value":"wh_dlc04_infantry_free_company_blood_dismembers"},"Position":{"status":"VALUE","value":[-51.734600067139,527.61560058594,4.9443197250366,0]},"ReloadPercent":{"status":"VALUE","value":0.22222250699997},"ReloadRemainingTime":{"status":"VALUE","value":6.9999976158142},"UnitContext.UniqueUiId":{"status":"VALUE","value":1007}},"index":4,"list":"ManList","mode":"SNAPSHOT","sample":0},"format":"warhammer-vault-cco-probe-v1","kind":"ENTITY","metadata":{"gameVersion":"9.0.2.0","gameVersionSource":"INSTALLER_EXE_VERSION","scenarioId":"CCO_P0_CUSTOM_BATTLE","sessionId":"98c014a5-8c8c-4ed9-aa0c-7e57a45dd48c","staticSnapshotId":"c7bd67f50bb4df4f16254e5e9615324e615debf434c865de014e77e4483471e5","unitSize":"MEDIUM","unitSizeSource":"DECLARED_SETUP"},"runId":"snapshot-2","sequence":137,"sessionId":"98c014a5-8c8c-4ed9-aa0c-7e57a45dd48c:table: 000000046C6B0888:<35.4s>:1790858880:5134.32421875","timestamp":{"status":"VALUE","value":22900}}
<36.0s><22900ms> WH3_RUNTIME_PROBE|{"data":{"fields":{"EntityRecordContext.Key":{"status":"VALUE","value":"wh_dlc04_infantry_free_company_blood_dismembers"},"IsAlive":{"status":"VALUE","value":true},"IsEngine":{"status":"VALUE","value":false},"IsMan":{"status":"VALUE","value":true},"IsReloading":{"status":"VALUE","value":true},"Key":{"status":"VALUE","value":"wh_dlc04_infantry_free_company_blood_dismembers"},"Position":{"status":"VALUE","value":[-53.217437744141,526.97717285156,-2.8291065692902,0]},"ReloadPercent":{"status":"VALUE","value":0.51111114025116},"ReloadRemainingTime":{"status":"VALUE","value":4.4000000953674},"UnitContext.UniqueUiId":{"status":"VALUE","value":1007}},"index":5,"list":"ManList","mode":"SNAPSHOT","sample":0},"format":"warhammer-vault-cco-probe-v1","kind":"ENTITY","metadata":{"gameVersion":"9.0.2.0","gameVersionSource":"INSTALLER_EXE_VERSION","scenarioId":"CCO_P0_CUSTOM_BATTLE","sessionId":"98c014a5-8c8c-4ed9-aa0c-7e57a45dd48c","staticSnapshotId":"c7bd67f50bb4df4f16254e5e9615324e615debf434c865de014e77e4483471e5","unitSize":"MEDIUM","unitSizeSource":"DECLARED_SETUP"},"runId":"snapshot-2","sequence":138,"sessionId":"98c014a5-8c8c-4ed9-aa0c-7e57a45dd48c:table: 000000046C6B0888:<35.4s>:1790858880:5134.32421875","timestamp":{"status":"VALUE","value":22900}}
<36.0s><22900ms> WH3_RUNTIME_PROBE|{"data":{"fields":{"EntityRecordContext.Key":{"status":"VALUE","value":"wh_dlc04_infantry_free_company_blood_dismembers"},"IsAlive":{"status":"VALUE","value":true},"IsEngine":{"status":"VALUE","value":false},"IsMan":{"status":"VALUE","value":true},"IsReloading":{"status":"VALUE","value":true},"Key":{"status":"VALUE","value":"wh_dlc04_infantry_free_company_blood_dismembers"},"Position":{"status":"VALUE","value":[-51.047004699707,527.71307373047,6.0475587844849,0]},"ReloadPercent":{"status":"VALUE","value":0.20000028610229},"ReloadRemainingTime":{"status":"VALUE","value":7.1999974250793},"UnitContext.UniqueUiId":{"status":"VALUE","value":1007}},"index":6,"list":"ManList","mode":"SNAPSHOT","sample":0},"format":"warhammer-vault-cco-probe-v1","kind":"ENTITY","metadata":{"gameVersion":"9.0.2.0","gameVersionSource":"INSTALLER_EXE_VERSION","scenarioId":"CCO_P0_CUSTOM_BATTLE","sessionId":"98c014a5-8c8c-4ed9-aa0c-7e57a45dd48c","staticSnapshotId":"c7bd67f50bb4df4f16254e5e9615324e615debf434c865de014e77e4483471e5","unitSize":"MEDIUM","unitSizeSource":"DECLARED_SETUP"},"runId":"snapshot-2","sequence":139,"sessionId":"98c014a5-8c8c-4ed9-aa0c-7e57a45dd48c:table: 000000046C6B0888:<35.4s>:1790858880:5134.32421875","timestamp":{"status":"VALUE","value":22900}}
<36.0s><22900ms> WH3_RUNTIME_PROBE|{"data":{"fields":{"EntityRecordContext.Key":{"status":"VALUE","value":"wh_dlc04_infantry_free_company_blood_dismembers"},"IsAlive":{"status":"VALUE","value":true},"IsEngine":{"status":"VALUE","value":false},"IsMan":{"status":"VALUE","value":true},"IsReloading":{"status":"VALUE","value":true},"Key":{"status":"VALUE","value":"wh_dlc04_infantry_free_company_blood_dismembers"},"Position":{"status":"VALUE","value":[-53.265247344971,526.85491943359,-4.5025792121887,0]},"ReloadPercent":{"status":"VALUE","value":0.22222250699997},"ReloadRemainingTime":{"status":"VALUE","value":6.9999976158142},"UnitContext.UniqueUiId":{"status":"VALUE","value":1007}},"index":7,"list":"ManList","mode":"SNAPSHOT","sample":0},"format":"warhammer-vault-cco-probe-v1","kind":"ENTITY","metadata":{"gameVersion":"9.0.2.0","gameVersionSource":"INSTALLER_EXE_VERSION","scenarioId":"CCO_P0_CUSTOM_BATTLE","sessionId":"98c014a5-8c8c-4ed9-aa0c-7e57a45dd48c","staticSnapshotId":"c7bd67f50bb4df4f16254e5e9615324e615debf434c865de014e77e4483471e5","unitSize":"MEDIUM","unitSizeSource":"DECLARED_SETUP"},"runId":"snapshot-2","sequence":140,"sessionId":"98c014a5-8c8c-4ed9-aa0c-7e57a45dd48c:table: 000000046C6B0888:<35.4s>:1790858880:5134.32421875","timestamp":{"status":"VALUE","value":22900}}
<36.0s><22900ms> WH3_RUNTIME_PROBE|{"data":{"fields":{"EntityRecordContext.Key":{"status":"VALUE","value":"wh_dlc04_infantry_free_company_blood_dismembers"},"IsAlive":{"status":"VALUE","value":true},"IsEngine":{"status":"VALUE","value":false},"IsMan":{"status":"VALUE","value":true},"IsReloading":{"status":"VALUE","value":true},"Key":{"status":"VALUE","value":"wh_dlc04_infantry_free_company_blood_dismembers"},"Position":{"status":"VALUE","value":[-50.573253631592,527.89916992188,7.9678869247437,0]},"ReloadPercent":{"status":"VALUE","value":0.22222250699997},"ReloadRemainingTime":{"status":"VALUE","value":6.9999976158142},"UnitContext.UniqueUiId":{"status":"VALUE","value":1007}},"index":8,"list":"ManList","mode":"SNAPSHOT","sample":0},"format":"warhammer-vault-cco-probe-v1","kind":"ENTITY","metadata":{"gameVersion":"9.0.2.0","gameVersionSource":"INSTALLER_EXE_VERSION","scenarioId":"CCO_P0_CUSTOM_BATTLE","sessionId":"98c014a5-8c8c-4ed9-aa0c-7e57a45dd48c","staticSnapshotId":"c7bd67f50bb4df4f16254e5e9615324e615debf434c865de014e77e4483471e5","unitSize":"MEDIUM","unitSizeSource":"DECLARED_SETUP"},"runId":"snapshot-2","sequence":141,"sessionId":"98c014a5-8c8c-4ed9-aa0c-7e57a45dd48c:table: 000000046C6B0888:<35.4s>:1790858880:5134.32421875","timestamp":{"status":"VALUE","value":22900}}
<36.0s><22900ms> WH3_RUNTIME_PROBE|{"data":{"fields":{"EntityRecordContext.Key":{"status":"VALUE","value":"wh_dlc04_infantry_free_company_blood_dismembers"},"IsAlive":{"status":"VALUE","value":true},"IsEngine":{"status":"VALUE","value":false},"IsMan":{"status":"VALUE","value":true},"IsReloading":{"status":"VALUE","value":true},"Key":{"status":"VALUE","value":"wh_dlc04_infantry_free_company_blood_dismembers"},"Position":{"status":"VALUE","value":[-53.500686645508,526.71746826172,-6.6996369361877,0]},"ReloadPercent":{"status":"VALUE","value":0.22222250699997},"ReloadRemainingTime":{"status":"VALUE","value":6.9999976158142},"UnitContext.UniqueUiId":{"status":"VALUE","value":1007}},"index":9,"list":"ManList","mode":"SNAPSHOT","sample":0},"format":"warhammer-vault-cco-probe-v1","kind":"ENTITY","metadata":{"gameVersion":"9.0.2.0","gameVersionSource":"INSTALLER_EXE_VERSION","scenarioId":"CCO_P0_CUSTOM_BATTLE","sessionId":"98c014a5-8c8c-4ed9-aa0c-7e57a45dd48c","staticSnapshotId":"c7bd67f50bb4df4f16254e5e9615324e615debf434c865de014e77e4483471e5","unitSize":"MEDIUM","unitSizeSource":"DECLARED_SETUP"},"runId":"snapshot-2","sequence":142,"sessionId":"98c014a5-8c8c-4ed9-aa0c-7e57a45dd48c:table: 000000046C6B0888:<35.4s>:1790858880:5134.32421875","timestamp":{"status":"VALUE","value":22900}}
<36.0s><22900ms> WH3_RUNTIME_PROBE|{"data":{"fields":{"EntityRecordContext.Key":{"status":"VALUE","value":"wh_dlc04_infantry_free_company_blood_dismembers"},"IsAlive":{"status":"VALUE","value":true},"IsEngine":{"status":"VALUE","value":false},"IsMan":{"status":"VALUE","value":true},"IsReloading":{"status":"VALUE","value":true},"Key":{"status":"VALUE","value":"wh_dlc04_infantry_free_company_blood_dismembers"},"Position":{"status":"VALUE","value":[-50.63990020752,528.02416992188,9.2640562057495,0]},"ReloadPercent":{"status":"VALUE","value":0.44444447755814},"ReloadRemainingTime":{"status":"VALUE","value":4.9999995231628},"UnitContext.UniqueUiId":{"status":"VALUE","value":1007}},"index":10,"list":"ManList","mode":"SNAPSHOT","sample":0},"format":"warhammer-vault-cco-probe-v1","kind":"ENTITY","metadata":{"gameVersion":"9.0.2.0","gameVersionSource":"INSTALLER_EXE_VERSION","scenarioId":"CCO_P0_CUSTOM_BATTLE","sessionId":"98c014a5-8c8c-4ed9-aa0c-7e57a45dd48c","staticSnapshotId":"c7bd67f50bb4df4f16254e5e9615324e615debf434c865de014e77e4483471e5","unitSize":"MEDIUM","unitSizeSource":"DECLARED_SETUP"},"runId":"snapshot-2","sequence":143,"sessionId":"98c014a5-8c8c-4ed9-aa0c-7e57a45dd48c:table: 000000046C6B0888:<35.4s>:1790858880:5134.32421875","timestamp":{"status":"VALUE","value":22900}}
<36.0s><22900ms> WH3_RUNTIME_PROBE|{"data":{"fields":{"EntityRecordContext.Key":{"status":"VALUE","value":"wh_dlc04_infantry_free_company_blood_dismembers"},"IsAlive":{"status":"VALUE","value":true},"IsEngine":{"status":"VALUE","value":false},"IsMan":{"status":"VALUE","value":true},"IsReloading":{"status":"VALUE","value":true},"Key":{"status":"VALUE","value":"wh_dlc04_infantry_free_company_blood_dismembers"},"Position":{"status":"VALUE","value":[-54.002944946289,526.67291259766,-7.9051108360291,0]},"ReloadPercent":{"status":"VALUE","value":0.22222250699997},"ReloadRemainingTime":{"status":"VALUE","value":6.9999976158142},"UnitContext.UniqueUiId":{"status":"VALUE","value":1007}},"index":11,"list":"ManList","mode":"SNAPSHOT","sample":0},"format":"warhammer-vault-cco-probe-v1","kind":"ENTITY","metadata":{"gameVersion":"9.0.2.0","gameVersionSource":"INSTALLER_EXE_VERSION","scenarioId":"CCO_P0_CUSTOM_BATTLE","sessionId":"98c014a5-8c8c-4ed9-aa0c-7e57a45dd48c","staticSnapshotId":"c7bd67f50bb4df4f16254e5e9615324e615debf434c865de014e77e4483471e5","unitSize":"MEDIUM","unitSizeSource":"DECLARED_SETUP"},"runId":"snapshot-2","sequence":144,"sessionId":"98c014a5-8c8c-4ed9-aa0c-7e57a45dd48c:table: 000000046C6B0888:<35.4s>:1790858880:5134.32421875","timestamp":{"status":"VALUE","value":22900}}
<36.0s><22900ms> WH3_RUNTIME_PROBE|{"data":{"fields":{"EntityRecordContext.Key":{"status":"VALUE","value":"wh_dlc04_infantry_free_company_blood_dismembers"},"IsAlive":{"status":"VALUE","value":true},"IsEngine":{"status":"VALUE","value":false},"IsMan":{"status":"VALUE","value":true},"IsReloading":{"status":"VALUE","value":true},"Key":{"status":"VALUE","value":"wh_dlc04_infantry_free_company_blood_dismembers"},"Position":{"status":"VALUE","value":[-50.64762878418,528.1806640625,11.158812522888,0]},"ReloadPercent":{"status":"VALUE","value":0.53333330154419},"ReloadRemainingTime":{"status":"VALUE","value":4.2000002861023},"UnitContext.UniqueUiId":{"status":"VALUE","value":1007}},"index":12,"list":"ManList","mode":"SNAPSHOT","sample":0},"format":"warhammer-vault-cco-probe-v1","kind":"ENTITY","metadata":{"gameVersion":"9.0.2.0","gameVersionSource":"INSTALLER_EXE_VERSION","scenarioId":"CCO_P0_CUSTOM_BATTLE","sessionId":"98c014a5-8c8c-4ed9-aa0c-7e57a45dd48c","staticSnapshotId":"c7bd67f50bb4df4f16254e5e9615324e615debf434c865de014e77e4483471e5","unitSize":"MEDIUM","unitSizeSource":"DECLARED_SETUP"},"runId":"snapshot-2","sequence":145,"sessionId":"98c014a5-8c8c-4ed9-aa0c-7e57a45dd48c:table: 000000046C6B0888:<35.4s>:1790858880:5134.32421875","timestamp":{"status":"VALUE","value":22900}}
<36.0s><22900ms> WH3_RUNTIME_PROBE|{"data":{"fields":{"EntityRecordContext.Key":{"status":"VALUE","value":"wh_dlc04_infantry_free_company_blood_dismembers"},"IsAlive":{"status":"VALUE","value":true},"IsEngine":{"status":"VALUE","value":false},"IsMan":{"status":"VALUE","value":true},"IsReloading":{"status":"VALUE","value":true},"Key":{"status":"VALUE","value":"wh_dlc04_infantry_free_company_blood_dismembers"},"Position":{"status":"VALUE","value":[-54.241104125977,526.61010742188,-9.1830987930298,0]},"ReloadPercent":{"status":"VALUE","value":0.22222250699997},"ReloadRemainingTime":{"status":"VALUE","value":6.9999976158142},"UnitContext.UniqueUiId":{"status":"VALUE","value":1007}},"index":13,"list":"ManList","mode":"SNAPSHOT","sample":0},"format":"warhammer-vault-cco-probe-v1","kind":"ENTITY","metadata":{"gameVersion":"9.0.2.0","gameVersionSource":"INSTALLER_EXE_VERSION","scenarioId":"CCO_P0_CUSTOM_BATTLE","sessionId":"98c014a5-8c8c-4ed9-aa0c-7e57a45dd48c","staticSnapshotId":"c7bd67f50bb4df4f16254e5e9615324e615debf434c865de014e77e4483471e5","unitSize":"MEDIUM","unitSizeSource":"DECLARED_SETUP"},"runId":"snapshot-2","sequence":146,"sessionId":"98c014a5-8c8c-4ed9-aa0c-7e57a45dd48c:table: 000000046C6B0888:<35.4s>:1790858880:5134.32421875","timestamp":{"status":"VALUE","value":22900}}
<36.0s><22900ms> WH3_RUNTIME_PROBE|{"data":{"fields":{"EntityRecordContext.Key":{"status":"VALUE","value":"wh_dlc04_infantry_free_company_blood_dismembers"},"IsAlive":{"status":"VALUE","value":true},"IsEngine":{"status":"VALUE","value":false},"IsMan":{"status":"VALUE","value":true},"IsReloading":{"status":"VALUE","value":true},"Key":{"status":"VALUE","value":"wh_dlc04_infantry_free_company_blood_dismembers"},"Position":{"status":"VALUE","value":[-49.783695220947,528.28234863281,12.898180961609,0]},"ReloadPercent":{"status":"VALUE","value":0.20000028610229},"ReloadRemainingTime":{"status":"VALUE","value":7.1999974250793},"UnitContext.UniqueUiId":{"status":"VALUE","value":1007}},"index":14,"list":"ManList","mode":"SNAPSHOT","sample":0},"format":"warhammer-vault-cco-probe-v1","kind":"ENTITY","metadata":{"gameVersion":"9.0.2.0","gameVersionSource":"INSTALLER_EXE_VERSION","scenarioId":"CCO_P0_CUSTOM_BATTLE","sessionId":"98c014a5-8c8c-4ed9-aa0c-7e57a45dd48c","staticSnapshotId":"c7bd67f50bb4df4f16254e5e9615324e615debf434c865de014e77e4483471e5","unitSize":"MEDIUM","unitSizeSource":"DECLARED_SETUP"},"runId":"snapshot-2","sequence":147,"sessionId":"98c014a5-8c8c-4ed9-aa0c-7e57a45dd48c:table: 000000046C6B0888:<35.4s>:1790858880:5134.32421875","timestamp":{"status":"VALUE","value":22900}}
<36.0s><22900ms> WH3_RUNTIME_PROBE|{"data":{"fields":{"EntityRecordContext.Key":{"status":"VALUE","value":"wh_dlc04_infantry_free_company_blood_dismembers"},"IsAlive":{"status":"VALUE","value":true},"IsEngine":{"status":"VALUE","value":false},"IsMan":{"status":"VALUE","value":true},"IsReloading":{"status":"VALUE","value":true},"Key":{"status":"VALUE","value":"wh_dlc04_infantry_free_company_blood_dismembers"},"Position":{"status":"VALUE","value":[-50.475811004639,527.23895263672,1.4991022348404,0]},"ReloadPercent":{"status":"VALUE","value":0.22222250699997},"ReloadRemainingTime":{"status":"VALUE","value":6.9999976158142},"UnitContext.UniqueUiId":{"status":"VALUE","value":1007}},"index":15,"list":"ManList","mode":"SNAPSHOT","sample":0},"format":"warhammer-vault-cco-probe-v1","kind":"ENTITY","metadata":{"gameVersion":"9.0.2.0","gameVersionSource":"INSTALLER_EXE_VERSION","scenarioId":"CCO_P0_CUSTOM_BATTLE","sessionId":"98c014a5-8c8c-4ed9-aa0c-7e57a45dd48c","staticSnapshotId":"c7bd67f50bb4df4f16254e5e9615324e615debf434c865de014e77e4483471e5","unitSize":"MEDIUM","unitSizeSource":"DECLARED_SETUP"},"runId":"snapshot-2","sequence":148,"sessionId":"98c014a5-8c8c-4ed9-aa0c-7e57a45dd48c:table: 000000046C6B0888:<35.4s>:1790858880:5134.32421875","timestamp":{"status":"VALUE","value":22900}}
<36.0s><22900ms> WH3_RUNTIME_PROBE|{"data":{"fields":{"EntityRecordContext.Key":{"status":"VALUE","value":"wh_dlc04_infantry_free_company_blood_dismembers"},"IsAlive":{"status":"VALUE","value":true},"IsEngine":{"status":"VALUE","value":false},"IsMan":{"status":"VALUE","value":true},"IsReloading":{"status":"VALUE","value":true},"Key":{"status":"VALUE","value":"wh_dlc04_infantry_free_company_blood_dismembers"},"Position":{"status":"VALUE","value":[-49.925838470459,527.34014892578,2.6743268966675,0]},"ReloadPercent":{"status":"VALUE","value":0.22222250699997},"ReloadRemainingTime":{"status":"VALUE","value":6.9999976158142},"UnitContext.UniqueUiId":{"status":"VALUE","value":1007}},"index":16,"list":"ManList","mode":"SNAPSHOT","sample":0},"format":"warhammer-vault-cco-probe-v1","kind":"ENTITY","metadata":{"gameVersion":"9.0.2.0","gameVersionSource":"INSTALLER_EXE_VERSION","scenarioId":"CCO_P0_CUSTOM_BATTLE","sessionId":"98c014a5-8c8c-4ed9-aa0c-7e57a45dd48c","staticSnapshotId":"c7bd67f50bb4df4f16254e5e9615324e615debf434c865de014e77e4483471e5","unitSize":"MEDIUM","unitSizeSource":"DECLARED_SETUP"},"runId":"snapshot-2","sequence":149,"sessionId":"98c014a5-8c8c-4ed9-aa0c-7e57a45dd48c:table: 000000046C6B0888:<35.4s>:1790858880:5134.32421875","timestamp":{"status":"VALUE","value":22900}}
<36.0s><22900ms> WH3_RUNTIME_PROBE|{"data":{"fields":{"EntityRecordContext.Key":{"status":"VALUE","value":"wh_dlc04_infantry_free_company_blood_dismembers"},"IsAlive":{"status":"VALUE","value":true},"IsEngine":{"status":"VALUE","value":false},"IsMan":{"status":"VALUE","value":true},"IsReloading":{"status":"VALUE","value":true},"Key":{"status":"VALUE","value":"wh_dlc04_infantry_free_company_blood_dismembers"},"Position":{"status":"VALUE","value":[-51.004505157471,527.07653808594,-0.43131446838379,0]},"ReloadPercent":{"status":"VALUE","value":0.22222250699997},"ReloadRemainingTime":{"status":"VALUE","value":6.9999976158142},"UnitContext.UniqueUiId":{"status":"VALUE","value":1007}},"index":17,"list":"ManList","mode":"SNAPSHOT","sample":0},"format":"warhammer-vault-cco-probe-v1","kind":"ENTITY","metadata":{"gameVersion":"9.0.2.0","gameVersionSource":"INSTALLER_EXE_VERSION","scenarioId":"CCO_P0_CUSTOM_BATTLE","sessionId":"98c014a5-8c8c-4ed9-aa0c-7e57a45dd48c","staticSnapshotId":"c7bd67f50bb4df4f16254e5e9615324e615debf434c865de014e77e4483471e5","unitSize":"MEDIUM","unitSizeSource":"DECLARED_SETUP"},"runId":"snapshot-2","sequence":150,"sessionId":"98c014a5-8c8c-4ed9-aa0c-7e57a45dd48c:table: 000000046C6B0888:<35.4s>:1790858880:5134.32421875","timestamp":{"status":"VALUE","value":22900}}
<36.0s><22900ms> WH3_RUNTIME_PROBE|{"data":{"fields":{"EntityRecordContext.Key":{"status":"VALUE","value":"wh_dlc04_infantry_free_company_blood_dismembers"},"IsAlive":{"status":"VALUE","value":true},"IsEngine":{"status":"VALUE","value":false},"IsMan":{"status":"VALUE","value":true},"IsReloading":{"status":"VALUE","value":true},"Key":{"status":"VALUE","value":"wh_dlc04_infantry_free_company_blood_dismembers"},"Position":{"status":"VALUE","value":[-50.051181793213,527.56127929688,4.7066330909729,0]},"ReloadPercent":{"status":"VALUE","value":0.20000028610229},"ReloadRemainingTime":{"status":"VALUE","value":7.1999974250793},"UnitContext.UniqueUiId":{"status":"VALUE","value":1007}},"index":18,"list":"ManList","mode":"SNAPSHOT","sample":0},"format":"warhammer-vault-cco-probe-v1","kind":"ENTITY","metadata":{"gameVersion":"9.0.2.0","gameVersionSource":"INSTALLER_EXE_VERSION","scenarioId":"CCO_P0_CUSTOM_BATTLE","sessionId":"98c014a5-8c8c-4ed9-aa0c-7e57a45dd48c","staticSnapshotId":"c7bd67f50bb4df4f16254e5e9615324e615debf434c865de014e77e4483471e5","unitSize":"MEDIUM","unitSizeSource":"DECLARED_SETUP"},"runId":"snapshot-2","sequence":151,"sessionId":"98c014a5-8c8c-4ed9-aa0c-7e57a45dd48c:table: 000000046C6B0888:<35.4s>:1790858880:5134.32421875","timestamp":{"status":"VALUE","value":22900}}
<36.0s><22900ms> WH3_RUNTIME_PROBE|{"data":{"fields":{"EntityRecordContext.Key":{"status":"VALUE","value":"wh_dlc04_infantry_free_company_blood_dismembers"},"IsAlive":{"status":"VALUE","value":true},"IsEngine":{"status":"VALUE","value":false},"IsMan":{"status":"VALUE","value":true},"IsReloading":{"status":"VALUE","value":true},"Key":{"status":"VALUE","value":"wh_dlc04_infantry_free_company_blood_dismembers"},"Position":{"status":"VALUE","value":[-50.609134674072,526.91217041016,-2.0205943584442,0]},"ReloadPercent":{"status":"VALUE","value":0.22222250699997},"ReloadRemainingTime":{"status":"VALUE","value":6.9999976158142},"UnitContext.UniqueUiId":{"status":"VALUE","value":1007}},"index":19,"list":"ManList","mode":"SNAPSHOT","sample":0},"format":"warhammer-vault-cco-probe-v1","kind":"ENTITY","metadata":{"gameVersion":"9.0.2.0","gameVersionSource":"INSTALLER_EXE_VERSION","scenarioId":"CCO_P0_CUSTOM_BATTLE","sessionId":"98c014a5-8c8c-4ed9-aa0c-7e57a45dd48c","staticSnapshotId":"c7bd67f50bb4df4f16254e5e9615324e615debf434c865de014e77e4483471e5","unitSize":"MEDIUM","unitSizeSource":"DECLARED_SETUP"},"runId":"snapshot-2","sequence":152,"sessionId":"98c014a5-8c8c-4ed9-aa0c-7e57a45dd48c:table: 000000046C6B0888:<35.4s>:1790858880:5134.32421875","timestamp":{"status":"VALUE","value":22900}}
<36.0s><22900ms> WH3_RUNTIME_PROBE|{"data":{"fields":{"EntityRecordContext.Key":{"status":"VALUE","value":"wh_dlc04_infantry_free_company_blood_dismembers"},"IsAlive":{"status":"VALUE","value":true},"IsEngine":{"status":"VALUE","value":false},"IsMan":{"status":"VALUE","value":true},"IsReloading":{"status":"VALUE","value":true},"Key":{"status":"VALUE","value":"wh_dlc04_infantry_free_company_blood_dismembers"},"Position":{"status":"VALUE","value":[-49.510860443115,527.70642089844,6.2386684417725,0]},"ReloadPercent":{"status":"VALUE","value":0.22222250699997},"ReloadRemainingTime":{"status":"VALUE","value":6.9999976158142},"UnitContext.UniqueUiId":{"status":"VALUE","value":1007}},"index":20,"list":"ManList","mode":"SNAPSHOT","sample":0},"format":"warhammer-vault-cco-probe-v1","kind":"ENTITY","metadata":{"gameVersion":"9.0.2.0","gameVersionSource":"INSTALLER_EXE_VERSION","scenarioId":"CCO_P0_CUSTOM_BATTLE","sessionId":"98c014a5-8c8c-4ed9-aa0c-7e57a45dd48c","staticSnapshotId":"c7bd67f50bb4df4f16254e5e9615324e615debf434c865de014e77e4483471e5","unitSize":"MEDIUM","unitSizeSource":"DECLARED_SETUP"},"runId":"snapshot-2","sequence":153,"sessionId":"98c014a5-8c8c-4ed9-aa0c-7e57a45dd48c:table: 000000046C6B0888:<35.4s>:1790858880:5134.32421875","timestamp":{"status":"VALUE","value":22900}}
<36.0s><22900ms> WH3_RUNTIME_PROBE|{"data":{"fields":{"EntityRecordContext.Key":{"status":"VALUE","value":"wh_dlc04_infantry_free_company_blood_dismembers"},"IsAlive":{"status":"VALUE","value":true},"IsEngine":{"status":"VALUE","value":false},"IsMan":{"status":"VALUE","value":true},"IsReloading":{"status":"VALUE","value":true},"Key":{"status":"VALUE","value":"wh_dlc04_infantry_free_company_blood_dismembers"},"Position":{"status":"VALUE","value":[-51.016563415527,526.82800292969,-3.2866470813751,0]},"ReloadPercent":{"status":"VALUE","value":0.53333330154419},"ReloadRemainingTime":{"status":"VALUE","value":4.2000002861023},"UnitContext.UniqueUiId":{"status":"VALUE","value":1007}},"index":21,"list":"ManList","mode":"SNAPSHOT","sample":0},"format":"warhammer-vault-cco-probe-v1","kind":"ENTITY","metadata":{"gameVersion":"9.0.2.0","gameVersionSource":"INSTALLER_EXE_VERSION","scenarioId":"CCO_P0_CUSTOM_BATTLE","sessionId":"98c014a5-8c8c-4ed9-aa0c-7e57a45dd48c","staticSnapshotId":"c7bd67f50bb4df4f16254e5e9615324e615debf434c865de014e77e4483471e5","unitSize":"MEDIUM","unitSizeSource":"DECLARED_SETUP"},"runId":"snapshot-2","sequence":154,"sessionId":"98c014a5-8c8c-4ed9-aa0c-7e57a45dd48c:table: 000000046C6B0888:<35.4s>:1790858880:5134.32421875","timestamp":{"status":"VALUE","value":22900}}
<36.0s><22900ms> WH3_RUNTIME_PROBE|{"data":{"fields":{"EntityRecordContext.Key":{"status":"VALUE","value":"wh_dlc04_infantry_free_company_blood_dismembers"},"IsAlive":{"status":"VALUE","value":true},"IsEngine":{"status":"VALUE","value":false},"IsMan":{"status":"VALUE","value":true},"IsReloading":{"status":"VALUE","value":true},"Key":{"status":"VALUE","value":"wh_dlc04_infantry_free_company_blood_dismembers"},"Position":{"status":"VALUE","value":[-49.345779418945,527.8359375,7.5440621376038,0]},"ReloadPercent":{"status":"VALUE","value":0.48888891935349},"ReloadRemainingTime":{"status":"VALUE","value":4.5999999046326},"UnitContext.UniqueUiId":{"status":"VALUE","value":1007}},"index":22,"list":"ManList","mode":"SNAPSHOT","sample":0},"format":"warhammer-vault-cco-probe-v1","kind":"ENTITY","metadata":{"gameVersion":"9.0.2.0","gameVersionSource":"INSTALLER_EXE_VERSION","scenarioId":"CCO_P0_CUSTOM_BATTLE","sessionId":"98c014a5-8c8c-4ed9-aa0c-7e57a45dd48c","staticSnapshotId":"c7bd67f50bb4df4f16254e5e9615324e615debf434c865de014e77e4483471e5","unitSize":"MEDIUM","unitSizeSource":"DECLARED_SETUP"},"runId":"snapshot-2","sequence":155,"sessionId":"98c014a5-8c8c-4ed9-aa0c-7e57a45dd48c:table: 000000046C6B0888:<35.4s>:1790858880:5134.32421875","timestamp":{"status":"VALUE","value":22900}}
<36.0s><22900ms> WH3_RUNTIME_PROBE|{"data":{"fields":{"EntityRecordContext.Key":{"status":"VALUE","value":"wh_dlc04_infantry_free_company_blood_dismembers"},"IsAlive":{"status":"VALUE","value":true},"IsEngine":{"status":"VALUE","value":false},"IsMan":{"status":"VALUE","value":true},"IsReloading":{"status":"VALUE","value":true},"Key":{"status":"VALUE","value":"wh_dlc04_infantry_free_company_blood_dismembers"},"Position":{"status":"VALUE","value":[-51.365951538086,526.74786376953,-4.5388116836548,0]},"ReloadPercent":{"status":"VALUE","value":0.51111114025116},"ReloadRemainingTime":{"status":"VALUE","value":4.4000000953674},"UnitContext.UniqueUiId":{"status":"VALUE","value":1007}},"index":23,"list":"ManList","mode":"SNAPSHOT","sample":0},"format":"warhammer-vault-cco-probe-v1","kind":"ENTITY","metadata":{"gameVersion":"9.0.2.0","gameVersionSource":"INSTALLER_EXE_VERSION","scenarioId":"CCO_P0_CUSTOM_BATTLE","sessionId":"98c014a5-8c8c-4ed9-aa0c-7e57a45dd48c","staticSnapshotId":"c7bd67f50bb4df4f16254e5e9615324e615debf434c865de014e77e4483471e5","unitSize":"MEDIUM","unitSizeSource":"DECLARED_SETUP"},"runId":"snapshot-2","sequence":156,"sessionId":"98c014a5-8c8c-4ed9-aa0c-7e57a45dd48c:table: 000000046C6B0888:<35.4s>:1790858880:5134.32421875","timestamp":{"status":"VALUE","value":22900}}
<36.0s><22900ms> WH3_RUNTIME_PROBE|{"data":{"fields":{"EntityRecordContext.Key":{"status":"VALUE","value":"wh_dlc04_infantry_free_company_blood_dismembers"},"IsAlive":{"status":"VALUE","value":true},"IsEngine":{"status":"VALUE","value":false},"IsMan":{"status":"VALUE","value":true},"IsReloading":{"status":"VALUE","value":false},"Key":{"status":"VALUE","value":"wh_dlc04_infantry_free_company_blood_dismembers"},"Position":{"status":"VALUE","value":[-48.957332611084,527.97387695313,9.0979661941528,0]},"ReloadPercent":{"status":"VALUE","value":1},"ReloadRemainingTime":{"status":"VALUE","value":0},"UnitContext.UniqueUiId":{"status":"VALUE","value":1007}},"index":24,"list":"ManList","mode":"SNAPSHOT","sample":0},"format":"warhammer-vault-cco-probe-v1","kind":"ENTITY","metadata":{"gameVersion":"9.0.2.0","gameVersionSource":"INSTALLER_EXE_VERSION","scenarioId":"CCO_P0_CUSTOM_BATTLE","sessionId":"98c014a5-8c8c-4ed9-aa0c-7e57a45dd48c","staticSnapshotId":"c7bd67f50bb4df4f16254e5e9615324e615debf434c865de014e77e4483471e5","unitSize":"MEDIUM","unitSizeSource":"DECLARED_SETUP"},"runId":"snapshot-2","sequence":157,"sessionId":"98c014a5-8c8c-4ed9-aa0c-7e57a45dd48c:table: 000000046C6B0888:<35.4s>:1790858880:5134.32421875","timestamp":{"status":"VALUE","value":22900}}
<36.0s><22900ms> WH3_RUNTIME_PROBE|{"data":{"fields":{"EntityRecordContext.Key":{"status":"VALUE","value":"wh_dlc04_infantry_free_company_blood_dismembers"},"IsAlive":{"status":"VALUE","value":true},"IsEngine":{"status":"VALUE","value":false},"IsMan":{"status":"VALUE","value":true},"IsReloading":{"status":"VALUE","value":true},"Key":{"status":"VALUE","value":"wh_dlc04_infantry_free_company_blood_dismembers"},"Position":{"status":"VALUE","value":[-51.607734680176,526.62280273438,-6.4003672599792,0]},"ReloadPercent":{"status":"VALUE","value":0.5},"ReloadRemainingTime":{"status":"VALUE","value":4.5},"UnitContext.UniqueUiId":{"status":"VALUE","value":1007}},"index":25,"list":"ManList","mode":"SNAPSHOT","sample":0},"format":"warhammer-vault-cco-probe-v1","kind":"ENTITY","metadata":{"gameVersion":"9.0.2.0","gameVersionSource":"INSTALLER_EXE_VERSION","scenarioId":"CCO_P0_CUSTOM_BATTLE","sessionId":"98c014a5-8c8c-4ed9-aa0c-7e57a45dd48c","staticSnapshotId":"c7bd67f50bb4df4f16254e5e9615324e615debf434c865de014e77e4483471e5","unitSize":"MEDIUM","unitSizeSource":"DECLARED_SETUP"},"runId":"snapshot-2","sequence":158,"sessionId":"98c014a5-8c8c-4ed9-aa0c-7e57a45dd48c:table: 000000046C6B0888:<35.4s>:1790858880:5134.32421875","timestamp":{"status":"VALUE","value":22900}}
<36.0s><22900ms> WH3_RUNTIME_PROBE|{"data":{"fields":{"EntityRecordContext.Key":{"status":"VALUE","value":"wh_dlc04_infantry_free_company_blood_dismembers"},"IsAlive":{"status":"VALUE","value":true},"IsEngine":{"status":"VALUE","value":false},"IsMan":{"status":"VALUE","value":true},"IsReloading":{"status":"VALUE","value":true},"Key":{"status":"VALUE","value":"wh_dlc04_infantry_free_company_blood_dismembers"},"Position":{"status":"VALUE","value":[-48.919044494629,528.11926269531,10.874157905579,0]},"ReloadPercent":{"status":"VALUE","value":0.5},"ReloadRemainingTime":{"status":"VALUE","value":4.5},"UnitContext.UniqueUiId":{"status":"VALUE","value":1007}},"index":26,"list":"ManList","mode":"SNAPSHOT","sample":0},"format":"warhammer-vault-cco-probe-v1","kind":"ENTITY","metadata":{"gameVersion":"9.0.2.0","gameVersionSource":"INSTALLER_EXE_VERSION","scenarioId":"CCO_P0_CUSTOM_BATTLE","sessionId":"98c014a5-8c8c-4ed9-aa0c-7e57a45dd48c","staticSnapshotId":"c7bd67f50bb4df4f16254e5e9615324e615debf434c865de014e77e4483471e5","unitSize":"MEDIUM","unitSizeSource":"DECLARED_SETUP"},"runId":"snapshot-2","sequence":159,"sessionId":"98c014a5-8c8c-4ed9-aa0c-7e57a45dd48c:table: 000000046C6B0888:<35.4s>:1790858880:5134.32421875","timestamp":{"status":"VALUE","value":22900}}
<36.0s><22900ms> WH3_RUNTIME_PROBE|{"data":{"fields":{"EntityRecordContext.Key":{"status":"VALUE","value":"wh_dlc04_infantry_free_company_blood_dismembers"},"IsAlive":{"status":"VALUE","value":true},"IsEngine":{"status":"VALUE","value":false},"IsMan":{"status":"VALUE","value":true},"IsReloading":{"status":"VALUE","value":true},"Key":{"status":"VALUE","value":"wh_dlc04_infantry_free_company_blood_dismembers"},"Position":{"status":"VALUE","value":[-52.033737182617,526.5654296875,-7.6417093276978,0]},"ReloadPercent":{"status":"VALUE","value":0.22222250699997},"ReloadRemainingTime":{"status":"VALUE","value":6.9999976158142},"UnitContext.UniqueUiId":{"status":"VALUE","value":1007}},"index":27,"list":"ManList","mode":"SNAPSHOT","sample":0},"format":"warhammer-vault-cco-probe-v1","kind":"ENTITY","metadata":{"gameVersion":"9.0.2.0","gameVersionSource":"INSTALLER_EXE_VERSION","scenarioId":"CCO_P0_CUSTOM_BATTLE","sessionId":"98c014a5-8c8c-4ed9-aa0c-7e57a45dd48c","staticSnapshotId":"c7bd67f50bb4df4f16254e5e9615324e615debf434c865de014e77e4483471e5","unitSize":"MEDIUM","unitSizeSource":"DECLARED_SETUP"},"runId":"snapshot-2","sequence":160,"sessionId":"98c014a5-8c8c-4ed9-aa0c-7e57a45dd48c:table: 000000046C6B0888:<35.4s>:1790858880:5134.32421875","timestamp":{"status":"VALUE","value":22900}}
<36.0s><22900ms> WH3_RUNTIME_PROBE|{"data":{"fields":{"EntityRecordContext.Key":{"status":"VALUE","value":"wh_dlc04_infantry_free_company_blood_dismembers"},"IsAlive":{"status":"VALUE","value":true},"IsEngine":{"status":"VALUE","value":false},"IsMan":{"status":"VALUE","value":true},"IsReloading":{"status":"VALUE","value":true},"Key":{"status":"VALUE","value":"wh_dlc04_infantry_free_company_blood_dismembers"},"Position":{"status":"VALUE","value":[-48.449356079102,528.21899414063,12.791007041931,0]},"ReloadPercent":{"status":"VALUE","value":0.14444476366043},"ReloadRemainingTime":{"status":"VALUE","value":7.6999969482422},"UnitContext.UniqueUiId":{"status":"VALUE","value":1007}},"index":28,"list":"ManList","mode":"SNAPSHOT","sample":0},"format":"warhammer-vault-cco-probe-v1","kind":"ENTITY","metadata":{"gameVersion":"9.0.2.0","gameVersionSource":"INSTALLER_EXE_VERSION","scenarioId":"CCO_P0_CUSTOM_BATTLE","sessionId":"98c014a5-8c8c-4ed9-aa0c-7e57a45dd48c","staticSnapshotId":"c7bd67f50bb4df4f16254e5e9615324e615debf434c865de014e77e4483471e5","unitSize":"MEDIUM","unitSizeSource":"DECLARED_SETUP"},"runId":"snapshot-2","sequence":161,"sessionId":"98c014a5-8c8c-4ed9-aa0c-7e57a45dd48c:table: 000000046C6B0888:<35.4s>:1790858880:5134.32421875","timestamp":{"status":"VALUE","value":22900}}
<36.0s><22900ms> WH3_RUNTIME_PROBE|{"data":{"fields":{"EntityRecordContext.Key":{"status":"VALUE","value":"wh_dlc04_infantry_free_company_blood_dismembers"},"IsAlive":{"status":"VALUE","value":true},"IsEngine":{"status":"VALUE","value":false},"IsMan":{"status":"VALUE","value":true},"IsReloading":{"status":"VALUE","value":true},"Key":{"status":"VALUE","value":"wh_dlc04_infantry_free_company_blood_dismembers"},"Position":{"status":"VALUE","value":[-52.585960388184,526.4990234375,-9.2311143875122,0]},"ReloadPercent":{"status":"VALUE","value":0.22222250699997},"ReloadRemainingTime":{"status":"VALUE","value":6.9999976158142},"UnitContext.UniqueUiId":{"status":"VALUE","value":1007}},"index":29,"list":"ManList","mode":"SNAPSHOT","sample":0},"format":"warhammer-vault-cco-probe-v1","kind":"ENTITY","metadata":{"gameVersion":"9.0.2.0","gameVersionSource":"INSTALLER_EXE_VERSION","scenarioId":"CCO_P0_CUSTOM_BATTLE","sessionId":"98c014a5-8c8c-4ed9-aa0c-7e57a45dd48c","staticSnapshotId":"c7bd67f50bb4df4f16254e5e9615324e615debf434c865de014e77e4483471e5","unitSize":"MEDIUM","unitSizeSource":"DECLARED_SETUP"},"runId":"snapshot-2","sequence":162,"sessionId":"98c014a5-8c8c-4ed9-aa0c-7e57a45dd48c:table: 000000046C6B0888:<35.4s>:1790858880:5134.32421875","timestamp":{"status":"VALUE","value":22900}}
<36.0s><22900ms> WH3_RUNTIME_PROBE|{"data":{"fields":{"EntityRecordContext.Key":{"status":"VALUE","value":"wh_dlc04_infantry_free_company_blood_dismembers"},"IsAlive":{"status":"VALUE","value":true},"IsEngine":{"status":"VALUE","value":false},"IsMan":{"status":"VALUE","value":true},"IsReloading":{"status":"VALUE","value":true},"Key":{"status":"VALUE","value":"wh_dlc04_infantry_free_company_blood_dismembers"},"Position":{"status":"VALUE","value":[-48.30313873291,527.05889892578,0.73843485116959,0]},"ReloadPercent":{"status":"VALUE","value":0.22222250699997},"ReloadRemainingTime":{"status":"VALUE","value":6.9999976158142},"UnitContext.UniqueUiId":{"status":"VALUE","value":1007}},"index":30,"list":"ManList","mode":"SNAPSHOT","sample":0},"format":"warhammer-vault-cco-probe-v1","kind":"ENTITY","metadata":{"gameVersion":"9.0.2.0","gameVersionSource":"INSTALLER_EXE_VERSION","scenarioId":"CCO_P0_CUSTOM_BATTLE","sessionId":"98c014a5-8c8c-4ed9-aa0c-7e57a45dd48c","staticSnapshotId":"c7bd67f50bb4df4f16254e5e9615324e615debf434c865de014e77e4483471e5","unitSize":"MEDIUM","unitSizeSource":"DECLARED_SETUP"},"runId":"snapshot-2","sequence":163,"sessionId":"98c014a5-8c8c-4ed9-aa0c-7e57a45dd48c:table: 000000046C6B0888:<35.4s>:1790858880:5134.32421875","timestamp":{"status":"VALUE","value":22900}}
<36.0s><22900ms> WH3_RUNTIME_PROBE|{"data":{"fields":{"EntityRecordContext.Key":{"status":"VALUE","value":"wh_dlc04_infantry_free_company_blood_dismembers"},"IsAlive":{"status":"VALUE","value":true},"IsEngine":{"status":"VALUE","value":false},"IsMan":{"status":"VALUE","value":true},"IsReloading":{"status":"VALUE","value":true},"Key":{"status":"VALUE","value":"wh_dlc04_infantry_free_company_blood_dismembers"},"Position":{"status":"VALUE","value":[-49.262157440186,527.01733398438,-0.13878716528416,0]},"ReloadPercent":{"status":"VALUE","value":0.22222250699997},"ReloadRemainingTime":{"status":"VALUE","value":6.9999976158142},"UnitContext.UniqueUiId":{"status":"VALUE","value":1007}},"index":31,"list":"ManList","mode":"SNAPSHOT","sample":0},"format":"warhammer-vault-cco-probe-v1","kind":"ENTITY","metadata":{"gameVersion":"9.0.2.0","gameVersionSource":"INSTALLER_EXE_VERSION","scenarioId":"CCO_P0_CUSTOM_BATTLE","sessionId":"98c014a5-8c8c-4ed9-aa0c-7e57a45dd48c","staticSnapshotId":"c7bd67f50bb4df4f16254e5e9615324e615debf434c865de014e77e4483471e5","unitSize":"MEDIUM","unitSizeSource":"DECLARED_SETUP"},"runId":"snapshot-2","sequence":164,"sessionId":"98c014a5-8c8c-4ed9-aa0c-7e57a45dd48c:table: 000000046C6B0888:<35.4s>:1790858880:5134.32421875","timestamp":{"status":"VALUE","value":22900}}
<36.0s><22900ms> WH3_RUNTIME_PROBE|{"data":{"fields":{"EntityRecordContext.Key":{"status":"VALUE","value":"wh_dlc04_infantry_free_company_blood_dismembers"},"IsAlive":{"status":"VALUE","value":true},"IsEngine":{"status":"VALUE","value":false},"IsMan":{"status":"VALUE","value":true},"IsReloading":{"status":"VALUE","value":true},"Key":{"status":"VALUE","value":"wh_dlc04_infantry_free_company_blood_dismembers"},"Position":{"status":"VALUE","value":[-48.739196777344,527.34729003906,3.1986739635468,0]},"ReloadPercent":{"status":"VALUE","value":0.53333330154419},"ReloadRemainingTime":{"status":"VALUE","value":4.2000002861023},"UnitContext.UniqueUiId":{"status":"VALUE","value":1007}},"index":32,"list":"ManList","mode":"SNAPSHOT","sample":0},"format":"warhammer-vault-cco-probe-v1","kind":"ENTITY","metadata":{"gameVersion":"9.0.2.0","gameVersionSource":"INSTALLER_EXE_VERSION","scenarioId":"CCO_P0_CUSTOM_BATTLE","sessionId":"98c014a5-8c8c-4ed9-aa0c-7e57a45dd48c","staticSnapshotId":"c7bd67f50bb4df4f16254e5e9615324e615debf434c865de014e77e4483471e5","unitSize":"MEDIUM","unitSizeSource":"DECLARED_SETUP"},"runId":"snapshot-2","sequence":165,"sessionId":"98c014a5-8c8c-4ed9-aa0c-7e57a45dd48c:table: 000000046C6B0888:<35.4s>:1790858880:5134.32421875","timestamp":{"status":"VALUE","value":22900}}
<36.0s><22900ms> WH3_RUNTIME_PROBE|{"data":{"fields":{"EntityRecordContext.Key":{"status":"VALUE","value":"wh_dlc04_infantry_free_company_blood_dismembers"},"IsAlive":{"status":"VALUE","value":true},"IsEngine":{"status":"VALUE","value":false},"IsMan":{"status":"VALUE","value":true},"IsReloading":{"status":"VALUE","value":true},"Key":{"status":"VALUE","value":"wh_dlc04_infantry_free_company_blood_dismembers"},"Position":{"status":"VALUE","value":[-49.31453704834,526.85040283203,-1.9033297300339,0]},"ReloadPercent":{"status":"VALUE","value":0.22222250699997},"ReloadRemainingTime":{"status":"VALUE","value":6.9999976158142},"UnitContext.UniqueUiId":{"status":"VALUE","value":1007}},"index":33,"list":"ManList","mode":"SNAPSHOT","sample":0},"format":"warhammer-vault-cco-probe-v1","kind":"ENTITY","metadata":{"gameVersion":"9.0.2.0","gameVersionSource":"INSTALLER_EXE_VERSION","scenarioId":"CCO_P0_CUSTOM_BATTLE","sessionId":"98c014a5-8c8c-4ed9-aa0c-7e57a45dd48c","staticSnapshotId":"c7bd67f50bb4df4f16254e5e9615324e615debf434c865de014e77e4483471e5","unitSize":"MEDIUM","unitSizeSource":"DECLARED_SETUP"},"runId":"snapshot-2","sequence":166,"sessionId":"98c014a5-8c8c-4ed9-aa0c-7e57a45dd48c:table: 000000046C6B0888:<35.4s>:1790858880:5134.32421875","timestamp":{"status":"VALUE","value":22900}}
<36.0s><22900ms> WH3_RUNTIME_PROBE|{"data":{"fields":{"EntityRecordContext.Key":{"status":"VALUE","value":"wh_dlc04_infantry_free_company_blood_dismembers"},"IsAlive":{"status":"VALUE","value":true},"IsEngine":{"status":"VALUE","value":false},"IsMan":{"status":"VALUE","value":true},"IsReloading":{"status":"VALUE","value":true},"Key":{"status":"VALUE","value":"wh_dlc04_infantry_free_company_blood_dismembers"},"Position":{"status":"VALUE","value":[-48.552352905273,527.48382568359,4.4843773841858,0]},"ReloadPercent":{"status":"VALUE","value":0.22222250699997},"ReloadRemainingTime":{"status":"VALUE","value":6.9999976158142},"UnitContext.UniqueUiId":{"status":"VALUE","value":1007}},"index":34,"list":"ManList","mode":"SNAPSHOT","sample":0},"format":"warhammer-vault-cco-probe-v1","kind":"ENTITY","metadata":{"gameVersion":"9.0.2.0","gameVersionSource":"INSTALLER_EXE_VERSION","scenarioId":"CCO_P0_CUSTOM_BATTLE","sessionId":"98c014a5-8c8c-4ed9-aa0c-7e57a45dd48c","staticSnapshotId":"c7bd67f50bb4df4f16254e5e9615324e615debf434c865de014e77e4483471e5","unitSize":"MEDIUM","unitSizeSource":"DECLARED_SETUP"},"runId":"snapshot-2","sequence":167,"sessionId":"98c014a5-8c8c-4ed9-aa0c-7e57a45dd48c:table: 000000046C6B0888:<35.4s>:1790858880:5134.32421875","timestamp":{"status":"VALUE","value":22900}}
<36.0s><22900ms> WH3_RUNTIME_PROBE|{"data":{"fields":{"EntityRecordContext.Key":{"status":"VALUE","value":"wh_dlc04_infantry_free_company_blood_dismembers"},"IsAlive":{"status":"VALUE","value":true},"IsEngine":{"status":"VALUE","value":false},"IsMan":{"status":"VALUE","value":true},"IsReloading":{"status":"VALUE","value":true},"Key":{"status":"VALUE","value":"wh_dlc04_infantry_free_company_blood_dismembers"},"Position":{"status":"VALUE","value":[-49.792045593262,526.71856689453,-3.7222850322723,0]},"ReloadPercent":{"status":"VALUE","value":0.22222250699997},"ReloadRemainingTime":{"status":"VALUE","value":6.9999976158142},"UnitContext.UniqueUiId":{"status":"VALUE","value":1007}},"index":35,"list":"ManList","mode":"SNAPSHOT","sample":0},"format":"warhammer-vault-cco-probe-v1","kind":"ENTITY","metadata":{"gameVersion":"9.0.2.0","gameVersionSource":"INSTALLER_EXE_VERSION","scenarioId":"CCO_P0_CUSTOM_BATTLE","sessionId":"98c014a5-8c8c-4ed9-aa0c-7e57a45dd48c","staticSnapshotId":"c7bd67f50bb4df4f16254e5e9615324e615debf434c865de014e77e4483471e5","unitSize":"MEDIUM","unitSizeSource":"DECLARED_SETUP"},"runId":"snapshot-2","sequence":168,"sessionId":"98c014a5-8c8c-4ed9-aa0c-7e57a45dd48c:table: 000000046C6B0888:<35.4s>:1790858880:5134.32421875","timestamp":{"status":"VALUE","value":22900}}
<36.0s><22900ms> WH3_RUNTIME_PROBE|{"data":{"fields":{"EntityRecordContext.Key":{"status":"VALUE","value":"wh_dlc04_infantry_free_company_blood_dismembers"},"IsAlive":{"status":"VALUE","value":true},"IsEngine":{"status":"VALUE","value":false},"IsMan":{"status":"VALUE","value":true},"IsReloading":{"status":"VALUE","value":true},"Key":{"status":"VALUE","value":"wh_dlc04_infantry_free_company_blood_dismembers"},"Position":{"status":"VALUE","value":[-47.802047729492,527.62072753906,5.9650731086731,0]},"ReloadPercent":{"status":"VALUE","value":0.53333330154419},"ReloadRemainingTime":{"status":"VALUE","value":4.2000002861023},"UnitContext.UniqueUiId":{"status":"VALUE","value":1007}},"index":36,"list":"ManList","mode":"SNAPSHOT","sample":0},"format":"warhammer-vault-cco-probe-v1","kind":"ENTITY","metadata":{"gameVersion":"9.0.2.0","gameVersionSource":"INSTALLER_EXE_VERSION","scenarioId":"CCO_P0_CUSTOM_BATTLE","sessionId":"98c014a5-8c8c-4ed9-aa0c-7e57a45dd48c","staticSnapshotId":"c7bd67f50bb4df4f16254e5e9615324e615debf434c865de014e77e4483471e5","unitSize":"MEDIUM","unitSizeSource":"DECLARED_SETUP"},"runId":"snapshot-2","sequence":169,"sessionId":"98c014a5-8c8c-4ed9-aa0c-7e57a45dd48c:table: 000000046C6B0888:<35.4s>:1790858880:5134.32421875","timestamp":{"status":"VALUE","value":22900}}
<36.0s><22900ms> WH3_RUNTIME_PROBE|{"data":{"fields":{"EntityRecordContext.Key":{"status":"VALUE","value":"wh_dlc04_infantry_free_company_blood_dismembers"},"IsAlive":{"status":"VALUE","value":true},"IsEngine":{"status":"VALUE","value":false},"IsMan":{"status":"VALUE","value":true},"IsReloading":{"status":"VALUE","value":true},"Key":{"status":"VALUE","value":"wh_dlc04_infantry_free_company_blood_dismembers"},"Position":{"status":"VALUE","value":[-50.154411315918,526.63671875,-5.0095090866089,0]},"ReloadPercent":{"status":"VALUE","value":0.22222250699997},"ReloadRemainingTime":{"status":"VALUE","value":6.9999976158142},"UnitContext.UniqueUiId":{"status":"VALUE","value":1007}},"index":37,"list":"ManList","mode":"SNAPSHOT","sample":0},"format":"warhammer-vault-cco-probe-v1","kind":"ENTITY","metadata":{"gameVersion":"9.0.2.0","gameVersionSource":"INSTALLER_EXE_VERSION","scenarioId":"CCO_P0_CUSTOM_BATTLE","sessionId":"98c014a5-8c8c-4ed9-aa0c-7e57a45dd48c","staticSnapshotId":"c7bd67f50bb4df4f16254e5e9615324e615debf434c865de014e77e4483471e5","unitSize":"MEDIUM","unitSizeSource":"DECLARED_SETUP"},"runId":"snapshot-2","sequence":170,"sessionId":"98c014a5-8c8c-4ed9-aa0c-7e57a45dd48c:table: 000000046C6B0888:<35.4s>:1790858880:5134.32421875","timestamp":{"status":"VALUE","value":22900}}
<36.0s><22900ms> WH3_RUNTIME_PROBE|{"data":{"fields":{"EntityRecordContext.Key":{"status":"VALUE","value":"wh_dlc04_infantry_free_company_blood_dismembers"},"IsAlive":{"status":"VALUE","value":true},"IsEngine":{"status":"VALUE","value":false},"IsMan":{"status":"VALUE","value":true},"IsReloading":{"status":"VALUE","value":true},"Key":{"status":"VALUE","value":"wh_dlc04_infantry_free_company_blood_dismembers"},"Position":{"status":"VALUE","value":[-47.463436126709,527.73205566406,7.2310280799866,0]},"ReloadPercent":{"status":"VALUE","value":0.18888920545578},"ReloadRemainingTime":{"status":"VALUE","value":7.2999973297119},"UnitContext.UniqueUiId":{"status":"VALUE","value":1007}},"index":38,"list":"ManList","mode":"SNAPSHOT","sample":0},"format":"warhammer-vault-cco-probe-v1","kind":"ENTITY","metadata":{"gameVersion":"9.0.2.0","gameVersionSource":"INSTALLER_EXE_VERSION","scenarioId":"CCO_P0_CUSTOM_BATTLE","sessionId":"98c014a5-8c8c-4ed9-aa0c-7e57a45dd48c","staticSnapshotId":"c7bd67f50bb4df4f16254e5e9615324e615debf434c865de014e77e4483471e5","unitSize":"MEDIUM","unitSizeSource":"DECLARED_SETUP"},"runId":"snapshot-2","sequence":171,"sessionId":"98c014a5-8c8c-4ed9-aa0c-7e57a45dd48c:table: 000000046C6B0888:<35.4s>:1790858880:5134.32421875","timestamp":{"status":"VALUE","value":22900}}
<36.0s><22900ms> WH3_RUNTIME_PROBE|{"data":{"fields":{"EntityRecordContext.Key":{"status":"VALUE","value":"wh_dlc04_infantry_free_company_blood_dismembers"},"IsAlive":{"status":"VALUE","value":true},"IsEngine":{"status":"VALUE","value":false},"IsMan":{"status":"VALUE","value":true},"IsReloading":{"status":"VALUE","value":true},"Key":{"status":"VALUE","value":"wh_dlc04_infantry_free_company_blood_dismembers"},"Position":{"status":"VALUE","value":[-50.343215942383,526.51770019531,-6.7018918991089,0]},"ReloadPercent":{"status":"VALUE","value":0.53333330154419},"ReloadRemainingTime":{"status":"VALUE","value":4.2000002861023},"UnitContext.UniqueUiId":{"status":"VALUE","value":1007}},"index":39,"list":"ManList","mode":"SNAPSHOT","sample":0},"format":"warhammer-vault-cco-probe-v1","kind":"ENTITY","metadata":{"gameVersion":"9.0.2.0","gameVersionSource":"INSTALLER_EXE_VERSION","scenarioId":"CCO_P0_CUSTOM_BATTLE","sessionId":"98c014a5-8c8c-4ed9-aa0c-7e57a45dd48c","staticSnapshotId":"c7bd67f50bb4df4f16254e5e9615324e615debf434c865de014e77e4483471e5","unitSize":"MEDIUM","unitSizeSource":"DECLARED_SETUP"},"runId":"snapshot-2","sequence":172,"sessionId":"98c014a5-8c8c-4ed9-aa0c-7e57a45dd48c:table: 000000046C6B0888:<35.4s>:1790858880:5134.32421875","timestamp":{"status":"VALUE","value":22900}}
<36.0s><22900ms> WH3_RUNTIME_PROBE|{"data":{"fields":{"EntityRecordContext.Key":{"status":"VALUE","value":"wh_dlc04_infantry_free_company_blood_dismembers"},"IsAlive":{"status":"VALUE","value":true},"IsEngine":{"status":"VALUE","value":false},"IsMan":{"status":"VALUE","value":true},"IsReloading":{"status":"VALUE","value":true},"Key":{"status":"VALUE","value":"wh_dlc04_infantry_free_company_blood_dismembers"},"Position":{"status":"VALUE","value":[-47.665855407715,527.94586181641,9.3988027572632,0]},"ReloadPercent":{"status":"VALUE","value":0.22222250699997},"ReloadRemainingTime":{"status":"VALUE","value":6.9999976158142},"UnitContext.UniqueUiId":{"status":"VALUE","value":1007}},"index":40,"list":"ManList","mode":"SNAPSHOT","sample":0},"format":"warhammer-vault-cco-probe-v1","kind":"ENTITY","metadata":{"gameVersion":"9.0.2.0","gameVersionSource":"INSTALLER_EXE_VERSION","scenarioId":"CCO_P0_CUSTOM_BATTLE","sessionId":"98c014a5-8c8c-4ed9-aa0c-7e57a45dd48c","staticSnapshotId":"c7bd67f50bb4df4f16254e5e9615324e615debf434c865de014e77e4483471e5","unitSize":"MEDIUM","unitSizeSource":"DECLARED_SETUP"},"runId":"snapshot-2","sequence":173,"sessionId":"98c014a5-8c8c-4ed9-aa0c-7e57a45dd48c:table: 000000046C6B0888:<35.4s>:1790858880:5134.32421875","timestamp":{"status":"VALUE","value":22900}}
<36.0s><22900ms> WH3_RUNTIME_PROBE|{"data":{"fields":{"EntityRecordContext.Key":{"status":"VALUE","value":"wh_dlc04_infantry_free_company_blood_dismembers"},"IsAlive":{"status":"VALUE","value":true},"IsEngine":{"status":"VALUE","value":false},"IsMan":{"status":"VALUE","value":true},"IsReloading":{"status":"VALUE","value":true},"Key":{"status":"VALUE","value":"wh_dlc04_infantry_free_company_blood_dismembers"},"Position":{"status":"VALUE","value":[-50.462825775146,526.42639160156,-8.0488862991333,0]},"ReloadPercent":{"status":"VALUE","value":0.5},"ReloadRemainingTime":{"status":"VALUE","value":4.5},"UnitContext.UniqueUiId":{"status":"VALUE","value":1007}},"index":41,"list":"ManList","mode":"SNAPSHOT","sample":0},"format":"warhammer-vault-cco-probe-v1","kind":"ENTITY","metadata":{"gameVersion":"9.0.2.0","gameVersionSource":"INSTALLER_EXE_VERSION","scenarioId":"CCO_P0_CUSTOM_BATTLE","sessionId":"98c014a5-8c8c-4ed9-aa0c-7e57a45dd48c","staticSnapshotId":"c7bd67f50bb4df4f16254e5e9615324e615debf434c865de014e77e4483471e5","unitSize":"MEDIUM","unitSizeSource":"DECLARED_SETUP"},"runId":"snapshot-2","sequence":174,"sessionId":"98c014a5-8c8c-4ed9-aa0c-7e57a45dd48c:table: 000000046C6B0888:<35.4s>:1790858880:5134.32421875","timestamp":{"status":"VALUE","value":22900}}
<36.0s><22900ms> WH3_RUNTIME_PROBE|{"data":{"fields":{"EntityRecordContext.Key":{"status":"VALUE","value":"wh_dlc04_infantry_free_company_blood_dismembers"},"IsAlive":{"status":"VALUE","value":true},"IsEngine":{"status":"VALUE","value":false},"IsMan":{"status":"VALUE","value":true},"IsReloading":{"status":"VALUE","value":true},"Key":{"status":"VALUE","value":"wh_dlc04_infantry_free_company_blood_dismembers"},"Position":{"status":"VALUE","value":[-47.028190612793,528.00744628906,10.531680107117,0]},"ReloadPercent":{"status":"VALUE","value":0.20000028610229},"ReloadRemainingTime":{"status":"VALUE","value":7.1999974250793},"UnitContext.UniqueUiId":{"status":"VALUE","value":1007}},"index":42,"list":"ManList","mode":"SNAPSHOT","sample":0},"format":"warhammer-vault-cco-probe-v1","kind":"ENTITY","metadata":{"gameVersion":"9.0.2.0","gameVersionSource":"INSTALLER_EXE_VERSION","scenarioId":"CCO_P0_CUSTOM_BATTLE","sessionId":"98c014a5-8c8c-4ed9-aa0c-7e57a45dd48c","staticSnapshotId":"c7bd67f50bb4df4f16254e5e9615324e615debf434c865de014e77e4483471e5","unitSize":"MEDIUM","unitSizeSource":"DECLARED_SETUP"},"runId":"snapshot-2","sequence":175,"sessionId":"98c014a5-8c8c-4ed9-aa0c-7e57a45dd48c:table: 000000046C6B0888:<35.4s>:1790858880:5134.32421875","timestamp":{"status":"VALUE","value":22900}}
<36.0s><22900ms> WH3_RUNTIME_PROBE|{"data":{"fields":{"EntityRecordContext.Key":{"status":"VALUE","value":"wh_dlc04_infantry_free_company_blood_dismembers"},"IsAlive":{"status":"VALUE","value":true},"IsEngine":{"status":"VALUE","value":false},"IsMan":{"status":"VALUE","value":true},"IsReloading":{"status":"VALUE","value":true},"Key":{"status":"VALUE","value":"wh_dlc04_infantry_free_company_blood_dismembers"},"Position":{"status":"VALUE","value":[-50.721405029297,526.32940673828,-9.7701435089111,0]},"ReloadPercent":{"status":"VALUE","value":0.42222231626511},"ReloadRemainingTime":{"status":"VALUE","value":5.199999332428},"UnitContext.UniqueUiId":{"status":"VALUE","value":1007}},"index":43,"list":"ManList","mode":"SNAPSHOT","sample":0},"format":"warhammer-vault-cco-probe-v1","kind":"ENTITY","metadata":{"gameVersion":"9.0.2.0","gameVersionSource":"INSTALLER_EXE_VERSION","scenarioId":"CCO_P0_CUSTOM_BATTLE","sessionId":"98c014a5-8c8c-4ed9-aa0c-7e57a45dd48c","staticSnapshotId":"c7bd67f50bb4df4f16254e5e9615324e615debf434c865de014e77e4483471e5","unitSize":"MEDIUM","unitSizeSource":"DECLARED_SETUP"},"runId":"snapshot-2","sequence":176,"sessionId":"98c014a5-8c8c-4ed9-aa0c-7e57a45dd48c:table: 000000046C6B0888:<35.4s>:1790858880:5134.32421875","timestamp":{"status":"VALUE","value":22900}}
<36.0s><22900ms> WH3_RUNTIME_PROBE|{"data":{"fields":{"EntityRecordContext.Key":{"status":"VALUE","value":"wh_dlc04_infantry_free_company_blood_dismembers"},"IsAlive":{"status":"VALUE","value":true},"IsEngine":{"status":"VALUE","value":false},"IsMan":{"status":"VALUE","value":true},"IsReloading":{"status":"VALUE","value":true},"Key":{"status":"VALUE","value":"wh_dlc04_infantry_free_company_blood_dismembers"},"Position":{"status":"VALUE","value":[-46.841556549072,528.11267089844,12.250021934509,0]},"ReloadPercent":{"status":"VALUE","value":0.17777806520462},"ReloadRemainingTime":{"status":"VALUE","value":7.3999972343445},"UnitContext.UniqueUiId":{"status":"VALUE","value":1007}},"index":44,"list":"ManList","mode":"SNAPSHOT","sample":0},"format":"warhammer-vault-cco-probe-v1","kind":"ENTITY","metadata":{"gameVersion":"9.0.2.0","gameVersionSource":"INSTALLER_EXE_VERSION","scenarioId":"CCO_P0_CUSTOM_BATTLE","sessionId":"98c014a5-8c8c-4ed9-aa0c-7e57a45dd48c","staticSnapshotId":"c7bd67f50bb4df4f16254e5e9615324e615debf434c865de014e77e4483471e5","unitSize":"MEDIUM","unitSizeSource":"DECLARED_SETUP"},"runId":"snapshot-2","sequence":177,"sessionId":"98c014a5-8c8c-4ed9-aa0c-7e57a45dd48c:table: 000000046C6B0888:<35.4s>:1790858880:5134.32421875","timestamp":{"status":"VALUE","value":22900}}
<36.0s><22900ms> WH3_RUNTIME_PROBE|{"data":{"fields":{"EntityRecordContext.Key":{"status":"VALUE","value":"wh_dlc04_infantry_free_company_blood_dismembers"},"IsAlive":{"status":"VALUE","value":true},"IsEngine":{"status":"VALUE","value":false},"IsMan":{"status":"VALUE","value":true},"IsReloading":{"status":"VALUE","value":true},"Key":{"status":"VALUE","value":"wh_dlc04_infantry_free_company_blood_dismembers"},"Position":{"status":"VALUE","value":[-47.020736694336,526.96667480469,0.52707582712173,0]},"ReloadPercent":{"status":"VALUE","value":0.22222250699997},"ReloadRemainingTime":{"status":"VALUE","value":6.9999976158142},"UnitContext.UniqueUiId":{"status":"VALUE","value":1007}},"index":45,"list":"ManList","mode":"SNAPSHOT","sample":0},"format":"warhammer-vault-cco-probe-v1","kind":"ENTITY","metadata":{"gameVersion":"9.0.2.0","gameVersionSource":"INSTALLER_EXE_VERSION","scenarioId":"CCO_P0_CUSTOM_BATTLE","sessionId":"98c014a5-8c8c-4ed9-aa0c-7e57a45dd48c","staticSnapshotId":"c7bd67f50bb4df4f16254e5e9615324e615debf434c865de014e77e4483471e5","unitSize":"MEDIUM","unitSizeSource":"DECLARED_SETUP"},"runId":"snapshot-2","sequence":178,"sessionId":"98c014a5-8c8c-4ed9-aa0c-7e57a45dd48c:table: 000000046C6B0888:<35.4s>:1790858880:5134.32421875","timestamp":{"status":"VALUE","value":22900}}
<36.0s><22900ms> WH3_RUNTIME_PROBE|{"data":{"fields":{"EntityRecordContext.Key":{"status":"VALUE","value":"wh_dlc04_infantry_free_company_blood_dismembers"},"IsAlive":{"status":"VALUE","value":true},"IsEngine":{"status":"VALUE","value":false},"IsMan":{"status":"VALUE","value":true},"IsReloading":{"status":"VALUE","value":true},"Key":{"status":"VALUE","value":"wh_dlc04_infantry_free_company_blood_dismembers"},"Position":{"status":"VALUE","value":[-47.01282119751,527.19079589844,2.5450248718262,0]},"ReloadPercent":{"status":"VALUE","value":0.077778100967407},"ReloadRemainingTime":{"status":"VALUE","value":8.2999973297119},"UnitContext.UniqueUiId":{"status":"VALUE","value":1007}},"index":46,"list":"ManList","mode":"SNAPSHOT","sample":0},"format":"warhammer-vault-cco-probe-v1","kind":"ENTITY","metadata":{"gameVersion":"9.0.2.0","gameVersionSource":"INSTALLER_EXE_VERSION","scenarioId":"CCO_P0_CUSTOM_BATTLE","sessionId":"98c014a5-8c8c-4ed9-aa0c-7e57a45dd48c","staticSnapshotId":"c7bd67f50bb4df4f16254e5e9615324e615debf434c865de014e77e4483471e5","unitSize":"MEDIUM","unitSizeSource":"DECLARED_SETUP"},"runId":"snapshot-2","sequence":179,"sessionId":"98c014a5-8c8c-4ed9-aa0c-7e57a45dd48c:table: 000000046C6B0888:<35.4s>:1790858880:5134.32421875","timestamp":{"status":"VALUE","value":22900}}
<36.0s><22900ms> WH3_RUNTIME_PROBE|{"data":{"fields":{"EntityRecordContext.Key":{"status":"VALUE","value":"wh_dlc04_infantry_free_company_blood_dismembers"},"IsAlive":{"status":"VALUE","value":true},"IsEngine":{"status":"VALUE","value":false},"IsMan":{"status":"VALUE","value":true},"IsReloading":{"status":"VALUE","value":true},"Key":{"status":"VALUE","value":"wh_dlc04_infantry_free_company_blood_dismembers"},"Position":{"status":"VALUE","value":[-46.845478057861,526.78735351563,-1.0732171535492,0]},"ReloadPercent":{"status":"VALUE","value":0.22222250699997},"ReloadRemainingTime":{"status":"VALUE","value":6.9999976158142},"UnitContext.UniqueUiId":{"status":"VALUE","value":1007}},"index":47,"list":"ManList","mode":"SNAPSHOT","sample":0},"format":"warhammer-vault-cco-probe-v1","kind":"ENTITY","metadata":{"gameVersion":"9.0.2.0","gameVersionSource":"INSTALLER_EXE_VERSION","scenarioId":"CCO_P0_CUSTOM_BATTLE","sessionId":"98c014a5-8c8c-4ed9-aa0c-7e57a45dd48c","staticSnapshotId":"c7bd67f50bb4df4f16254e5e9615324e615debf434c865de014e77e4483471e5","unitSize":"MEDIUM","unitSizeSource":"DECLARED_SETUP"},"runId":"snapshot-2","sequence":180,"sessionId":"98c014a5-8c8c-4ed9-aa0c-7e57a45dd48c:table: 000000046C6B0888:<35.4s>:1790858880:5134.32421875","timestamp":{"status":"VALUE","value":22900}}
<36.0s><22900ms> WH3_RUNTIME_PROBE|{"data":{"fields":{"EntityRecordContext.Key":{"status":"VALUE","value":"wh_dlc04_infantry_free_company_blood_dismembers"},"IsAlive":{"status":"VALUE","value":true},"IsEngine":{"status":"VALUE","value":false},"IsMan":{"status":"VALUE","value":true},"IsReloading":{"status":"VALUE","value":true},"Key":{"status":"VALUE","value":"wh_dlc04_infantry_free_company_blood_dismembers"},"Position":{"status":"VALUE","value":[-46.9733543396,527.33435058594,3.8442857265472,0]},"ReloadPercent":{"status":"VALUE","value":0.17777806520462},"ReloadRemainingTime":{"status":"VALUE","value":7.3999972343445},"UnitContext.UniqueUiId":{"status":"VALUE","value":1007}},"index":48,"list":"ManList","mode":"SNAPSHOT","sample":0},"format":"warhammer-vault-cco-probe-v1","kind":"ENTITY","metadata":{"gameVersion":"9.0.2.0","gameVersionSource":"INSTALLER_EXE_VERSION","scenarioId":"CCO_P0_CUSTOM_BATTLE","sessionId":"98c014a5-8c8c-4ed9-aa0c-7e57a45dd48c","staticSnapshotId":"c7bd67f50bb4df4f16254e5e9615324e615debf434c865de014e77e4483471e5","unitSize":"MEDIUM","unitSizeSource":"DECLARED_SETUP"},"runId":"snapshot-2","sequence":181,"sessionId":"98c014a5-8c8c-4ed9-aa0c-7e57a45dd48c:table: 000000046C6B0888:<35.4s>:1790858880:5134.32421875","timestamp":{"status":"VALUE","value":22900}}
<36.0s><22900ms> WH3_RUNTIME_PROBE|{"data":{"fields":{"EntityRecordContext.Key":{"status":"VALUE","value":"wh_dlc04_infantry_free_company_blood_dismembers"},"IsAlive":{"status":"VALUE","value":true},"IsEngine":{"status":"VALUE","value":false},"IsMan":{"status":"VALUE","value":true},"IsReloading":{"status":"VALUE","value":true},"Key":{"status":"VALUE","value":"wh_dlc04_infantry_free_company_blood_dismembers"},"Position":{"status":"VALUE","value":[-47.890064239502,526.71862792969,-2.3995838165283,0]},"ReloadPercent":{"status":"VALUE","value":0.22222250699997},"ReloadRemainingTime":{"status":"VALUE","value":6.9999976158142},"UnitContext.UniqueUiId":{"status":"VALUE","value":1007}},"index":49,"list":"ManList","mode":"SNAPSHOT","sample":0},"format":"warhammer-vault-cco-probe-v1","kind":"ENTITY","metadata":{"gameVersion":"9.0.2.0","gameVersionSource":"INSTALLER_EXE_VERSION","scenarioId":"CCO_P0_CUSTOM_BATTLE","sessionId":"98c014a5-8c8c-4ed9-aa0c-7e57a45dd48c","staticSnapshotId":"c7bd67f50bb4df4f16254e5e9615324e615debf434c865de014e77e4483471e5","unitSize":"MEDIUM","unitSizeSource":"DECLARED_SETUP"},"runId":"snapshot-2","sequence":182,"sessionId":"98c014a5-8c8c-4ed9-aa0c-7e57a45dd48c:table: 000000046C6B0888:<35.4s>:1790858880:5134.32421875","timestamp":{"status":"VALUE","value":22900}}
<36.0s><22900ms> WH3_RUNTIME_PROBE|{"data":{"fields":{"EntityRecordContext.Key":{"status":"VALUE","value":"wh_dlc04_infantry_free_company_blood_dismembers"},"IsAlive":{"status":"VALUE","value":true},"IsEngine":{"status":"VALUE","value":false},"IsMan":{"status":"VALUE","value":true},"IsReloading":{"status":"VALUE","value":true},"Key":{"status":"VALUE","value":"wh_dlc04_infantry_free_company_blood_dismembers"},"Position":{"status":"VALUE","value":[-46.051307678223,527.44696044922,5.3539309501648,0]},"ReloadPercent":{"status":"VALUE","value":0.22222250699997},"ReloadRemainingTime":{"status":"VALUE","value":6.9999976158142},"UnitContext.UniqueUiId":{"status":"VALUE","value":1007}},"index":50,"list":"ManList","mode":"SNAPSHOT","sample":0},"format":"warhammer-vault-cco-probe-v1","kind":"ENTITY","metadata":{"gameVersion":"9.0.2.0","gameVersionSource":"INSTALLER_EXE_VERSION","scenarioId":"CCO_P0_CUSTOM_BATTLE","sessionId":"98c014a5-8c8c-4ed9-aa0c-7e57a45dd48c","staticSnapshotId":"c7bd67f50bb4df4f16254e5e9615324e615debf434c865de014e77e4483471e5","unitSize":"MEDIUM","unitSizeSource":"DECLARED_SETUP"},"runId":"snapshot-2","sequence":183,"sessionId":"98c014a5-8c8c-4ed9-aa0c-7e57a45dd48c:table: 000000046C6B0888:<35.4s>:1790858880:5134.32421875","timestamp":{"status":"VALUE","value":22900}}
<36.0s><22900ms> WH3_RUNTIME_PROBE|{"data":{"fields":{"EntityRecordContext.Key":{"status":"VALUE","value":"wh_dlc04_infantry_free_company_blood_dismembers"},"IsAlive":{"status":"VALUE","value":true},"IsEngine":{"status":"VALUE","value":false},"IsMan":{"status":"VALUE","value":true},"IsReloading":{"status":"VALUE","value":true},"Key":{"status":"VALUE","value":"wh_dlc04_infantry_free_company_blood_dismembers"},"Position":{"status":"VALUE","value":[-47.792739868164,526.55578613281,-4.0736808776855,0]},"ReloadPercent":{"status":"VALUE","value":0.22222250699997},"ReloadRemainingTime":{"status":"VALUE","value":6.9999976158142},"UnitContext.UniqueUiId":{"status":"VALUE","value":1007}},"index":51,"list":"ManList","mode":"SNAPSHOT","sample":0},"format":"warhammer-vault-cco-probe-v1","kind":"ENTITY","metadata":{"gameVersion":"9.0.2.0","gameVersionSource":"INSTALLER_EXE_VERSION","scenarioId":"CCO_P0_CUSTOM_BATTLE","sessionId":"98c014a5-8c8c-4ed9-aa0c-7e57a45dd48c","staticSnapshotId":"c7bd67f50bb4df4f16254e5e9615324e615debf434c865de014e77e4483471e5","unitSize":"MEDIUM","unitSizeSource":"DECLARED_SETUP"},"runId":"snapshot-2","sequence":184,"sessionId":"98c014a5-8c8c-4ed9-aa0c-7e57a45dd48c:table: 000000046C6B0888:<35.4s>:1790858880:5134.32421875","timestamp":{"status":"VALUE","value":22900}}
<36.0s><22900ms> WH3_RUNTIME_PROBE|{"data":{"fields":{"EntityRecordContext.Key":{"status":"VALUE","value":"wh_dlc04_infantry_free_company_blood_dismembers"},"IsAlive":{"status":"VALUE","value":true},"IsEngine":{"status":"VALUE","value":false},"IsMan":{"status":"VALUE","value":true},"IsReloading":{"status":"VALUE","value":true},"Key":{"status":"VALUE","value":"wh_dlc04_infantry_free_company_blood_dismembers"},"Position":{"status":"VALUE","value":[-46.211284637451,527.62084960938,6.8817648887634,0]},"ReloadPercent":{"status":"VALUE","value":0.51111114025116},"ReloadRemainingTime":{"status":"VALUE","value":4.4000000953674},"UnitContext.UniqueUiId":{"status":"VALUE","value":1007}},"index":52,"list":"ManList","mode":"SNAPSHOT","sample":0},"format":"warhammer-vault-cco-probe-v1","kind":"ENTITY","metadata":{"gameVersion":"9.0.2.0","gameVersionSource":"INSTALLER_EXE_VERSION","scenarioId":"CCO_P0_CUSTOM_BATTLE","sessionId":"98c014a5-8c8c-4ed9-aa0c-7e57a45dd48c","staticSnapshotId":"c7bd67f50bb4df4f16254e5e9615324e615debf434c865de014e77e4483471e5","unitSize":"MEDIUM","unitSizeSource":"DECLARED_SETUP"},"runId":"snapshot-2","sequence":185,"sessionId":"98c014a5-8c8c-4ed9-aa0c-7e57a45dd48c:table: 000000046C6B0888:<35.4s>:1790858880:5134.32421875","timestamp":{"status":"VALUE","value":22900}}
<36.0s><22900ms> WH3_RUNTIME_PROBE|{"data":{"fields":{"EntityRecordContext.Key":{"status":"VALUE","value":"wh_dlc04_infantry_free_company_blood_dismembers"},"IsAlive":{"status":"VALUE","value":true},"IsEngine":{"status":"VALUE","value":false},"IsMan":{"status":"VALUE","value":true},"IsReloading":{"status":"VALUE","value":true},"Key":{"status":"VALUE","value":"wh_dlc04_infantry_free_company_blood_dismembers"},"Position":{"status":"VALUE","value":[-48.549709320068,526.46978759766,-5.7029795646667,0]},"ReloadPercent":{"status":"VALUE","value":0.42222231626511},"ReloadRemainingTime":{"status":"VALUE","value":5.199999332428},"UnitContext.UniqueUiId":{"status":"VALUE","value":1007}},"index":53,"list":"ManList","mode":"SNAPSHOT","sample":0},"format":"warhammer-vault-cco-probe-v1","kind":"ENTITY","metadata":{"gameVersion":"9.0.2.0","gameVersionSource":"INSTALLER_EXE_VERSION","scenarioId":"CCO_P0_CUSTOM_BATTLE","sessionId":"98c014a5-8c8c-4ed9-aa0c-7e57a45dd48c","staticSnapshotId":"c7bd67f50bb4df4f16254e5e9615324e615debf434c865de014e77e4483471e5","unitSize":"MEDIUM","unitSizeSource":"DECLARED_SETUP"},"runId":"snapshot-2","sequence":186,"sessionId":"98c014a5-8c8c-4ed9-aa0c-7e57a45dd48c:table: 000000046C6B0888:<35.4s>:1790858880:5134.32421875","timestamp":{"status":"VALUE","value":22900}}
<36.0s><22900ms> WH3_RUNTIME_PROBE|{"data":{"fields":{"EntityRecordContext.Key":{"status":"VALUE","value":"wh_dlc04_infantry_free_company_blood_dismembers"},"IsAlive":{"status":"VALUE","value":true},"IsEngine":{"status":"VALUE","value":false},"IsMan":{"status":"VALUE","value":true},"IsReloading":{"status":"VALUE","value":true},"Key":{"status":"VALUE","value":"wh_dlc04_infantry_free_company_blood_dismembers"},"Position":{"status":"VALUE","value":[-45.7158203125,527.76025390625,8.4740762710571,0]},"ReloadPercent":{"status":"VALUE","value":0.48888891935349},"ReloadRemainingTime":{"status":"VALUE","value":4.5999999046326},"UnitContext.UniqueUiId":{"status":"VALUE","value":1007}},"index":54,"list":"ManList","mode":"SNAPSHOT","sample":0},"format":"warhammer-vault-cco-probe-v1","kind":"ENTITY","metadata":{"gameVersion":"9.0.2.0","gameVersionSource":"INSTALLER_EXE_VERSION","scenarioId":"CCO_P0_CUSTOM_BATTLE","sessionId":"98c014a5-8c8c-4ed9-aa0c-7e57a45dd48c","staticSnapshotId":"c7bd67f50bb4df4f16254e5e9615324e615debf434c865de014e77e4483471e5","unitSize":"MEDIUM","unitSizeSource":"DECLARED_SETUP"},"runId":"snapshot-2","sequence":187,"sessionId":"98c014a5-8c8c-4ed9-aa0c-7e57a45dd48c:table: 000000046C6B0888:<35.4s>:1790858880:5134.32421875","timestamp":{"status":"VALUE","value":22900}}
<36.0s><22900ms> WH3_RUNTIME_PROBE|{"data":{"fields":{"EntityRecordContext.Key":{"status":"VALUE","value":"wh_dlc04_infantry_free_company_blood_dismembers"},"IsAlive":{"status":"VALUE","value":true},"IsEngine":{"status":"VALUE","value":false},"IsMan":{"status":"VALUE","value":true},"IsReloading":{"status":"VALUE","value":true},"Key":{"status":"VALUE","value":"wh_dlc04_infantry_free_company_blood_dismembers"},"Position":{"status":"VALUE","value":[-48.299522399902,526.33251953125,-7.1935510635376,0]},"ReloadPercent":{"status":"VALUE","value":0.22222250699997},"ReloadRemainingTime":{"status":"VALUE","value":6.9999976158142},"UnitContext.UniqueUiId":{"status":"VALUE","value":1007}},"index":55,"list":"ManList","mode":"SNAPSHOT","sample":0},"format":"warhammer-vault-cco-probe-v1","kind":"ENTITY","metadata":{"gameVersion":"9.0.2.0","gameVersionSource":"INSTALLER_EXE_VERSION","scenarioId":"CCO_P0_CUSTOM_BATTLE","sessionId":"98c014a5-8c8c-4ed9-aa0c-7e57a45dd48c","staticSnapshotId":"c7bd67f50bb4df4f16254e5e9615324e615debf434c865de014e77e4483471e5","unitSize":"MEDIUM","unitSizeSource":"DECLARED_SETUP"},"runId":"snapshot-2","sequence":188,"sessionId":"98c014a5-8c8c-4ed9-aa0c-7e57a45dd48c:table: 000000046C6B0888:<35.4s>:1790858880:5134.32421875","timestamp":{"status":"VALUE","value":22900}}
<36.0s><22900ms> WH3_RUNTIME_PROBE|{"data":{"fields":{"EntityRecordContext.Key":{"status":"VALUE","value":"wh_dlc04_infantry_free_company_blood_dismembers"},"IsAlive":{"status":"VALUE","value":true},"IsEngine":{"status":"VALUE","value":false},"IsMan":{"status":"VALUE","value":true},"IsReloading":{"status":"VALUE","value":true},"Key":{"status":"VALUE","value":"wh_dlc04_infantry_free_company_blood_dismembers"},"Position":{"status":"VALUE","value":[-45.180938720703,527.91955566406,10.392966270447,0]},"ReloadPercent":{"status":"VALUE","value":0.51111114025116},"ReloadRemainingTime":{"status":"VALUE","value":4.4000000953674},"UnitContext.UniqueUiId":{"status":"VALUE","value":1007}},"index":56,"list":"ManList","mode":"SNAPSHOT","sample":0},"format":"warhammer-vault-cco-probe-v1","kind":"ENTITY","metadata":{"gameVersion":"9.0.2.0","gameVersionSource":"INSTALLER_EXE_VERSION","scenarioId":"CCO_P0_CUSTOM_BATTLE","sessionId":"98c014a5-8c8c-4ed9-aa0c-7e57a45dd48c","staticSnapshotId":"c7bd67f50bb4df4f16254e5e9615324e615debf434c865de014e77e4483471e5","unitSize":"MEDIUM","unitSizeSource":"DECLARED_SETUP"},"runId":"snapshot-2","sequence":189,"sessionId":"98c014a5-8c8c-4ed9-aa0c-7e57a45dd48c:table: 000000046C6B0888:<35.4s>:1790858880:5134.32421875","timestamp":{"status":"VALUE","value":22900}}
<36.0s><22900ms> WH3_RUNTIME_PROBE|{"data":{"fields":{"EntityRecordContext.Key":{"status":"VALUE","value":"wh_dlc04_infantry_free_company_blood_dismembers"},"IsAlive":{"status":"VALUE","value":true},"IsEngine":{"status":"VALUE","value":false},"IsMan":{"status":"VALUE","value":true},"IsReloading":{"status":"VALUE","value":true},"Key":{"status":"VALUE","value":"wh_dlc04_infantry_free_company_blood_dismembers"},"Position":{"status":"VALUE","value":[-48.971729278564,526.29748535156,-8.3062410354614,0]},"ReloadPercent":{"status":"VALUE","value":0.22222250699997},"ReloadRemainingTime":{"status":"VALUE","value":6.9999976158142},"UnitContext.UniqueUiId":{"status":"VALUE","value":1007}},"index":57,"list":"ManList","mode":"SNAPSHOT","sample":0},"format":"warhammer-vault-cco-probe-v1","kind":"ENTITY","metadata":{"gameVersion":"9.0.2.0","gameVersionSource":"INSTALLER_EXE_VERSION","scenarioId":"CCO_P0_CUSTOM_BATTLE","sessionId":"98c014a5-8c8c-4ed9-aa0c-7e57a45dd48c","staticSnapshotId":"c7bd67f50bb4df4f16254e5e9615324e615debf434c865de014e77e4483471e5","unitSize":"MEDIUM","unitSizeSource":"DECLARED_SETUP"},"runId":"snapshot-2","sequence":190,"sessionId":"98c014a5-8c8c-4ed9-aa0c-7e57a45dd48c:table: 000000046C6B0888:<35.4s>:1790858880:5134.32421875","timestamp":{"status":"VALUE","value":22900}}
<36.0s><22900ms> WH3_RUNTIME_PROBE|{"data":{"fields":{"EntityRecordContext.Key":{"status":"VALUE","value":"wh_dlc04_infantry_free_company_blood_dismembers"},"IsAlive":{"status":"VALUE","value":true},"IsEngine":{"status":"VALUE","value":false},"IsMan":{"status":"VALUE","value":true},"IsReloading":{"status":"VALUE","value":true},"Key":{"status":"VALUE","value":"wh_dlc04_infantry_free_company_blood_dismembers"},"Position":{"status":"VALUE","value":[-44.754070281982,527.99353027344,11.649361610413,0]},"ReloadPercent":{"status":"VALUE","value":0.15555590391159},"ReloadRemainingTime":{"status":"VALUE","value":7.5999970436096},"UnitContext.UniqueUiId":{"status":"VALUE","value":1007}},"index":58,"list":"ManList","mode":"SNAPSHOT","sample":0},"format":"warhammer-vault-cco-probe-v1","kind":"ENTITY","metadata":{"gameVersion":"9.0.2.0","gameVersionSource":"INSTALLER_EXE_VERSION","scenarioId":"CCO_P0_CUSTOM_BATTLE","sessionId":"98c014a5-8c8c-4ed9-aa0c-7e57a45dd48c","staticSnapshotId":"c7bd67f50bb4df4f16254e5e9615324e615debf434c865de014e77e4483471e5","unitSize":"MEDIUM","unitSizeSource":"DECLARED_SETUP"},"runId":"snapshot-2","sequence":191,"sessionId":"98c014a5-8c8c-4ed9-aa0c-7e57a45dd48c:table: 000000046C6B0888:<35.4s>:1790858880:5134.32421875","timestamp":{"status":"VALUE","value":22900}}
<36.0s><22900ms> WH3_RUNTIME_PROBE|{"data":{"fields":{"EntityRecordContext.Key":{"status":"VALUE","value":"wh_dlc04_infantry_free_company_blood_dismembers"},"IsAlive":{"status":"VALUE","value":true},"IsEngine":{"status":"VALUE","value":false},"IsMan":{"status":"VALUE","value":true},"IsReloading":{"status":"VALUE","value":true},"Key":{"status":"VALUE","value":"wh_dlc04_infantry_free_company_blood_dismembers"},"Position":{"status":"VALUE","value":[-48.908622741699,526.16534423828,-10.104699134827,0]},"ReloadPercent":{"status":"VALUE","value":0.22222250699997},"ReloadRemainingTime":{"status":"VALUE","value":6.9999976158142},"UnitContext.UniqueUiId":{"status":"VALUE","value":1007}},"index":59,"list":"ManList","mode":"SNAPSHOT","sample":0},"format":"warhammer-vault-cco-probe-v1","kind":"ENTITY","metadata":{"gameVersion":"9.0.2.0","gameVersionSource":"INSTALLER_EXE_VERSION","scenarioId":"CCO_P0_CUSTOM_BATTLE","sessionId":"98c014a5-8c8c-4ed9-aa0c-7e57a45dd48c","staticSnapshotId":"c7bd67f50bb4df4f16254e5e9615324e615debf434c865de014e77e4483471e5","unitSize":"MEDIUM","unitSizeSource":"DECLARED_SETUP"},"runId":"snapshot-2","sequence":192,"sessionId":"98c014a5-8c8c-4ed9-aa0c-7e57a45dd48c:table: 000000046C6B0888:<35.4s>:1790858880:5134.32421875","timestamp":{"status":"VALUE","value":22900}}
<36.0s><22900ms> WH3_RUNTIME_PROBE|{"data":{"complete":true,"list":"MountList","mode":"SNAPSHOT","sample":0,"size":{"status":"VALUE","value":0}},"format":"warhammer-vault-cco-probe-v1","kind":"COMPONENT_LIST","metadata":{"gameVersion":"9.0.2.0","gameVersionSource":"INSTALLER_EXE_VERSION","scenarioId":"CCO_P0_CUSTOM_BATTLE","sessionId":"98c014a5-8c8c-4ed9-aa0c-7e57a45dd48c","staticSnapshotId":"c7bd67f50bb4df4f16254e5e9615324e615debf434c865de014e77e4483471e5","unitSize":"MEDIUM","unitSizeSource":"DECLARED_SETUP"},"runId":"snapshot-2","sequence":193,"sessionId":"98c014a5-8c8c-4ed9-aa0c-7e57a45dd48c:table: 000000046C6B0888:<35.4s>:1790858880:5134.32421875","timestamp":{"status":"VALUE","value":22900}}
<36.0s><22900ms> WH3_RUNTIME_PROBE|{"data":{"complete":true,"list":"EngineList","mode":"SNAPSHOT","sample":0,"size":{"status":"VALUE","value":0}},"format":"warhammer-vault-cco-probe-v1","kind":"COMPONENT_LIST","metadata":{"gameVersion":"9.0.2.0","gameVersionSource":"INSTALLER_EXE_VERSION","scenarioId":"CCO_P0_CUSTOM_BATTLE","sessionId":"98c014a5-8c8c-4ed9-aa0c-7e57a45dd48c","staticSnapshotId":"c7bd67f50bb4df4f16254e5e9615324e615debf434c865de014e77e4483471e5","unitSize":"MEDIUM","unitSizeSource":"DECLARED_SETUP"},"runId":"snapshot-2","sequence":194,"sessionId":"98c014a5-8c8c-4ed9-aa0c-7e57a45dd48c:table: 000000046C6B0888:<35.4s>:1790858880:5134.32421875","timestamp":{"status":"VALUE","value":22900}}
<36.0s><22900ms> WH3_RUNTIME_PROBE|{"data":{"complete":true,"list":"EntityList","mode":"SNAPSHOT","sample":0,"size":{"status":"VALUE","value":60}},"format":"warhammer-vault-cco-probe-v1","kind":"COMPONENT_LIST","metadata":{"gameVersion":"9.0.2.0","gameVersionSource":"INSTALLER_EXE_VERSION","scenarioId":"CCO_P0_CUSTOM_BATTLE","sessionId":"98c014a5-8c8c-4ed9-aa0c-7e57a45dd48c","staticSnapshotId":"c7bd67f50bb4df4f16254e5e9615324e615debf434c865de014e77e4483471e5","unitSize":"MEDIUM","unitSizeSource":"DECLARED_SETUP"},"runId":"snapshot-2","sequence":195,"sessionId":"98c014a5-8c8c-4ed9-aa0c-7e57a45dd48c:table: 000000046C6B0888:<35.4s>:1790858880:5134.32421875","timestamp":{"status":"VALUE","value":22900}}
<36.0s><22900ms> WH3_RUNTIME_PROBE|{"data":{"fields":{"EntityRecordContext.Key":{"status":"VALUE","value":"wh_dlc04_infantry_free_company_blood_dismembers"},"IsAlive":{"status":"VALUE","value":true},"IsEngine":{"status":"VALUE","value":false},"IsMan":{"status":"VALUE","value":true},"IsReloading":{"status":"VALUE","value":true},"Key":{"status":"VALUE","value":"wh_dlc04_infantry_free_company_blood_dismembers"},"Position":{"status":"VALUE","value":[-52.605808258057,527.34405517578,1.8419549465179,0]},"ReloadPercent":{"status":"VALUE","value":0.22222250699997},"ReloadRemainingTime":{"status":"VALUE","value":6.9999976158142},"UnitContext.UniqueUiId":{"status":"VALUE","value":1007}},"index":0,"list":"EntityList","mode":"SNAPSHOT","sample":0},"format":"warhammer-vault-cco-probe-v1","kind":"ENTITY","metadata":{"gameVersion":"9.0.2.0","gameVersionSource":"INSTALLER_EXE_VERSION","scenarioId":"CCO_P0_CUSTOM_BATTLE","sessionId":"98c014a5-8c8c-4ed9-aa0c-7e57a45dd48c","staticSnapshotId":"c7bd67f50bb4df4f16254e5e9615324e615debf434c865de014e77e4483471e5","unitSize":"MEDIUM","unitSizeSource":"DECLARED_SETUP"},"runId":"snapshot-2","sequence":196,"sessionId":"98c014a5-8c8c-4ed9-aa0c-7e57a45dd48c:table: 000000046C6B0888:<35.4s>:1790858880:5134.32421875","timestamp":{"status":"VALUE","value":22900}}
<36.0s><22900ms> WH3_RUNTIME_PROBE|{"data":{"fields":{"EntityRecordContext.Key":{"status":"VALUE","value":"wh_dlc04_infantry_free_company_blood_dismembers"},"IsAlive":{"status":"VALUE","value":true},"IsEngine":{"status":"VALUE","value":false},"IsMan":{"status":"VALUE","value":true},"IsReloading":{"status":"VALUE","value":true},"Key":{"status":"VALUE","value":"wh_dlc04_infantry_free_company_blood_dismembers"},"Position":{"status":"VALUE","value":[-52.550701141357,527.20562744141,0.29146930575371,0]},"ReloadPercent":{"status":"VALUE","value":0.22222250699997},"ReloadRemainingTime":{"status":"VALUE","value":6.9999976158142},"UnitContext.UniqueUiId":{"status":"VALUE","value":1007}},"index":1,"list":"EntityList","mode":"SNAPSHOT","sample":0},"format":"warhammer-vault-cco-probe-v1","kind":"ENTITY","metadata":{"gameVersion":"9.0.2.0","gameVersionSource":"INSTALLER_EXE_VERSION","scenarioId":"CCO_P0_CUSTOM_BATTLE","sessionId":"98c014a5-8c8c-4ed9-aa0c-7e57a45dd48c","staticSnapshotId":"c7bd67f50bb4df4f16254e5e9615324e615debf434c865de014e77e4483471e5","unitSize":"MEDIUM","unitSizeSource":"DECLARED_SETUP"},"runId":"snapshot-2","sequence":197,"sessionId":"98c014a5-8c8c-4ed9-aa0c-7e57a45dd48c:table: 000000046C6B0888:<35.4s>:1790858880:5134.32421875","timestamp":{"status":"VALUE","value":22900}}
<36.0s><22900ms> WH3_RUNTIME_PROBE|{"data":{"fields":{"EntityRecordContext.Key":{"status":"VALUE","value":"wh_dlc04_infantry_free_company_blood_dismembers"},"IsAlive":{"status":"VALUE","value":true},"IsEngine":{"status":"VALUE","value":false},"IsMan":{"status":"VALUE","value":true},"IsReloading":{"status":"VALUE","value":true},"Key":{"status":"VALUE","value":"wh_dlc04_infantry_free_company_blood_dismembers"},"Position":{"status":"VALUE","value":[-51.841815948486,527.47155761719,3.4047660827637,0]},"ReloadPercent":{"status":"VALUE","value":0.22222250699997},"ReloadRemainingTime":{"status":"VALUE","value":6.9999976158142},"UnitContext.UniqueUiId":{"status":"VALUE","value":1007}},"index":2,"list":"EntityList","mode":"SNAPSHOT","sample":0},"format":"warhammer-vault-cco-probe-v1","kind":"ENTITY","metadata":{"gameVersion":"9.0.2.0","gameVersionSource":"INSTALLER_EXE_VERSION","scenarioId":"CCO_P0_CUSTOM_BATTLE","sessionId":"98c014a5-8c8c-4ed9-aa0c-7e57a45dd48c","staticSnapshotId":"c7bd67f50bb4df4f16254e5e9615324e615debf434c865de014e77e4483471e5","unitSize":"MEDIUM","unitSizeSource":"DECLARED_SETUP"},"runId":"snapshot-2","sequence":198,"sessionId":"98c014a5-8c8c-4ed9-aa0c-7e57a45dd48c:table: 000000046C6B0888:<35.4s>:1790858880:5134.32421875","timestamp":{"status":"VALUE","value":22900}}
<36.0s><22900ms> WH3_RUNTIME_PROBE|{"data":{"fields":{"EntityRecordContext.Key":{"status":"VALUE","value":"wh_dlc04_infantry_free_company_blood_dismembers"},"IsAlive":{"status":"VALUE","value":true},"IsEngine":{"status":"VALUE","value":false},"IsMan":{"status":"VALUE","value":true},"IsReloading":{"status":"VALUE","value":true},"Key":{"status":"VALUE","value":"wh_dlc04_infantry_free_company_blood_dismembers"},"Position":{"status":"VALUE","value":[-52.742012023926,527.09118652344,-1.1408680677414,0]},"ReloadPercent":{"status":"VALUE","value":0.22222250699997},"ReloadRemainingTime":{"status":"VALUE","value":6.9999976158142},"UnitContext.UniqueUiId":{"status":"VALUE","value":1007}},"index":3,"list":"EntityList","mode":"SNAPSHOT","sample":0},"format":"warhammer-vault-cco-probe-v1","kind":"ENTITY","metadata":{"gameVersion":"9.0.2.0","gameVersionSource":"INSTALLER_EXE_VERSION","scenarioId":"CCO_P0_CUSTOM_BATTLE","sessionId":"98c014a5-8c8c-4ed9-aa0c-7e57a45dd48c","staticSnapshotId":"c7bd67f50bb4df4f16254e5e9615324e615debf434c865de014e77e4483471e5","unitSize":"MEDIUM","unitSizeSource":"DECLARED_SETUP"},"runId":"snapshot-2","sequence":199,"sessionId":"98c014a5-8c8c-4ed9-aa0c-7e57a45dd48c:table: 000000046C6B0888:<35.4s>:1790858880:5134.32421875","timestamp":{"status":"VALUE","value":22900}}
<36.0s><22900ms> WH3_RUNTIME_PROBE|{"data":{"fields":{"EntityRecordContext.Key":{"status":"VALUE","value":"wh_dlc04_infantry_free_company_blood_dismembers"},"IsAlive":{"status":"VALUE","value":true},"IsEngine":{"status":"VALUE","value":false},"IsMan":{"status":"VALUE","value":true},"IsReloading":{"status":"VALUE","value":true},"Key":{"status":"VALUE","value":"wh_dlc04_infantry_free_company_blood_dismembers"},"Position":{"status":"VALUE","value":[-51.734600067139,527.61560058594,4.9443197250366,0]},"ReloadPercent":{"status":"VALUE","value":0.22222250699997},"ReloadRemainingTime":{"status":"VALUE","value":6.9999976158142},"UnitContext.UniqueUiId":{"status":"VALUE","value":1007}},"index":4,"list":"EntityList","mode":"SNAPSHOT","sample":0},"format":"warhammer-vault-cco-probe-v1","kind":"ENTITY","metadata":{"gameVersion":"9.0.2.0","gameVersionSource":"INSTALLER_EXE_VERSION","scenarioId":"CCO_P0_CUSTOM_BATTLE","sessionId":"98c014a5-8c8c-4ed9-aa0c-7e57a45dd48c","staticSnapshotId":"c7bd67f50bb4df4f16254e5e9615324e615debf434c865de014e77e4483471e5","unitSize":"MEDIUM","unitSizeSource":"DECLARED_SETUP"},"runId":"snapshot-2","sequence":200,"sessionId":"98c014a5-8c8c-4ed9-aa0c-7e57a45dd48c:table: 000000046C6B0888:<35.4s>:1790858880:5134.32421875","timestamp":{"status":"VALUE","value":22900}}
<36.0s><22900ms> WH3_RUNTIME_PROBE|{"data":{"fields":{"EntityRecordContext.Key":{"status":"VALUE","value":"wh_dlc04_infantry_free_company_blood_dismembers"},"IsAlive":{"status":"VALUE","value":true},"IsEngine":{"status":"VALUE","value":false},"IsMan":{"status":"VALUE","value":true},"IsReloading":{"status":"VALUE","value":true},"Key":{"status":"VALUE","value":"wh_dlc04_infantry_free_company_blood_dismembers"},"Position":{"status":"VALUE","value":[-53.217437744141,526.97717285156,-2.8291065692902,0]},"ReloadPercent":{"status":"VALUE","value":0.51111114025116},"ReloadRemainingTime":{"status":"VALUE","value":4.4000000953674},"UnitContext.UniqueUiId":{"status":"VALUE","value":1007}},"index":5,"list":"EntityList","mode":"SNAPSHOT","sample":0},"format":"warhammer-vault-cco-probe-v1","kind":"ENTITY","metadata":{"gameVersion":"9.0.2.0","gameVersionSource":"INSTALLER_EXE_VERSION","scenarioId":"CCO_P0_CUSTOM_BATTLE","sessionId":"98c014a5-8c8c-4ed9-aa0c-7e57a45dd48c","staticSnapshotId":"c7bd67f50bb4df4f16254e5e9615324e615debf434c865de014e77e4483471e5","unitSize":"MEDIUM","unitSizeSource":"DECLARED_SETUP"},"runId":"snapshot-2","sequence":201,"sessionId":"98c014a5-8c8c-4ed9-aa0c-7e57a45dd48c:table: 000000046C6B0888:<35.4s>:1790858880:5134.32421875","timestamp":{"status":"VALUE","value":22900}}
<36.0s><22900ms> WH3_RUNTIME_PROBE|{"data":{"fields":{"EntityRecordContext.Key":{"status":"VALUE","value":"wh_dlc04_infantry_free_company_blood_dismembers"},"IsAlive":{"status":"VALUE","value":true},"IsEngine":{"status":"VALUE","value":false},"IsMan":{"status":"VALUE","value":true},"IsReloading":{"status":"VALUE","value":true},"Key":{"status":"VALUE","value":"wh_dlc04_infantry_free_company_blood_dismembers"},"Position":{"status":"VALUE","value":[-51.047004699707,527.71307373047,6.0475587844849,0]},"ReloadPercent":{"status":"VALUE","value":0.20000028610229},"ReloadRemainingTime":{"status":"VALUE","value":7.1999974250793},"UnitContext.UniqueUiId":{"status":"VALUE","value":1007}},"index":6,"list":"EntityList","mode":"SNAPSHOT","sample":0},"format":"warhammer-vault-cco-probe-v1","kind":"ENTITY","metadata":{"gameVersion":"9.0.2.0","gameVersionSource":"INSTALLER_EXE_VERSION","scenarioId":"CCO_P0_CUSTOM_BATTLE","sessionId":"98c014a5-8c8c-4ed9-aa0c-7e57a45dd48c","staticSnapshotId":"c7bd67f50bb4df4f16254e5e9615324e615debf434c865de014e77e4483471e5","unitSize":"MEDIUM","unitSizeSource":"DECLARED_SETUP"},"runId":"snapshot-2","sequence":202,"sessionId":"98c014a5-8c8c-4ed9-aa0c-7e57a45dd48c:table: 000000046C6B0888:<35.4s>:1790858880:5134.32421875","timestamp":{"status":"VALUE","value":22900}}
<36.0s><22900ms> WH3_RUNTIME_PROBE|{"data":{"fields":{"EntityRecordContext.Key":{"status":"VALUE","value":"wh_dlc04_infantry_free_company_blood_dismembers"},"IsAlive":{"status":"VALUE","value":true},"IsEngine":{"status":"VALUE","value":false},"IsMan":{"status":"VALUE","value":true},"IsReloading":{"status":"VALUE","value":true},"Key":{"status":"VALUE","value":"wh_dlc04_infantry_free_company_blood_dismembers"},"Position":{"status":"VALUE","value":[-53.265247344971,526.85491943359,-4.5025792121887,0]},"ReloadPercent":{"status":"VALUE","value":0.22222250699997},"ReloadRemainingTime":{"status":"VALUE","value":6.9999976158142},"UnitContext.UniqueUiId":{"status":"VALUE","value":1007}},"index":7,"list":"EntityList","mode":"SNAPSHOT","sample":0},"format":"warhammer-vault-cco-probe-v1","kind":"ENTITY","metadata":{"gameVersion":"9.0.2.0","gameVersionSource":"INSTALLER_EXE_VERSION","scenarioId":"CCO_P0_CUSTOM_BATTLE","sessionId":"98c014a5-8c8c-4ed9-aa0c-7e57a45dd48c","staticSnapshotId":"c7bd67f50bb4df4f16254e5e9615324e615debf434c865de014e77e4483471e5","unitSize":"MEDIUM","unitSizeSource":"DECLARED_SETUP"},"runId":"snapshot-2","sequence":203,"sessionId":"98c014a5-8c8c-4ed9-aa0c-7e57a45dd48c:table: 000000046C6B0888:<35.4s>:1790858880:5134.32421875","timestamp":{"status":"VALUE","value":22900}}
<36.0s><22900ms> WH3_RUNTIME_PROBE|{"data":{"fields":{"EntityRecordContext.Key":{"status":"VALUE","value":"wh_dlc04_infantry_free_company_blood_dismembers"},"IsAlive":{"status":"VALUE","value":true},"IsEngine":{"status":"VALUE","value":false},"IsMan":{"status":"VALUE","value":true},"IsReloading":{"status":"VALUE","value":true},"Key":{"status":"VALUE","value":"wh_dlc04_infantry_free_company_blood_dismembers"},"Position":{"status":"VALUE","value":[-50.573253631592,527.89916992188,7.9678869247437,0]},"ReloadPercent":{"status":"VALUE","value":0.22222250699997},"ReloadRemainingTime":{"status":"VALUE","value":6.9999976158142},"UnitContext.UniqueUiId":{"status":"VALUE","value":1007}},"index":8,"list":"EntityList","mode":"SNAPSHOT","sample":0},"format":"warhammer-vault-cco-probe-v1","kind":"ENTITY","metadata":{"gameVersion":"9.0.2.0","gameVersionSource":"INSTALLER_EXE_VERSION","scenarioId":"CCO_P0_CUSTOM_BATTLE","sessionId":"98c014a5-8c8c-4ed9-aa0c-7e57a45dd48c","staticSnapshotId":"c7bd67f50bb4df4f16254e5e9615324e615debf434c865de014e77e4483471e5","unitSize":"MEDIUM","unitSizeSource":"DECLARED_SETUP"},"runId":"snapshot-2","sequence":204,"sessionId":"98c014a5-8c8c-4ed9-aa0c-7e57a45dd48c:table: 000000046C6B0888:<35.4s>:1790858880:5134.32421875","timestamp":{"status":"VALUE","value":22900}}
<36.0s><22900ms> WH3_RUNTIME_PROBE|{"data":{"fields":{"EntityRecordContext.Key":{"status":"VALUE","value":"wh_dlc04_infantry_free_company_blood_dismembers"},"IsAlive":{"status":"VALUE","value":true},"IsEngine":{"status":"VALUE","value":false},"IsMan":{"status":"VALUE","value":true},"IsReloading":{"status":"VALUE","value":true},"Key":{"status":"VALUE","value":"wh_dlc04_infantry_free_company_blood_dismembers"},"Position":{"status":"VALUE","value":[-53.500686645508,526.71746826172,-6.6996369361877,0]},"ReloadPercent":{"status":"VALUE","value":0.22222250699997},"ReloadRemainingTime":{"status":"VALUE","value":6.9999976158142},"UnitContext.UniqueUiId":{"status":"VALUE","value":1007}},"index":9,"list":"EntityList","mode":"SNAPSHOT","sample":0},"format":"warhammer-vault-cco-probe-v1","kind":"ENTITY","metadata":{"gameVersion":"9.0.2.0","gameVersionSource":"INSTALLER_EXE_VERSION","scenarioId":"CCO_P0_CUSTOM_BATTLE","sessionId":"98c014a5-8c8c-4ed9-aa0c-7e57a45dd48c","staticSnapshotId":"c7bd67f50bb4df4f16254e5e9615324e615debf434c865de014e77e4483471e5","unitSize":"MEDIUM","unitSizeSource":"DECLARED_SETUP"},"runId":"snapshot-2","sequence":205,"sessionId":"98c014a5-8c8c-4ed9-aa0c-7e57a45dd48c:table: 000000046C6B0888:<35.4s>:1790858880:5134.32421875","timestamp":{"status":"VALUE","value":22900}}
<36.0s><22900ms> WH3_RUNTIME_PROBE|{"data":{"fields":{"EntityRecordContext.Key":{"status":"VALUE","value":"wh_dlc04_infantry_free_company_blood_dismembers"},"IsAlive":{"status":"VALUE","value":true},"IsEngine":{"status":"VALUE","value":false},"IsMan":{"status":"VALUE","value":true},"IsReloading":{"status":"VALUE","value":true},"Key":{"status":"VALUE","value":"wh_dlc04_infantry_free_company_blood_dismembers"},"Position":{"status":"VALUE","value":[-50.63990020752,528.02416992188,9.2640562057495,0]},"ReloadPercent":{"status":"VALUE","value":0.44444447755814},"ReloadRemainingTime":{"status":"VALUE","value":4.9999995231628},"UnitContext.UniqueUiId":{"status":"VALUE","value":1007}},"index":10,"list":"EntityList","mode":"SNAPSHOT","sample":0},"format":"warhammer-vault-cco-probe-v1","kind":"ENTITY","metadata":{"gameVersion":"9.0.2.0","gameVersionSource":"INSTALLER_EXE_VERSION","scenarioId":"CCO_P0_CUSTOM_BATTLE","sessionId":"98c014a5-8c8c-4ed9-aa0c-7e57a45dd48c","staticSnapshotId":"c7bd67f50bb4df4f16254e5e9615324e615debf434c865de014e77e4483471e5","unitSize":"MEDIUM","unitSizeSource":"DECLARED_SETUP"},"runId":"snapshot-2","sequence":206,"sessionId":"98c014a5-8c8c-4ed9-aa0c-7e57a45dd48c:table: 000000046C6B0888:<35.4s>:1790858880:5134.32421875","timestamp":{"status":"VALUE","value":22900}}
<36.0s><22900ms> WH3_RUNTIME_PROBE|{"data":{"fields":{"EntityRecordContext.Key":{"status":"VALUE","value":"wh_dlc04_infantry_free_company_blood_dismembers"},"IsAlive":{"status":"VALUE","value":true},"IsEngine":{"status":"VALUE","value":false},"IsMan":{"status":"VALUE","value":true},"IsReloading":{"status":"VALUE","value":true},"Key":{"status":"VALUE","value":"wh_dlc04_infantry_free_company_blood_dismembers"},"Position":{"status":"VALUE","value":[-54.002944946289,526.67291259766,-7.9051108360291,0]},"ReloadPercent":{"status":"VALUE","value":0.22222250699997},"ReloadRemainingTime":{"status":"VALUE","value":6.9999976158142},"UnitContext.UniqueUiId":{"status":"VALUE","value":1007}},"index":11,"list":"EntityList","mode":"SNAPSHOT","sample":0},"format":"warhammer-vault-cco-probe-v1","kind":"ENTITY","metadata":{"gameVersion":"9.0.2.0","gameVersionSource":"INSTALLER_EXE_VERSION","scenarioId":"CCO_P0_CUSTOM_BATTLE","sessionId":"98c014a5-8c8c-4ed9-aa0c-7e57a45dd48c","staticSnapshotId":"c7bd67f50bb4df4f16254e5e9615324e615debf434c865de014e77e4483471e5","unitSize":"MEDIUM","unitSizeSource":"DECLARED_SETUP"},"runId":"snapshot-2","sequence":207,"sessionId":"98c014a5-8c8c-4ed9-aa0c-7e57a45dd48c:table: 000000046C6B0888:<35.4s>:1790858880:5134.32421875","timestamp":{"status":"VALUE","value":22900}}
<36.0s><22900ms> WH3_RUNTIME_PROBE|{"data":{"fields":{"EntityRecordContext.Key":{"status":"VALUE","value":"wh_dlc04_infantry_free_company_blood_dismembers"},"IsAlive":{"status":"VALUE","value":true},"IsEngine":{"status":"VALUE","value":false},"IsMan":{"status":"VALUE","value":true},"IsReloading":{"status":"VALUE","value":true},"Key":{"status":"VALUE","value":"wh_dlc04_infantry_free_company_blood_dismembers"},"Position":{"status":"VALUE","value":[-50.64762878418,528.1806640625,11.158812522888,0]},"ReloadPercent":{"status":"VALUE","value":0.53333330154419},"ReloadRemainingTime":{"status":"VALUE","value":4.2000002861023},"UnitContext.UniqueUiId":{"status":"VALUE","value":1007}},"index":12,"list":"EntityList","mode":"SNAPSHOT","sample":0},"format":"warhammer-vault-cco-probe-v1","kind":"ENTITY","metadata":{"gameVersion":"9.0.2.0","gameVersionSource":"INSTALLER_EXE_VERSION","scenarioId":"CCO_P0_CUSTOM_BATTLE","sessionId":"98c014a5-8c8c-4ed9-aa0c-7e57a45dd48c","staticSnapshotId":"c7bd67f50bb4df4f16254e5e9615324e615debf434c865de014e77e4483471e5","unitSize":"MEDIUM","unitSizeSource":"DECLARED_SETUP"},"runId":"snapshot-2","sequence":208,"sessionId":"98c014a5-8c8c-4ed9-aa0c-7e57a45dd48c:table: 000000046C6B0888:<35.4s>:1790858880:5134.32421875","timestamp":{"status":"VALUE","value":22900}}
<36.0s><22900ms> WH3_RUNTIME_PROBE|{"data":{"fields":{"EntityRecordContext.Key":{"status":"VALUE","value":"wh_dlc04_infantry_free_company_blood_dismembers"},"IsAlive":{"status":"VALUE","value":true},"IsEngine":{"status":"VALUE","value":false},"IsMan":{"status":"VALUE","value":true},"IsReloading":{"status":"VALUE","value":true},"Key":{"status":"VALUE","value":"wh_dlc04_infantry_free_company_blood_dismembers"},"Position":{"status":"VALUE","value":[-54.241104125977,526.61010742188,-9.1830987930298,0]},"ReloadPercent":{"status":"VALUE","value":0.22222250699997},"ReloadRemainingTime":{"status":"VALUE","value":6.9999976158142},"UnitContext.UniqueUiId":{"status":"VALUE","value":1007}},"index":13,"list":"EntityList","mode":"SNAPSHOT","sample":0},"format":"warhammer-vault-cco-probe-v1","kind":"ENTITY","metadata":{"gameVersion":"9.0.2.0","gameVersionSource":"INSTALLER_EXE_VERSION","scenarioId":"CCO_P0_CUSTOM_BATTLE","sessionId":"98c014a5-8c8c-4ed9-aa0c-7e57a45dd48c","staticSnapshotId":"c7bd67f50bb4df4f16254e5e9615324e615debf434c865de014e77e4483471e5","unitSize":"MEDIUM","unitSizeSource":"DECLARED_SETUP"},"runId":"snapshot-2","sequence":209,"sessionId":"98c014a5-8c8c-4ed9-aa0c-7e57a45dd48c:table: 000000046C6B0888:<35.4s>:1790858880:5134.32421875","timestamp":{"status":"VALUE","value":22900}}
<36.0s><22900ms> WH3_RUNTIME_PROBE|{"data":{"fields":{"EntityRecordContext.Key":{"status":"VALUE","value":"wh_dlc04_infantry_free_company_blood_dismembers"},"IsAlive":{"status":"VALUE","value":true},"IsEngine":{"status":"VALUE","value":false},"IsMan":{"status":"VALUE","value":true},"IsReloading":{"status":"VALUE","value":true},"Key":{"status":"VALUE","value":"wh_dlc04_infantry_free_company_blood_dismembers"},"Position":{"status":"VALUE","value":[-49.783695220947,528.28234863281,12.898180961609,0]},"ReloadPercent":{"status":"VALUE","value":0.20000028610229},"ReloadRemainingTime":{"status":"VALUE","value":7.1999974250793},"UnitContext.UniqueUiId":{"status":"VALUE","value":1007}},"index":14,"list":"EntityList","mode":"SNAPSHOT","sample":0},"format":"warhammer-vault-cco-probe-v1","kind":"ENTITY","metadata":{"gameVersion":"9.0.2.0","gameVersionSource":"INSTALLER_EXE_VERSION","scenarioId":"CCO_P0_CUSTOM_BATTLE","sessionId":"98c014a5-8c8c-4ed9-aa0c-7e57a45dd48c","staticSnapshotId":"c7bd67f50bb4df4f16254e5e9615324e615debf434c865de014e77e4483471e5","unitSize":"MEDIUM","unitSizeSource":"DECLARED_SETUP"},"runId":"snapshot-2","sequence":210,"sessionId":"98c014a5-8c8c-4ed9-aa0c-7e57a45dd48c:table: 000000046C6B0888:<35.4s>:1790858880:5134.32421875","timestamp":{"status":"VALUE","value":22900}}
<36.0s><22900ms> WH3_RUNTIME_PROBE|{"data":{"fields":{"EntityRecordContext.Key":{"status":"VALUE","value":"wh_dlc04_infantry_free_company_blood_dismembers"},"IsAlive":{"status":"VALUE","value":true},"IsEngine":{"status":"VALUE","value":false},"IsMan":{"status":"VALUE","value":true},"IsReloading":{"status":"VALUE","value":true},"Key":{"status":"VALUE","value":"wh_dlc04_infantry_free_company_blood_dismembers"},"Position":{"status":"VALUE","value":[-50.475811004639,527.23895263672,1.4991022348404,0]},"ReloadPercent":{"status":"VALUE","value":0.22222250699997},"ReloadRemainingTime":{"status":"VALUE","value":6.9999976158142},"UnitContext.UniqueUiId":{"status":"VALUE","value":1007}},"index":15,"list":"EntityList","mode":"SNAPSHOT","sample":0},"format":"warhammer-vault-cco-probe-v1","kind":"ENTITY","metadata":{"gameVersion":"9.0.2.0","gameVersionSource":"INSTALLER_EXE_VERSION","scenarioId":"CCO_P0_CUSTOM_BATTLE","sessionId":"98c014a5-8c8c-4ed9-aa0c-7e57a45dd48c","staticSnapshotId":"c7bd67f50bb4df4f16254e5e9615324e615debf434c865de014e77e4483471e5","unitSize":"MEDIUM","unitSizeSource":"DECLARED_SETUP"},"runId":"snapshot-2","sequence":211,"sessionId":"98c014a5-8c8c-4ed9-aa0c-7e57a45dd48c:table: 000000046C6B0888:<35.4s>:1790858880:5134.32421875","timestamp":{"status":"VALUE","value":22900}}
<36.0s><22900ms> WH3_RUNTIME_PROBE|{"data":{"fields":{"EntityRecordContext.Key":{"status":"VALUE","value":"wh_dlc04_infantry_free_company_blood_dismembers"},"IsAlive":{"status":"VALUE","value":true},"IsEngine":{"status":"VALUE","value":false},"IsMan":{"status":"VALUE","value":true},"IsReloading":{"status":"VALUE","value":true},"Key":{"status":"VALUE","value":"wh_dlc04_infantry_free_company_blood_dismembers"},"Position":{"status":"VALUE","value":[-49.925838470459,527.34014892578,2.6743268966675,0]},"ReloadPercent":{"status":"VALUE","value":0.22222250699997},"ReloadRemainingTime":{"status":"VALUE","value":6.9999976158142},"UnitContext.UniqueUiId":{"status":"VALUE","value":1007}},"index":16,"list":"EntityList","mode":"SNAPSHOT","sample":0},"format":"warhammer-vault-cco-probe-v1","kind":"ENTITY","metadata":{"gameVersion":"9.0.2.0","gameVersionSource":"INSTALLER_EXE_VERSION","scenarioId":"CCO_P0_CUSTOM_BATTLE","sessionId":"98c014a5-8c8c-4ed9-aa0c-7e57a45dd48c","staticSnapshotId":"c7bd67f50bb4df4f16254e5e9615324e615debf434c865de014e77e4483471e5","unitSize":"MEDIUM","unitSizeSource":"DECLARED_SETUP"},"runId":"snapshot-2","sequence":212,"sessionId":"98c014a5-8c8c-4ed9-aa0c-7e57a45dd48c:table: 000000046C6B0888:<35.4s>:1790858880:5134.32421875","timestamp":{"status":"VALUE","value":22900}}
<36.0s><22900ms> WH3_RUNTIME_PROBE|{"data":{"fields":{"EntityRecordContext.Key":{"status":"VALUE","value":"wh_dlc04_infantry_free_company_blood_dismembers"},"IsAlive":{"status":"VALUE","value":true},"IsEngine":{"status":"VALUE","value":false},"IsMan":{"status":"VALUE","value":true},"IsReloading":{"status":"VALUE","value":true},"Key":{"status":"VALUE","value":"wh_dlc04_infantry_free_company_blood_dismembers"},"Position":{"status":"VALUE","value":[-51.004505157471,527.07653808594,-0.43131446838379,0]},"ReloadPercent":{"status":"VALUE","value":0.22222250699997},"ReloadRemainingTime":{"status":"VALUE","value":6.9999976158142},"UnitContext.UniqueUiId":{"status":"VALUE","value":1007}},"index":17,"list":"EntityList","mode":"SNAPSHOT","sample":0},"format":"warhammer-vault-cco-probe-v1","kind":"ENTITY","metadata":{"gameVersion":"9.0.2.0","gameVersionSource":"INSTALLER_EXE_VERSION","scenarioId":"CCO_P0_CUSTOM_BATTLE","sessionId":"98c014a5-8c8c-4ed9-aa0c-7e57a45dd48c","staticSnapshotId":"c7bd67f50bb4df4f16254e5e9615324e615debf434c865de014e77e4483471e5","unitSize":"MEDIUM","unitSizeSource":"DECLARED_SETUP"},"runId":"snapshot-2","sequence":213,"sessionId":"98c014a5-8c8c-4ed9-aa0c-7e57a45dd48c:table: 000000046C6B0888:<35.4s>:1790858880:5134.32421875","timestamp":{"status":"VALUE","value":22900}}
<36.0s><22900ms> WH3_RUNTIME_PROBE|{"data":{"fields":{"EntityRecordContext.Key":{"status":"VALUE","value":"wh_dlc04_infantry_free_company_blood_dismembers"},"IsAlive":{"status":"VALUE","value":true},"IsEngine":{"status":"VALUE","value":false},"IsMan":{"status":"VALUE","value":true},"IsReloading":{"status":"VALUE","value":true},"Key":{"status":"VALUE","value":"wh_dlc04_infantry_free_company_blood_dismembers"},"Position":{"status":"VALUE","value":[-50.051181793213,527.56127929688,4.7066330909729,0]},"ReloadPercent":{"status":"VALUE","value":0.20000028610229},"ReloadRemainingTime":{"status":"VALUE","value":7.1999974250793},"UnitContext.UniqueUiId":{"status":"VALUE","value":1007}},"index":18,"list":"EntityList","mode":"SNAPSHOT","sample":0},"format":"warhammer-vault-cco-probe-v1","kind":"ENTITY","metadata":{"gameVersion":"9.0.2.0","gameVersionSource":"INSTALLER_EXE_VERSION","scenarioId":"CCO_P0_CUSTOM_BATTLE","sessionId":"98c014a5-8c8c-4ed9-aa0c-7e57a45dd48c","staticSnapshotId":"c7bd67f50bb4df4f16254e5e9615324e615debf434c865de014e77e4483471e5","unitSize":"MEDIUM","unitSizeSource":"DECLARED_SETUP"},"runId":"snapshot-2","sequence":214,"sessionId":"98c014a5-8c8c-4ed9-aa0c-7e57a45dd48c:table: 000000046C6B0888:<35.4s>:1790858880:5134.32421875","timestamp":{"status":"VALUE","value":22900}}
<36.0s><22900ms> WH3_RUNTIME_PROBE|{"data":{"fields":{"EntityRecordContext.Key":{"status":"VALUE","value":"wh_dlc04_infantry_free_company_blood_dismembers"},"IsAlive":{"status":"VALUE","value":true},"IsEngine":{"status":"VALUE","value":false},"IsMan":{"status":"VALUE","value":true},"IsReloading":{"status":"VALUE","value":true},"Key":{"status":"VALUE","value":"wh_dlc04_infantry_free_company_blood_dismembers"},"Position":{"status":"VALUE","value":[-50.609134674072,526.91217041016,-2.0205943584442,0]},"ReloadPercent":{"status":"VALUE","value":0.22222250699997},"ReloadRemainingTime":{"status":"VALUE","value":6.9999976158142},"UnitContext.UniqueUiId":{"status":"VALUE","value":1007}},"index":19,"list":"EntityList","mode":"SNAPSHOT","sample":0},"format":"warhammer-vault-cco-probe-v1","kind":"ENTITY","metadata":{"gameVersion":"9.0.2.0","gameVersionSource":"INSTALLER_EXE_VERSION","scenarioId":"CCO_P0_CUSTOM_BATTLE","sessionId":"98c014a5-8c8c-4ed9-aa0c-7e57a45dd48c","staticSnapshotId":"c7bd67f50bb4df4f16254e5e9615324e615debf434c865de014e77e4483471e5","unitSize":"MEDIUM","unitSizeSource":"DECLARED_SETUP"},"runId":"snapshot-2","sequence":215,"sessionId":"98c014a5-8c8c-4ed9-aa0c-7e57a45dd48c:table: 000000046C6B0888:<35.4s>:1790858880:5134.32421875","timestamp":{"status":"VALUE","value":22900}}
<36.0s><22900ms> WH3_RUNTIME_PROBE|{"data":{"fields":{"EntityRecordContext.Key":{"status":"VALUE","value":"wh_dlc04_infantry_free_company_blood_dismembers"},"IsAlive":{"status":"VALUE","value":true},"IsEngine":{"status":"VALUE","value":false},"IsMan":{"status":"VALUE","value":true},"IsReloading":{"status":"VALUE","value":true},"Key":{"status":"VALUE","value":"wh_dlc04_infantry_free_company_blood_dismembers"},"Position":{"status":"VALUE","value":[-49.510860443115,527.70642089844,6.2386684417725,0]},"ReloadPercent":{"status":"VALUE","value":0.22222250699997},"ReloadRemainingTime":{"status":"VALUE","value":6.9999976158142},"UnitContext.UniqueUiId":{"status":"VALUE","value":1007}},"index":20,"list":"EntityList","mode":"SNAPSHOT","sample":0},"format":"warhammer-vault-cco-probe-v1","kind":"ENTITY","metadata":{"gameVersion":"9.0.2.0","gameVersionSource":"INSTALLER_EXE_VERSION","scenarioId":"CCO_P0_CUSTOM_BATTLE","sessionId":"98c014a5-8c8c-4ed9-aa0c-7e57a45dd48c","staticSnapshotId":"c7bd67f50bb4df4f16254e5e9615324e615debf434c865de014e77e4483471e5","unitSize":"MEDIUM","unitSizeSource":"DECLARED_SETUP"},"runId":"snapshot-2","sequence":216,"sessionId":"98c014a5-8c8c-4ed9-aa0c-7e57a45dd48c:table: 000000046C6B0888:<35.4s>:1790858880:5134.32421875","timestamp":{"status":"VALUE","value":22900}}
<36.0s><22900ms> WH3_RUNTIME_PROBE|{"data":{"fields":{"EntityRecordContext.Key":{"status":"VALUE","value":"wh_dlc04_infantry_free_company_blood_dismembers"},"IsAlive":{"status":"VALUE","value":true},"IsEngine":{"status":"VALUE","value":false},"IsMan":{"status":"VALUE","value":true},"IsReloading":{"status":"VALUE","value":true},"Key":{"status":"VALUE","value":"wh_dlc04_infantry_free_company_blood_dismembers"},"Position":{"status":"VALUE","value":[-51.016563415527,526.82800292969,-3.2866470813751,0]},"ReloadPercent":{"status":"VALUE","value":0.53333330154419},"ReloadRemainingTime":{"status":"VALUE","value":4.2000002861023},"UnitContext.UniqueUiId":{"status":"VALUE","value":1007}},"index":21,"list":"EntityList","mode":"SNAPSHOT","sample":0},"format":"warhammer-vault-cco-probe-v1","kind":"ENTITY","metadata":{"gameVersion":"9.0.2.0","gameVersionSource":"INSTALLER_EXE_VERSION","scenarioId":"CCO_P0_CUSTOM_BATTLE","sessionId":"98c014a5-8c8c-4ed9-aa0c-7e57a45dd48c","staticSnapshotId":"c7bd67f50bb4df4f16254e5e9615324e615debf434c865de014e77e4483471e5","unitSize":"MEDIUM","unitSizeSource":"DECLARED_SETUP"},"runId":"snapshot-2","sequence":217,"sessionId":"98c014a5-8c8c-4ed9-aa0c-7e57a45dd48c:table: 000000046C6B0888:<35.4s>:1790858880:5134.32421875","timestamp":{"status":"VALUE","value":22900}}
<36.0s><22900ms> WH3_RUNTIME_PROBE|{"data":{"fields":{"EntityRecordContext.Key":{"status":"VALUE","value":"wh_dlc04_infantry_free_company_blood_dismembers"},"IsAlive":{"status":"VALUE","value":true},"IsEngine":{"status":"VALUE","value":false},"IsMan":{"status":"VALUE","value":true},"IsReloading":{"status":"VALUE","value":true},"Key":{"status":"VALUE","value":"wh_dlc04_infantry_free_company_blood_dismembers"},"Position":{"status":"VALUE","value":[-49.345779418945,527.8359375,7.5440621376038,0]},"ReloadPercent":{"status":"VALUE","value":0.48888891935349},"ReloadRemainingTime":{"status":"VALUE","value":4.5999999046326},"UnitContext.UniqueUiId":{"status":"VALUE","value":1007}},"index":22,"list":"EntityList","mode":"SNAPSHOT","sample":0},"format":"warhammer-vault-cco-probe-v1","kind":"ENTITY","metadata":{"gameVersion":"9.0.2.0","gameVersionSource":"INSTALLER_EXE_VERSION","scenarioId":"CCO_P0_CUSTOM_BATTLE","sessionId":"98c014a5-8c8c-4ed9-aa0c-7e57a45dd48c","staticSnapshotId":"c7bd67f50bb4df4f16254e5e9615324e615debf434c865de014e77e4483471e5","unitSize":"MEDIUM","unitSizeSource":"DECLARED_SETUP"},"runId":"snapshot-2","sequence":218,"sessionId":"98c014a5-8c8c-4ed9-aa0c-7e57a45dd48c:table: 000000046C6B0888:<35.4s>:1790858880:5134.32421875","timestamp":{"status":"VALUE","value":22900}}
<36.0s><22900ms> WH3_RUNTIME_PROBE|{"data":{"fields":{"EntityRecordContext.Key":{"status":"VALUE","value":"wh_dlc04_infantry_free_company_blood_dismembers"},"IsAlive":{"status":"VALUE","value":true},"IsEngine":{"status":"VALUE","value":false},"IsMan":{"status":"VALUE","value":true},"IsReloading":{"status":"VALUE","value":true},"Key":{"status":"VALUE","value":"wh_dlc04_infantry_free_company_blood_dismembers"},"Position":{"status":"VALUE","value":[-51.365951538086,526.74786376953,-4.5388116836548,0]},"ReloadPercent":{"status":"VALUE","value":0.51111114025116},"ReloadRemainingTime":{"status":"VALUE","value":4.4000000953674},"UnitContext.UniqueUiId":{"status":"VALUE","value":1007}},"index":23,"list":"EntityList","mode":"SNAPSHOT","sample":0},"format":"warhammer-vault-cco-probe-v1","kind":"ENTITY","metadata":{"gameVersion":"9.0.2.0","gameVersionSource":"INSTALLER_EXE_VERSION","scenarioId":"CCO_P0_CUSTOM_BATTLE","sessionId":"98c014a5-8c8c-4ed9-aa0c-7e57a45dd48c","staticSnapshotId":"c7bd67f50bb4df4f16254e5e9615324e615debf434c865de014e77e4483471e5","unitSize":"MEDIUM","unitSizeSource":"DECLARED_SETUP"},"runId":"snapshot-2","sequence":219,"sessionId":"98c014a5-8c8c-4ed9-aa0c-7e57a45dd48c:table: 000000046C6B0888:<35.4s>:1790858880:5134.32421875","timestamp":{"status":"VALUE","value":22900}}
<36.0s><22900ms> WH3_RUNTIME_PROBE|{"data":{"fields":{"EntityRecordContext.Key":{"status":"VALUE","value":"wh_dlc04_infantry_free_company_blood_dismembers"},"IsAlive":{"status":"VALUE","value":true},"IsEngine":{"status":"VALUE","value":false},"IsMan":{"status":"VALUE","value":true},"IsReloading":{"status":"VALUE","value":false},"Key":{"status":"VALUE","value":"wh_dlc04_infantry_free_company_blood_dismembers"},"Position":{"status":"VALUE","value":[-48.957332611084,527.97387695313,9.0979661941528,0]},"ReloadPercent":{"status":"VALUE","value":1},"ReloadRemainingTime":{"status":"VALUE","value":0},"UnitContext.UniqueUiId":{"status":"VALUE","value":1007}},"index":24,"list":"EntityList","mode":"SNAPSHOT","sample":0},"format":"warhammer-vault-cco-probe-v1","kind":"ENTITY","metadata":{"gameVersion":"9.0.2.0","gameVersionSource":"INSTALLER_EXE_VERSION","scenarioId":"CCO_P0_CUSTOM_BATTLE","sessionId":"98c014a5-8c8c-4ed9-aa0c-7e57a45dd48c","staticSnapshotId":"c7bd67f50bb4df4f16254e5e9615324e615debf434c865de014e77e4483471e5","unitSize":"MEDIUM","unitSizeSource":"DECLARED_SETUP"},"runId":"snapshot-2","sequence":220,"sessionId":"98c014a5-8c8c-4ed9-aa0c-7e57a45dd48c:table: 000000046C6B0888:<35.4s>:1790858880:5134.32421875","timestamp":{"status":"VALUE","value":22900}}
<36.0s><22900ms> WH3_RUNTIME_PROBE|{"data":{"fields":{"EntityRecordContext.Key":{"status":"VALUE","value":"wh_dlc04_infantry_free_company_blood_dismembers"},"IsAlive":{"status":"VALUE","value":true},"IsEngine":{"status":"VALUE","value":false},"IsMan":{"status":"VALUE","value":true},"IsReloading":{"status":"VALUE","value":true},"Key":{"status":"VALUE","value":"wh_dlc04_infantry_free_company_blood_dismembers"},"Position":{"status":"VALUE","value":[-51.607734680176,526.62280273438,-6.4003672599792,0]},"ReloadPercent":{"status":"VALUE","value":0.5},"ReloadRemainingTime":{"status":"VALUE","value":4.5},"UnitContext.UniqueUiId":{"status":"VALUE","value":1007}},"index":25,"list":"EntityList","mode":"SNAPSHOT","sample":0},"format":"warhammer-vault-cco-probe-v1","kind":"ENTITY","metadata":{"gameVersion":"9.0.2.0","gameVersionSource":"INSTALLER_EXE_VERSION","scenarioId":"CCO_P0_CUSTOM_BATTLE","sessionId":"98c014a5-8c8c-4ed9-aa0c-7e57a45dd48c","staticSnapshotId":"c7bd67f50bb4df4f16254e5e9615324e615debf434c865de014e77e4483471e5","unitSize":"MEDIUM","unitSizeSource":"DECLARED_SETUP"},"runId":"snapshot-2","sequence":221,"sessionId":"98c014a5-8c8c-4ed9-aa0c-7e57a45dd48c:table: 000000046C6B0888:<35.4s>:1790858880:5134.32421875","timestamp":{"status":"VALUE","value":22900}}
<36.0s><22900ms> WH3_RUNTIME_PROBE|{"data":{"fields":{"EntityRecordContext.Key":{"status":"VALUE","value":"wh_dlc04_infantry_free_company_blood_dismembers"},"IsAlive":{"status":"VALUE","value":true},"IsEngine":{"status":"VALUE","value":false},"IsMan":{"status":"VALUE","value":true},"IsReloading":{"status":"VALUE","value":true},"Key":{"status":"VALUE","value":"wh_dlc04_infantry_free_company_blood_dismembers"},"Position":{"status":"VALUE","value":[-48.919044494629,528.11926269531,10.874157905579,0]},"ReloadPercent":{"status":"VALUE","value":0.5},"ReloadRemainingTime":{"status":"VALUE","value":4.5},"UnitContext.UniqueUiId":{"status":"VALUE","value":1007}},"index":26,"list":"EntityList","mode":"SNAPSHOT","sample":0},"format":"warhammer-vault-cco-probe-v1","kind":"ENTITY","metadata":{"gameVersion":"9.0.2.0","gameVersionSource":"INSTALLER_EXE_VERSION","scenarioId":"CCO_P0_CUSTOM_BATTLE","sessionId":"98c014a5-8c8c-4ed9-aa0c-7e57a45dd48c","staticSnapshotId":"c7bd67f50bb4df4f16254e5e9615324e615debf434c865de014e77e4483471e5","unitSize":"MEDIUM","unitSizeSource":"DECLARED_SETUP"},"runId":"snapshot-2","sequence":222,"sessionId":"98c014a5-8c8c-4ed9-aa0c-7e57a45dd48c:table: 000000046C6B0888:<35.4s>:1790858880:5134.32421875","timestamp":{"status":"VALUE","value":22900}}
<36.0s><22900ms> WH3_RUNTIME_PROBE|{"data":{"fields":{"EntityRecordContext.Key":{"status":"VALUE","value":"wh_dlc04_infantry_free_company_blood_dismembers"},"IsAlive":{"status":"VALUE","value":true},"IsEngine":{"status":"VALUE","value":false},"IsMan":{"status":"VALUE","value":true},"IsReloading":{"status":"VALUE","value":true},"Key":{"status":"VALUE","value":"wh_dlc04_infantry_free_company_blood_dismembers"},"Position":{"status":"VALUE","value":[-52.033737182617,526.5654296875,-7.6417093276978,0]},"ReloadPercent":{"status":"VALUE","value":0.22222250699997},"ReloadRemainingTime":{"status":"VALUE","value":6.9999976158142},"UnitContext.UniqueUiId":{"status":"VALUE","value":1007}},"index":27,"list":"EntityList","mode":"SNAPSHOT","sample":0},"format":"warhammer-vault-cco-probe-v1","kind":"ENTITY","metadata":{"gameVersion":"9.0.2.0","gameVersionSource":"INSTALLER_EXE_VERSION","scenarioId":"CCO_P0_CUSTOM_BATTLE","sessionId":"98c014a5-8c8c-4ed9-aa0c-7e57a45dd48c","staticSnapshotId":"c7bd67f50bb4df4f16254e5e9615324e615debf434c865de014e77e4483471e5","unitSize":"MEDIUM","unitSizeSource":"DECLARED_SETUP"},"runId":"snapshot-2","sequence":223,"sessionId":"98c014a5-8c8c-4ed9-aa0c-7e57a45dd48c:table: 000000046C6B0888:<35.4s>:1790858880:5134.32421875","timestamp":{"status":"VALUE","value":22900}}
<36.0s><22900ms> WH3_RUNTIME_PROBE|{"data":{"fields":{"EntityRecordContext.Key":{"status":"VALUE","value":"wh_dlc04_infantry_free_company_blood_dismembers"},"IsAlive":{"status":"VALUE","value":true},"IsEngine":{"status":"VALUE","value":false},"IsMan":{"status":"VALUE","value":true},"IsReloading":{"status":"VALUE","value":true},"Key":{"status":"VALUE","value":"wh_dlc04_infantry_free_company_blood_dismembers"},"Position":{"status":"VALUE","value":[-48.449356079102,528.21899414063,12.791007041931,0]},"ReloadPercent":{"status":"VALUE","value":0.14444476366043},"ReloadRemainingTime":{"status":"VALUE","value":7.6999969482422},"UnitContext.UniqueUiId":{"status":"VALUE","value":1007}},"index":28,"list":"EntityList","mode":"SNAPSHOT","sample":0},"format":"warhammer-vault-cco-probe-v1","kind":"ENTITY","metadata":{"gameVersion":"9.0.2.0","gameVersionSource":"INSTALLER_EXE_VERSION","scenarioId":"CCO_P0_CUSTOM_BATTLE","sessionId":"98c014a5-8c8c-4ed9-aa0c-7e57a45dd48c","staticSnapshotId":"c7bd67f50bb4df4f16254e5e9615324e615debf434c865de014e77e4483471e5","unitSize":"MEDIUM","unitSizeSource":"DECLARED_SETUP"},"runId":"snapshot-2","sequence":224,"sessionId":"98c014a5-8c8c-4ed9-aa0c-7e57a45dd48c:table: 000000046C6B0888:<35.4s>:1790858880:5134.32421875","timestamp":{"status":"VALUE","value":22900}}
<36.0s><22900ms> WH3_RUNTIME_PROBE|{"data":{"fields":{"EntityRecordContext.Key":{"status":"VALUE","value":"wh_dlc04_infantry_free_company_blood_dismembers"},"IsAlive":{"status":"VALUE","value":true},"IsEngine":{"status":"VALUE","value":false},"IsMan":{"status":"VALUE","value":true},"IsReloading":{"status":"VALUE","value":true},"Key":{"status":"VALUE","value":"wh_dlc04_infantry_free_company_blood_dismembers"},"Position":{"status":"VALUE","value":[-52.585960388184,526.4990234375,-9.2311143875122,0]},"ReloadPercent":{"status":"VALUE","value":0.22222250699997},"ReloadRemainingTime":{"status":"VALUE","value":6.9999976158142},"UnitContext.UniqueUiId":{"status":"VALUE","value":1007}},"index":29,"list":"EntityList","mode":"SNAPSHOT","sample":0},"format":"warhammer-vault-cco-probe-v1","kind":"ENTITY","metadata":{"gameVersion":"9.0.2.0","gameVersionSource":"INSTALLER_EXE_VERSION","scenarioId":"CCO_P0_CUSTOM_BATTLE","sessionId":"98c014a5-8c8c-4ed9-aa0c-7e57a45dd48c","staticSnapshotId":"c7bd67f50bb4df4f16254e5e9615324e615debf434c865de014e77e4483471e5","unitSize":"MEDIUM","unitSizeSource":"DECLARED_SETUP"},"runId":"snapshot-2","sequence":225,"sessionId":"98c014a5-8c8c-4ed9-aa0c-7e57a45dd48c:table: 000000046C6B0888:<35.4s>:1790858880:5134.32421875","timestamp":{"status":"VALUE","value":22900}}
<36.0s><22900ms> WH3_RUNTIME_PROBE|{"data":{"fields":{"EntityRecordContext.Key":{"status":"VALUE","value":"wh_dlc04_infantry_free_company_blood_dismembers"},"IsAlive":{"status":"VALUE","value":true},"IsEngine":{"status":"VALUE","value":false},"IsMan":{"status":"VALUE","value":true},"IsReloading":{"status":"VALUE","value":true},"Key":{"status":"VALUE","value":"wh_dlc04_infantry_free_company_blood_dismembers"},"Position":{"status":"VALUE","value":[-48.30313873291,527.05889892578,0.73843485116959,0]},"ReloadPercent":{"status":"VALUE","value":0.22222250699997},"ReloadRemainingTime":{"status":"VALUE","value":6.9999976158142},"UnitContext.UniqueUiId":{"status":"VALUE","value":1007}},"index":30,"list":"EntityList","mode":"SNAPSHOT","sample":0},"format":"warhammer-vault-cco-probe-v1","kind":"ENTITY","metadata":{"gameVersion":"9.0.2.0","gameVersionSource":"INSTALLER_EXE_VERSION","scenarioId":"CCO_P0_CUSTOM_BATTLE","sessionId":"98c014a5-8c8c-4ed9-aa0c-7e57a45dd48c","staticSnapshotId":"c7bd67f50bb4df4f16254e5e9615324e615debf434c865de014e77e4483471e5","unitSize":"MEDIUM","unitSizeSource":"DECLARED_SETUP"},"runId":"snapshot-2","sequence":226,"sessionId":"98c014a5-8c8c-4ed9-aa0c-7e57a45dd48c:table: 000000046C6B0888:<35.4s>:1790858880:5134.32421875","timestamp":{"status":"VALUE","value":22900}}
<36.0s><22900ms> WH3_RUNTIME_PROBE|{"data":{"fields":{"EntityRecordContext.Key":{"status":"VALUE","value":"wh_dlc04_infantry_free_company_blood_dismembers"},"IsAlive":{"status":"VALUE","value":true},"IsEngine":{"status":"VALUE","value":false},"IsMan":{"status":"VALUE","value":true},"IsReloading":{"status":"VALUE","value":true},"Key":{"status":"VALUE","value":"wh_dlc04_infantry_free_company_blood_dismembers"},"Position":{"status":"VALUE","value":[-49.262157440186,527.01733398438,-0.13878716528416,0]},"ReloadPercent":{"status":"VALUE","value":0.22222250699997},"ReloadRemainingTime":{"status":"VALUE","value":6.9999976158142},"UnitContext.UniqueUiId":{"status":"VALUE","value":1007}},"index":31,"list":"EntityList","mode":"SNAPSHOT","sample":0},"format":"warhammer-vault-cco-probe-v1","kind":"ENTITY","metadata":{"gameVersion":"9.0.2.0","gameVersionSource":"INSTALLER_EXE_VERSION","scenarioId":"CCO_P0_CUSTOM_BATTLE","sessionId":"98c014a5-8c8c-4ed9-aa0c-7e57a45dd48c","staticSnapshotId":"c7bd67f50bb4df4f16254e5e9615324e615debf434c865de014e77e4483471e5","unitSize":"MEDIUM","unitSizeSource":"DECLARED_SETUP"},"runId":"snapshot-2","sequence":227,"sessionId":"98c014a5-8c8c-4ed9-aa0c-7e57a45dd48c:table: 000000046C6B0888:<35.4s>:1790858880:5134.32421875","timestamp":{"status":"VALUE","value":22900}}
<36.0s><22900ms> WH3_RUNTIME_PROBE|{"data":{"fields":{"EntityRecordContext.Key":{"status":"VALUE","value":"wh_dlc04_infantry_free_company_blood_dismembers"},"IsAlive":{"status":"VALUE","value":true},"IsEngine":{"status":"VALUE","value":false},"IsMan":{"status":"VALUE","value":true},"IsReloading":{"status":"VALUE","value":true},"Key":{"status":"VALUE","value":"wh_dlc04_infantry_free_company_blood_dismembers"},"Position":{"status":"VALUE","value":[-48.739196777344,527.34729003906,3.1986739635468,0]},"ReloadPercent":{"status":"VALUE","value":0.53333330154419},"ReloadRemainingTime":{"status":"VALUE","value":4.2000002861023},"UnitContext.UniqueUiId":{"status":"VALUE","value":1007}},"index":32,"list":"EntityList","mode":"SNAPSHOT","sample":0},"format":"warhammer-vault-cco-probe-v1","kind":"ENTITY","metadata":{"gameVersion":"9.0.2.0","gameVersionSource":"INSTALLER_EXE_VERSION","scenarioId":"CCO_P0_CUSTOM_BATTLE","sessionId":"98c014a5-8c8c-4ed9-aa0c-7e57a45dd48c","staticSnapshotId":"c7bd67f50bb4df4f16254e5e9615324e615debf434c865de014e77e4483471e5","unitSize":"MEDIUM","unitSizeSource":"DECLARED_SETUP"},"runId":"snapshot-2","sequence":228,"sessionId":"98c014a5-8c8c-4ed9-aa0c-7e57a45dd48c:table: 000000046C6B0888:<35.4s>:1790858880:5134.32421875","timestamp":{"status":"VALUE","value":22900}}
<36.0s><22900ms> WH3_RUNTIME_PROBE|{"data":{"fields":{"EntityRecordContext.Key":{"status":"VALUE","value":"wh_dlc04_infantry_free_company_blood_dismembers"},"IsAlive":{"status":"VALUE","value":true},"IsEngine":{"status":"VALUE","value":false},"IsMan":{"status":"VALUE","value":true},"IsReloading":{"status":"VALUE","value":true},"Key":{"status":"VALUE","value":"wh_dlc04_infantry_free_company_blood_dismembers"},"Position":{"status":"VALUE","value":[-49.31453704834,526.85040283203,-1.9033297300339,0]},"ReloadPercent":{"status":"VALUE","value":0.22222250699997},"ReloadRemainingTime":{"status":"VALUE","value":6.9999976158142},"UnitContext.UniqueUiId":{"status":"VALUE","value":1007}},"index":33,"list":"EntityList","mode":"SNAPSHOT","sample":0},"format":"warhammer-vault-cco-probe-v1","kind":"ENTITY","metadata":{"gameVersion":"9.0.2.0","gameVersionSource":"INSTALLER_EXE_VERSION","scenarioId":"CCO_P0_CUSTOM_BATTLE","sessionId":"98c014a5-8c8c-4ed9-aa0c-7e57a45dd48c","staticSnapshotId":"c7bd67f50bb4df4f16254e5e9615324e615debf434c865de014e77e4483471e5","unitSize":"MEDIUM","unitSizeSource":"DECLARED_SETUP"},"runId":"snapshot-2","sequence":229,"sessionId":"98c014a5-8c8c-4ed9-aa0c-7e57a45dd48c:table: 000000046C6B0888:<35.4s>:1790858880:5134.32421875","timestamp":{"status":"VALUE","value":22900}}
<36.0s><22900ms> WH3_RUNTIME_PROBE|{"data":{"fields":{"EntityRecordContext.Key":{"status":"VALUE","value":"wh_dlc04_infantry_free_company_blood_dismembers"},"IsAlive":{"status":"VALUE","value":true},"IsEngine":{"status":"VALUE","value":false},"IsMan":{"status":"VALUE","value":true},"IsReloading":{"status":"VALUE","value":true},"Key":{"status":"VALUE","value":"wh_dlc04_infantry_free_company_blood_dismembers"},"Position":{"status":"VALUE","value":[-48.552352905273,527.48382568359,4.4843773841858,0]},"ReloadPercent":{"status":"VALUE","value":0.22222250699997},"ReloadRemainingTime":{"status":"VALUE","value":6.9999976158142},"UnitContext.UniqueUiId":{"status":"VALUE","value":1007}},"index":34,"list":"EntityList","mode":"SNAPSHOT","sample":0},"format":"warhammer-vault-cco-probe-v1","kind":"ENTITY","metadata":{"gameVersion":"9.0.2.0","gameVersionSource":"INSTALLER_EXE_VERSION","scenarioId":"CCO_P0_CUSTOM_BATTLE","sessionId":"98c014a5-8c8c-4ed9-aa0c-7e57a45dd48c","staticSnapshotId":"c7bd67f50bb4df4f16254e5e9615324e615debf434c865de014e77e4483471e5","unitSize":"MEDIUM","unitSizeSource":"DECLARED_SETUP"},"runId":"snapshot-2","sequence":230,"sessionId":"98c014a5-8c8c-4ed9-aa0c-7e57a45dd48c:table: 000000046C6B0888:<35.4s>:1790858880:5134.32421875","timestamp":{"status":"VALUE","value":22900}}
<36.0s><22900ms> WH3_RUNTIME_PROBE|{"data":{"fields":{"EntityRecordContext.Key":{"status":"VALUE","value":"wh_dlc04_infantry_free_company_blood_dismembers"},"IsAlive":{"status":"VALUE","value":true},"IsEngine":{"status":"VALUE","value":false},"IsMan":{"status":"VALUE","value":true},"IsReloading":{"status":"VALUE","value":true},"Key":{"status":"VALUE","value":"wh_dlc04_infantry_free_company_blood_dismembers"},"Position":{"status":"VALUE","value":[-49.792045593262,526.71856689453,-3.7222850322723,0]},"ReloadPercent":{"status":"VALUE","value":0.22222250699997},"ReloadRemainingTime":{"status":"VALUE","value":6.9999976158142},"UnitContext.UniqueUiId":{"status":"VALUE","value":1007}},"index":35,"list":"EntityList","mode":"SNAPSHOT","sample":0},"format":"warhammer-vault-cco-probe-v1","kind":"ENTITY","metadata":{"gameVersion":"9.0.2.0","gameVersionSource":"INSTALLER_EXE_VERSION","scenarioId":"CCO_P0_CUSTOM_BATTLE","sessionId":"98c014a5-8c8c-4ed9-aa0c-7e57a45dd48c","staticSnapshotId":"c7bd67f50bb4df4f16254e5e9615324e615debf434c865de014e77e4483471e5","unitSize":"MEDIUM","unitSizeSource":"DECLARED_SETUP"},"runId":"snapshot-2","sequence":231,"sessionId":"98c014a5-8c8c-4ed9-aa0c-7e57a45dd48c:table: 000000046C6B0888:<35.4s>:1790858880:5134.32421875","timestamp":{"status":"VALUE","value":22900}}
<36.0s><22900ms> WH3_RUNTIME_PROBE|{"data":{"fields":{"EntityRecordContext.Key":{"status":"VALUE","value":"wh_dlc04_infantry_free_company_blood_dismembers"},"IsAlive":{"status":"VALUE","value":true},"IsEngine":{"status":"VALUE","value":false},"IsMan":{"status":"VALUE","value":true},"IsReloading":{"status":"VALUE","value":true},"Key":{"status":"VALUE","value":"wh_dlc04_infantry_free_company_blood_dismembers"},"Position":{"status":"VALUE","value":[-47.802047729492,527.62072753906,5.9650731086731,0]},"ReloadPercent":{"status":"VALUE","value":0.53333330154419},"ReloadRemainingTime":{"status":"VALUE","value":4.2000002861023},"UnitContext.UniqueUiId":{"status":"VALUE","value":1007}},"index":36,"list":"EntityList","mode":"SNAPSHOT","sample":0},"format":"warhammer-vault-cco-probe-v1","kind":"ENTITY","metadata":{"gameVersion":"9.0.2.0","gameVersionSource":"INSTALLER_EXE_VERSION","scenarioId":"CCO_P0_CUSTOM_BATTLE","sessionId":"98c014a5-8c8c-4ed9-aa0c-7e57a45dd48c","staticSnapshotId":"c7bd67f50bb4df4f16254e5e9615324e615debf434c865de014e77e4483471e5","unitSize":"MEDIUM","unitSizeSource":"DECLARED_SETUP"},"runId":"snapshot-2","sequence":232,"sessionId":"98c014a5-8c8c-4ed9-aa0c-7e57a45dd48c:table: 000000046C6B0888:<35.4s>:1790858880:5134.32421875","timestamp":{"status":"VALUE","value":22900}}
<36.0s><22900ms> WH3_RUNTIME_PROBE|{"data":{"fields":{"EntityRecordContext.Key":{"status":"VALUE","value":"wh_dlc04_infantry_free_company_blood_dismembers"},"IsAlive":{"status":"VALUE","value":true},"IsEngine":{"status":"VALUE","value":false},"IsMan":{"status":"VALUE","value":true},"IsReloading":{"status":"VALUE","value":true},"Key":{"status":"VALUE","value":"wh_dlc04_infantry_free_company_blood_dismembers"},"Position":{"status":"VALUE","value":[-50.154411315918,526.63671875,-5.0095090866089,0]},"ReloadPercent":{"status":"VALUE","value":0.22222250699997},"ReloadRemainingTime":{"status":"VALUE","value":6.9999976158142},"UnitContext.UniqueUiId":{"status":"VALUE","value":1007}},"index":37,"list":"EntityList","mode":"SNAPSHOT","sample":0},"format":"warhammer-vault-cco-probe-v1","kind":"ENTITY","metadata":{"gameVersion":"9.0.2.0","gameVersionSource":"INSTALLER_EXE_VERSION","scenarioId":"CCO_P0_CUSTOM_BATTLE","sessionId":"98c014a5-8c8c-4ed9-aa0c-7e57a45dd48c","staticSnapshotId":"c7bd67f50bb4df4f16254e5e9615324e615debf434c865de014e77e4483471e5","unitSize":"MEDIUM","unitSizeSource":"DECLARED_SETUP"},"runId":"snapshot-2","sequence":233,"sessionId":"98c014a5-8c8c-4ed9-aa0c-7e57a45dd48c:table: 000000046C6B0888:<35.4s>:1790858880:5134.32421875","timestamp":{"status":"VALUE","value":22900}}
<36.0s><22900ms> WH3_RUNTIME_PROBE|{"data":{"fields":{"EntityRecordContext.Key":{"status":"VALUE","value":"wh_dlc04_infantry_free_company_blood_dismembers"},"IsAlive":{"status":"VALUE","value":true},"IsEngine":{"status":"VALUE","value":false},"IsMan":{"status":"VALUE","value":true},"IsReloading":{"status":"VALUE","value":true},"Key":{"status":"VALUE","value":"wh_dlc04_infantry_free_company_blood_dismembers"},"Position":{"status":"VALUE","value":[-47.463436126709,527.73205566406,7.2310280799866,0]},"ReloadPercent":{"status":"VALUE","value":0.18888920545578},"ReloadRemainingTime":{"status":"VALUE","value":7.2999973297119},"UnitContext.UniqueUiId":{"status":"VALUE","value":1007}},"index":38,"list":"EntityList","mode":"SNAPSHOT","sample":0},"format":"warhammer-vault-cco-probe-v1","kind":"ENTITY","metadata":{"gameVersion":"9.0.2.0","gameVersionSource":"INSTALLER_EXE_VERSION","scenarioId":"CCO_P0_CUSTOM_BATTLE","sessionId":"98c014a5-8c8c-4ed9-aa0c-7e57a45dd48c","staticSnapshotId":"c7bd67f50bb4df4f16254e5e9615324e615debf434c865de014e77e4483471e5","unitSize":"MEDIUM","unitSizeSource":"DECLARED_SETUP"},"runId":"snapshot-2","sequence":234,"sessionId":"98c014a5-8c8c-4ed9-aa0c-7e57a45dd48c:table: 000000046C6B0888:<35.4s>:1790858880:5134.32421875","timestamp":{"status":"VALUE","value":22900}}
<36.0s><22900ms> WH3_RUNTIME_PROBE|{"data":{"fields":{"EntityRecordContext.Key":{"status":"VALUE","value":"wh_dlc04_infantry_free_company_blood_dismembers"},"IsAlive":{"status":"VALUE","value":true},"IsEngine":{"status":"VALUE","value":false},"IsMan":{"status":"VALUE","value":true},"IsReloading":{"status":"VALUE","value":true},"Key":{"status":"VALUE","value":"wh_dlc04_infantry_free_company_blood_dismembers"},"Position":{"status":"VALUE","value":[-50.343215942383,526.51770019531,-6.7018918991089,0]},"ReloadPercent":{"status":"VALUE","value":0.53333330154419},"ReloadRemainingTime":{"status":"VALUE","value":4.2000002861023},"UnitContext.UniqueUiId":{"status":"VALUE","value":1007}},"index":39,"list":"EntityList","mode":"SNAPSHOT","sample":0},"format":"warhammer-vault-cco-probe-v1","kind":"ENTITY","metadata":{"gameVersion":"9.0.2.0","gameVersionSource":"INSTALLER_EXE_VERSION","scenarioId":"CCO_P0_CUSTOM_BATTLE","sessionId":"98c014a5-8c8c-4ed9-aa0c-7e57a45dd48c","staticSnapshotId":"c7bd67f50bb4df4f16254e5e9615324e615debf434c865de014e77e4483471e5","unitSize":"MEDIUM","unitSizeSource":"DECLARED_SETUP"},"runId":"snapshot-2","sequence":235,"sessionId":"98c014a5-8c8c-4ed9-aa0c-7e57a45dd48c:table: 000000046C6B0888:<35.4s>:1790858880:5134.32421875","timestamp":{"status":"VALUE","value":22900}}
<36.0s><22900ms> WH3_RUNTIME_PROBE|{"data":{"fields":{"EntityRecordContext.Key":{"status":"VALUE","value":"wh_dlc04_infantry_free_company_blood_dismembers"},"IsAlive":{"status":"VALUE","value":true},"IsEngine":{"status":"VALUE","value":false},"IsMan":{"status":"VALUE","value":true},"IsReloading":{"status":"VALUE","value":true},"Key":{"status":"VALUE","value":"wh_dlc04_infantry_free_company_blood_dismembers"},"Position":{"status":"VALUE","value":[-47.665855407715,527.94586181641,9.3988027572632,0]},"ReloadPercent":{"status":"VALUE","value":0.22222250699997},"ReloadRemainingTime":{"status":"VALUE","value":6.9999976158142},"UnitContext.UniqueUiId":{"status":"VALUE","value":1007}},"index":40,"list":"EntityList","mode":"SNAPSHOT","sample":0},"format":"warhammer-vault-cco-probe-v1","kind":"ENTITY","metadata":{"gameVersion":"9.0.2.0","gameVersionSource":"INSTALLER_EXE_VERSION","scenarioId":"CCO_P0_CUSTOM_BATTLE","sessionId":"98c014a5-8c8c-4ed9-aa0c-7e57a45dd48c","staticSnapshotId":"c7bd67f50bb4df4f16254e5e9615324e615debf434c865de014e77e4483471e5","unitSize":"MEDIUM","unitSizeSource":"DECLARED_SETUP"},"runId":"snapshot-2","sequence":236,"sessionId":"98c014a5-8c8c-4ed9-aa0c-7e57a45dd48c:table: 000000046C6B0888:<35.4s>:1790858880:5134.32421875","timestamp":{"status":"VALUE","value":22900}}
<36.0s><22900ms> WH3_RUNTIME_PROBE|{"data":{"fields":{"EntityRecordContext.Key":{"status":"VALUE","value":"wh_dlc04_infantry_free_company_blood_dismembers"},"IsAlive":{"status":"VALUE","value":true},"IsEngine":{"status":"VALUE","value":false},"IsMan":{"status":"VALUE","value":true},"IsReloading":{"status":"VALUE","value":true},"Key":{"status":"VALUE","value":"wh_dlc04_infantry_free_company_blood_dismembers"},"Position":{"status":"VALUE","value":[-50.462825775146,526.42639160156,-8.0488862991333,0]},"ReloadPercent":{"status":"VALUE","value":0.5},"ReloadRemainingTime":{"status":"VALUE","value":4.5},"UnitContext.UniqueUiId":{"status":"VALUE","value":1007}},"index":41,"list":"EntityList","mode":"SNAPSHOT","sample":0},"format":"warhammer-vault-cco-probe-v1","kind":"ENTITY","metadata":{"gameVersion":"9.0.2.0","gameVersionSource":"INSTALLER_EXE_VERSION","scenarioId":"CCO_P0_CUSTOM_BATTLE","sessionId":"98c014a5-8c8c-4ed9-aa0c-7e57a45dd48c","staticSnapshotId":"c7bd67f50bb4df4f16254e5e9615324e615debf434c865de014e77e4483471e5","unitSize":"MEDIUM","unitSizeSource":"DECLARED_SETUP"},"runId":"snapshot-2","sequence":237,"sessionId":"98c014a5-8c8c-4ed9-aa0c-7e57a45dd48c:table: 000000046C6B0888:<35.4s>:1790858880:5134.32421875","timestamp":{"status":"VALUE","value":22900}}
<36.0s><22900ms> WH3_RUNTIME_PROBE|{"data":{"fields":{"EntityRecordContext.Key":{"status":"VALUE","value":"wh_dlc04_infantry_free_company_blood_dismembers"},"IsAlive":{"status":"VALUE","value":true},"IsEngine":{"status":"VALUE","value":false},"IsMan":{"status":"VALUE","value":true},"IsReloading":{"status":"VALUE","value":true},"Key":{"status":"VALUE","value":"wh_dlc04_infantry_free_company_blood_dismembers"},"Position":{"status":"VALUE","value":[-47.028190612793,528.00744628906,10.531680107117,0]},"ReloadPercent":{"status":"VALUE","value":0.20000028610229},"ReloadRemainingTime":{"status":"VALUE","value":7.1999974250793},"UnitContext.UniqueUiId":{"status":"VALUE","value":1007}},"index":42,"list":"EntityList","mode":"SNAPSHOT","sample":0},"format":"warhammer-vault-cco-probe-v1","kind":"ENTITY","metadata":{"gameVersion":"9.0.2.0","gameVersionSource":"INSTALLER_EXE_VERSION","scenarioId":"CCO_P0_CUSTOM_BATTLE","sessionId":"98c014a5-8c8c-4ed9-aa0c-7e57a45dd48c","staticSnapshotId":"c7bd67f50bb4df4f16254e5e9615324e615debf434c865de014e77e4483471e5","unitSize":"MEDIUM","unitSizeSource":"DECLARED_SETUP"},"runId":"snapshot-2","sequence":238,"sessionId":"98c014a5-8c8c-4ed9-aa0c-7e57a45dd48c:table: 000000046C6B0888:<35.4s>:1790858880:5134.32421875","timestamp":{"status":"VALUE","value":22900}}
<36.0s><22900ms> WH3_RUNTIME_PROBE|{"data":{"fields":{"EntityRecordContext.Key":{"status":"VALUE","value":"wh_dlc04_infantry_free_company_blood_dismembers"},"IsAlive":{"status":"VALUE","value":true},"IsEngine":{"status":"VALUE","value":false},"IsMan":{"status":"VALUE","value":true},"IsReloading":{"status":"VALUE","value":true},"Key":{"status":"VALUE","value":"wh_dlc04_infantry_free_company_blood_dismembers"},"Position":{"status":"VALUE","value":[-50.721405029297,526.32940673828,-9.7701435089111,0]},"ReloadPercent":{"status":"VALUE","value":0.42222231626511},"ReloadRemainingTime":{"status":"VALUE","value":5.199999332428},"UnitContext.UniqueUiId":{"status":"VALUE","value":1007}},"index":43,"list":"EntityList","mode":"SNAPSHOT","sample":0},"format":"warhammer-vault-cco-probe-v1","kind":"ENTITY","metadata":{"gameVersion":"9.0.2.0","gameVersionSource":"INSTALLER_EXE_VERSION","scenarioId":"CCO_P0_CUSTOM_BATTLE","sessionId":"98c014a5-8c8c-4ed9-aa0c-7e57a45dd48c","staticSnapshotId":"c7bd67f50bb4df4f16254e5e9615324e615debf434c865de014e77e4483471e5","unitSize":"MEDIUM","unitSizeSource":"DECLARED_SETUP"},"runId":"snapshot-2","sequence":239,"sessionId":"98c014a5-8c8c-4ed9-aa0c-7e57a45dd48c:table: 000000046C6B0888:<35.4s>:1790858880:5134.32421875","timestamp":{"status":"VALUE","value":22900}}
<36.0s><22900ms> WH3_RUNTIME_PROBE|{"data":{"fields":{"EntityRecordContext.Key":{"status":"VALUE","value":"wh_dlc04_infantry_free_company_blood_dismembers"},"IsAlive":{"status":"VALUE","value":true},"IsEngine":{"status":"VALUE","value":false},"IsMan":{"status":"VALUE","value":true},"IsReloading":{"status":"VALUE","value":true},"Key":{"status":"VALUE","value":"wh_dlc04_infantry_free_company_blood_dismembers"},"Position":{"status":"VALUE","value":[-46.841556549072,528.11267089844,12.250021934509,0]},"ReloadPercent":{"status":"VALUE","value":0.17777806520462},"ReloadRemainingTime":{"status":"VALUE","value":7.3999972343445},"UnitContext.UniqueUiId":{"status":"VALUE","value":1007}},"index":44,"list":"EntityList","mode":"SNAPSHOT","sample":0},"format":"warhammer-vault-cco-probe-v1","kind":"ENTITY","metadata":{"gameVersion":"9.0.2.0","gameVersionSource":"INSTALLER_EXE_VERSION","scenarioId":"CCO_P0_CUSTOM_BATTLE","sessionId":"98c014a5-8c8c-4ed9-aa0c-7e57a45dd48c","staticSnapshotId":"c7bd67f50bb4df4f16254e5e9615324e615debf434c865de014e77e4483471e5","unitSize":"MEDIUM","unitSizeSource":"DECLARED_SETUP"},"runId":"snapshot-2","sequence":240,"sessionId":"98c014a5-8c8c-4ed9-aa0c-7e57a45dd48c:table: 000000046C6B0888:<35.4s>:1790858880:5134.32421875","timestamp":{"status":"VALUE","value":22900}}
<36.0s><22900ms> WH3_RUNTIME_PROBE|{"data":{"fields":{"EntityRecordContext.Key":{"status":"VALUE","value":"wh_dlc04_infantry_free_company_blood_dismembers"},"IsAlive":{"status":"VALUE","value":true},"IsEngine":{"status":"VALUE","value":false},"IsMan":{"status":"VALUE","value":true},"IsReloading":{"status":"VALUE","value":true},"Key":{"status":"VALUE","value":"wh_dlc04_infantry_free_company_blood_dismembers"},"Position":{"status":"VALUE","value":[-47.020736694336,526.96667480469,0.52707582712173,0]},"ReloadPercent":{"status":"VALUE","value":0.22222250699997},"ReloadRemainingTime":{"status":"VALUE","value":6.9999976158142},"UnitContext.UniqueUiId":{"status":"VALUE","value":1007}},"index":45,"list":"EntityList","mode":"SNAPSHOT","sample":0},"format":"warhammer-vault-cco-probe-v1","kind":"ENTITY","metadata":{"gameVersion":"9.0.2.0","gameVersionSource":"INSTALLER_EXE_VERSION","scenarioId":"CCO_P0_CUSTOM_BATTLE","sessionId":"98c014a5-8c8c-4ed9-aa0c-7e57a45dd48c","staticSnapshotId":"c7bd67f50bb4df4f16254e5e9615324e615debf434c865de014e77e4483471e5","unitSize":"MEDIUM","unitSizeSource":"DECLARED_SETUP"},"runId":"snapshot-2","sequence":241,"sessionId":"98c014a5-8c8c-4ed9-aa0c-7e57a45dd48c:table: 000000046C6B0888:<35.4s>:1790858880:5134.32421875","timestamp":{"status":"VALUE","value":22900}}
<36.0s><22900ms> WH3_RUNTIME_PROBE|{"data":{"fields":{"EntityRecordContext.Key":{"status":"VALUE","value":"wh_dlc04_infantry_free_company_blood_dismembers"},"IsAlive":{"status":"VALUE","value":true},"IsEngine":{"status":"VALUE","value":false},"IsMan":{"status":"VALUE","value":true},"IsReloading":{"status":"VALUE","value":true},"Key":{"status":"VALUE","value":"wh_dlc04_infantry_free_company_blood_dismembers"},"Position":{"status":"VALUE","value":[-47.01282119751,527.19079589844,2.5450248718262,0]},"ReloadPercent":{"status":"VALUE","value":0.077778100967407},"ReloadRemainingTime":{"status":"VALUE","value":8.2999973297119},"UnitContext.UniqueUiId":{"status":"VALUE","value":1007}},"index":46,"list":"EntityList","mode":"SNAPSHOT","sample":0},"format":"warhammer-vault-cco-probe-v1","kind":"ENTITY","metadata":{"gameVersion":"9.0.2.0","gameVersionSource":"INSTALLER_EXE_VERSION","scenarioId":"CCO_P0_CUSTOM_BATTLE","sessionId":"98c014a5-8c8c-4ed9-aa0c-7e57a45dd48c","staticSnapshotId":"c7bd67f50bb4df4f16254e5e9615324e615debf434c865de014e77e4483471e5","unitSize":"MEDIUM","unitSizeSource":"DECLARED_SETUP"},"runId":"snapshot-2","sequence":242,"sessionId":"98c014a5-8c8c-4ed9-aa0c-7e57a45dd48c:table: 000000046C6B0888:<35.4s>:1790858880:5134.32421875","timestamp":{"status":"VALUE","value":22900}}
<36.0s><22900ms> WH3_RUNTIME_PROBE|{"data":{"fields":{"EntityRecordContext.Key":{"status":"VALUE","value":"wh_dlc04_infantry_free_company_blood_dismembers"},"IsAlive":{"status":"VALUE","value":true},"IsEngine":{"status":"VALUE","value":false},"IsMan":{"status":"VALUE","value":true},"IsReloading":{"status":"VALUE","value":true},"Key":{"status":"VALUE","value":"wh_dlc04_infantry_free_company_blood_dismembers"},"Position":{"status":"VALUE","value":[-46.845478057861,526.78735351563,-1.0732171535492,0]},"ReloadPercent":{"status":"VALUE","value":0.22222250699997},"ReloadRemainingTime":{"status":"VALUE","value":6.9999976158142},"UnitContext.UniqueUiId":{"status":"VALUE","value":1007}},"index":47,"list":"EntityList","mode":"SNAPSHOT","sample":0},"format":"warhammer-vault-cco-probe-v1","kind":"ENTITY","metadata":{"gameVersion":"9.0.2.0","gameVersionSource":"INSTALLER_EXE_VERSION","scenarioId":"CCO_P0_CUSTOM_BATTLE","sessionId":"98c014a5-8c8c-4ed9-aa0c-7e57a45dd48c","staticSnapshotId":"c7bd67f50bb4df4f16254e5e9615324e615debf434c865de014e77e4483471e5","unitSize":"MEDIUM","unitSizeSource":"DECLARED_SETUP"},"runId":"snapshot-2","sequence":243,"sessionId":"98c014a5-8c8c-4ed9-aa0c-7e57a45dd48c:table: 000000046C6B0888:<35.4s>:1790858880:5134.32421875","timestamp":{"status":"VALUE","value":22900}}
<36.0s><22900ms> WH3_RUNTIME_PROBE|{"data":{"fields":{"EntityRecordContext.Key":{"status":"VALUE","value":"wh_dlc04_infantry_free_company_blood_dismembers"},"IsAlive":{"status":"VALUE","value":true},"IsEngine":{"status":"VALUE","value":false},"IsMan":{"status":"VALUE","value":true},"IsReloading":{"status":"VALUE","value":true},"Key":{"status":"VALUE","value":"wh_dlc04_infantry_free_company_blood_dismembers"},"Position":{"status":"VALUE","value":[-46.9733543396,527.33435058594,3.8442857265472,0]},"ReloadPercent":{"status":"VALUE","value":0.17777806520462},"ReloadRemainingTime":{"status":"VALUE","value":7.3999972343445},"UnitContext.UniqueUiId":{"status":"VALUE","value":1007}},"index":48,"list":"EntityList","mode":"SNAPSHOT","sample":0},"format":"warhammer-vault-cco-probe-v1","kind":"ENTITY","metadata":{"gameVersion":"9.0.2.0","gameVersionSource":"INSTALLER_EXE_VERSION","scenarioId":"CCO_P0_CUSTOM_BATTLE","sessionId":"98c014a5-8c8c-4ed9-aa0c-7e57a45dd48c","staticSnapshotId":"c7bd67f50bb4df4f16254e5e9615324e615debf434c865de014e77e4483471e5","unitSize":"MEDIUM","unitSizeSource":"DECLARED_SETUP"},"runId":"snapshot-2","sequence":244,"sessionId":"98c014a5-8c8c-4ed9-aa0c-7e57a45dd48c:table: 000000046C6B0888:<35.4s>:1790858880:5134.32421875","timestamp":{"status":"VALUE","value":22900}}
<36.0s><22900ms> WH3_RUNTIME_PROBE|{"data":{"fields":{"EntityRecordContext.Key":{"status":"VALUE","value":"wh_dlc04_infantry_free_company_blood_dismembers"},"IsAlive":{"status":"VALUE","value":true},"IsEngine":{"status":"VALUE","value":false},"IsMan":{"status":"VALUE","value":true},"IsReloading":{"status":"VALUE","value":true},"Key":{"status":"VALUE","value":"wh_dlc04_infantry_free_company_blood_dismembers"},"Position":{"status":"VALUE","value":[-47.890064239502,526.71862792969,-2.3995838165283,0]},"ReloadPercent":{"status":"VALUE","value":0.22222250699997},"ReloadRemainingTime":{"status":"VALUE","value":6.9999976158142},"UnitContext.UniqueUiId":{"status":"VALUE","value":1007}},"index":49,"list":"EntityList","mode":"SNAPSHOT","sample":0},"format":"warhammer-vault-cco-probe-v1","kind":"ENTITY","metadata":{"gameVersion":"9.0.2.0","gameVersionSource":"INSTALLER_EXE_VERSION","scenarioId":"CCO_P0_CUSTOM_BATTLE","sessionId":"98c014a5-8c8c-4ed9-aa0c-7e57a45dd48c","staticSnapshotId":"c7bd67f50bb4df4f16254e5e9615324e615debf434c865de014e77e4483471e5","unitSize":"MEDIUM","unitSizeSource":"DECLARED_SETUP"},"runId":"snapshot-2","sequence":245,"sessionId":"98c014a5-8c8c-4ed9-aa0c-7e57a45dd48c:table: 000000046C6B0888:<35.4s>:1790858880:5134.32421875","timestamp":{"status":"VALUE","value":22900}}
<36.0s><22900ms> WH3_RUNTIME_PROBE|{"data":{"fields":{"EntityRecordContext.Key":{"status":"VALUE","value":"wh_dlc04_infantry_free_company_blood_dismembers"},"IsAlive":{"status":"VALUE","value":true},"IsEngine":{"status":"VALUE","value":false},"IsMan":{"status":"VALUE","value":true},"IsReloading":{"status":"VALUE","value":true},"Key":{"status":"VALUE","value":"wh_dlc04_infantry_free_company_blood_dismembers"},"Position":{"status":"VALUE","value":[-46.051307678223,527.44696044922,5.3539309501648,0]},"ReloadPercent":{"status":"VALUE","value":0.22222250699997},"ReloadRemainingTime":{"status":"VALUE","value":6.9999976158142},"UnitContext.UniqueUiId":{"status":"VALUE","value":1007}},"index":50,"list":"EntityList","mode":"SNAPSHOT","sample":0},"format":"warhammer-vault-cco-probe-v1","kind":"ENTITY","metadata":{"gameVersion":"9.0.2.0","gameVersionSource":"INSTALLER_EXE_VERSION","scenarioId":"CCO_P0_CUSTOM_BATTLE","sessionId":"98c014a5-8c8c-4ed9-aa0c-7e57a45dd48c","staticSnapshotId":"c7bd67f50bb4df4f16254e5e9615324e615debf434c865de014e77e4483471e5","unitSize":"MEDIUM","unitSizeSource":"DECLARED_SETUP"},"runId":"snapshot-2","sequence":246,"sessionId":"98c014a5-8c8c-4ed9-aa0c-7e57a45dd48c:table: 000000046C6B0888:<35.4s>:1790858880:5134.32421875","timestamp":{"status":"VALUE","value":22900}}
<36.0s><22900ms> WH3_RUNTIME_PROBE|{"data":{"fields":{"EntityRecordContext.Key":{"status":"VALUE","value":"wh_dlc04_infantry_free_company_blood_dismembers"},"IsAlive":{"status":"VALUE","value":true},"IsEngine":{"status":"VALUE","value":false},"IsMan":{"status":"VALUE","value":true},"IsReloading":{"status":"VALUE","value":true},"Key":{"status":"VALUE","value":"wh_dlc04_infantry_free_company_blood_dismembers"},"Position":{"status":"VALUE","value":[-47.792739868164,526.55578613281,-4.0736808776855,0]},"ReloadPercent":{"status":"VALUE","value":0.22222250699997},"ReloadRemainingTime":{"status":"VALUE","value":6.9999976158142},"UnitContext.UniqueUiId":{"status":"VALUE","value":1007}},"index":51,"list":"EntityList","mode":"SNAPSHOT","sample":0},"format":"warhammer-vault-cco-probe-v1","kind":"ENTITY","metadata":{"gameVersion":"9.0.2.0","gameVersionSource":"INSTALLER_EXE_VERSION","scenarioId":"CCO_P0_CUSTOM_BATTLE","sessionId":"98c014a5-8c8c-4ed9-aa0c-7e57a45dd48c","staticSnapshotId":"c7bd67f50bb4df4f16254e5e9615324e615debf434c865de014e77e4483471e5","unitSize":"MEDIUM","unitSizeSource":"DECLARED_SETUP"},"runId":"snapshot-2","sequence":247,"sessionId":"98c014a5-8c8c-4ed9-aa0c-7e57a45dd48c:table: 000000046C6B0888:<35.4s>:1790858880:5134.32421875","timestamp":{"status":"VALUE","value":22900}}
<36.0s><22900ms> WH3_RUNTIME_PROBE|{"data":{"fields":{"EntityRecordContext.Key":{"status":"VALUE","value":"wh_dlc04_infantry_free_company_blood_dismembers"},"IsAlive":{"status":"VALUE","value":true},"IsEngine":{"status":"VALUE","value":false},"IsMan":{"status":"VALUE","value":true},"IsReloading":{"status":"VALUE","value":true},"Key":{"status":"VALUE","value":"wh_dlc04_infantry_free_company_blood_dismembers"},"Position":{"status":"VALUE","value":[-46.211284637451,527.62084960938,6.8817648887634,0]},"ReloadPercent":{"status":"VALUE","value":0.51111114025116},"ReloadRemainingTime":{"status":"VALUE","value":4.4000000953674},"UnitContext.UniqueUiId":{"status":"VALUE","value":1007}},"index":52,"list":"EntityList","mode":"SNAPSHOT","sample":0},"format":"warhammer-vault-cco-probe-v1","kind":"ENTITY","metadata":{"gameVersion":"9.0.2.0","gameVersionSource":"INSTALLER_EXE_VERSION","scenarioId":"CCO_P0_CUSTOM_BATTLE","sessionId":"98c014a5-8c8c-4ed9-aa0c-7e57a45dd48c","staticSnapshotId":"c7bd67f50bb4df4f16254e5e9615324e615debf434c865de014e77e4483471e5","unitSize":"MEDIUM","unitSizeSource":"DECLARED_SETUP"},"runId":"snapshot-2","sequence":248,"sessionId":"98c014a5-8c8c-4ed9-aa0c-7e57a45dd48c:table: 000000046C6B0888:<35.4s>:1790858880:5134.32421875","timestamp":{"status":"VALUE","value":22900}}
<36.0s><22900ms> WH3_RUNTIME_PROBE|{"data":{"fields":{"EntityRecordContext.Key":{"status":"VALUE","value":"wh_dlc04_infantry_free_company_blood_dismembers"},"IsAlive":{"status":"VALUE","value":true},"IsEngine":{"status":"VALUE","value":false},"IsMan":{"status":"VALUE","value":true},"IsReloading":{"status":"VALUE","value":true},"Key":{"status":"VALUE","value":"wh_dlc04_infantry_free_company_blood_dismembers"},"Position":{"status":"VALUE","value":[-48.549709320068,526.46978759766,-5.7029795646667,0]},"ReloadPercent":{"status":"VALUE","value":0.42222231626511},"ReloadRemainingTime":{"status":"VALUE","value":5.199999332428},"UnitContext.UniqueUiId":{"status":"VALUE","value":1007}},"index":53,"list":"EntityList","mode":"SNAPSHOT","sample":0},"format":"warhammer-vault-cco-probe-v1","kind":"ENTITY","metadata":{"gameVersion":"9.0.2.0","gameVersionSource":"INSTALLER_EXE_VERSION","scenarioId":"CCO_P0_CUSTOM_BATTLE","sessionId":"98c014a5-8c8c-4ed9-aa0c-7e57a45dd48c","staticSnapshotId":"c7bd67f50bb4df4f16254e5e9615324e615debf434c865de014e77e4483471e5","unitSize":"MEDIUM","unitSizeSource":"DECLARED_SETUP"},"runId":"snapshot-2","sequence":249,"sessionId":"98c014a5-8c8c-4ed9-aa0c-7e57a45dd48c:table: 000000046C6B0888:<35.4s>:1790858880:5134.32421875","timestamp":{"status":"VALUE","value":22900}}
<36.0s><22900ms> WH3_RUNTIME_PROBE|{"data":{"fields":{"EntityRecordContext.Key":{"status":"VALUE","value":"wh_dlc04_infantry_free_company_blood_dismembers"},"IsAlive":{"status":"VALUE","value":true},"IsEngine":{"status":"VALUE","value":false},"IsMan":{"status":"VALUE","value":true},"IsReloading":{"status":"VALUE","value":true},"Key":{"status":"VALUE","value":"wh_dlc04_infantry_free_company_blood_dismembers"},"Position":{"status":"VALUE","value":[-45.7158203125,527.76025390625,8.4740762710571,0]},"ReloadPercent":{"status":"VALUE","value":0.48888891935349},"ReloadRemainingTime":{"status":"VALUE","value":4.5999999046326},"UnitContext.UniqueUiId":{"status":"VALUE","value":1007}},"index":54,"list":"EntityList","mode":"SNAPSHOT","sample":0},"format":"warhammer-vault-cco-probe-v1","kind":"ENTITY","metadata":{"gameVersion":"9.0.2.0","gameVersionSource":"INSTALLER_EXE_VERSION","scenarioId":"CCO_P0_CUSTOM_BATTLE","sessionId":"98c014a5-8c8c-4ed9-aa0c-7e57a45dd48c","staticSnapshotId":"c7bd67f50bb4df4f16254e5e9615324e615debf434c865de014e77e4483471e5","unitSize":"MEDIUM","unitSizeSource":"DECLARED_SETUP"},"runId":"snapshot-2","sequence":250,"sessionId":"98c014a5-8c8c-4ed9-aa0c-7e57a45dd48c:table: 000000046C6B0888:<35.4s>:1790858880:5134.32421875","timestamp":{"status":"VALUE","value":22900}}
<36.0s><22900ms> WH3_RUNTIME_PROBE|{"data":{"fields":{"EntityRecordContext.Key":{"status":"VALUE","value":"wh_dlc04_infantry_free_company_blood_dismembers"},"IsAlive":{"status":"VALUE","value":true},"IsEngine":{"status":"VALUE","value":false},"IsMan":{"status":"VALUE","value":true},"IsReloading":{"status":"VALUE","value":true},"Key":{"status":"VALUE","value":"wh_dlc04_infantry_free_company_blood_dismembers"},"Position":{"status":"VALUE","value":[-48.299522399902,526.33251953125,-7.1935510635376,0]},"ReloadPercent":{"status":"VALUE","value":0.22222250699997},"ReloadRemainingTime":{"status":"VALUE","value":6.9999976158142},"UnitContext.UniqueUiId":{"status":"VALUE","value":1007}},"index":55,"list":"EntityList","mode":"SNAPSHOT","sample":0},"format":"warhammer-vault-cco-probe-v1","kind":"ENTITY","metadata":{"gameVersion":"9.0.2.0","gameVersionSource":"INSTALLER_EXE_VERSION","scenarioId":"CCO_P0_CUSTOM_BATTLE","sessionId":"98c014a5-8c8c-4ed9-aa0c-7e57a45dd48c","staticSnapshotId":"c7bd67f50bb4df4f16254e5e9615324e615debf434c865de014e77e4483471e5","unitSize":"MEDIUM","unitSizeSource":"DECLARED_SETUP"},"runId":"snapshot-2","sequence":251,"sessionId":"98c014a5-8c8c-4ed9-aa0c-7e57a45dd48c:table: 000000046C6B0888:<35.4s>:1790858880:5134.32421875","timestamp":{"status":"VALUE","value":22900}}
<36.0s><22900ms> WH3_RUNTIME_PROBE|{"data":{"fields":{"EntityRecordContext.Key":{"status":"VALUE","value":"wh_dlc04_infantry_free_company_blood_dismembers"},"IsAlive":{"status":"VALUE","value":true},"IsEngine":{"status":"VALUE","value":false},"IsMan":{"status":"VALUE","value":true},"IsReloading":{"status":"VALUE","value":true},"Key":{"status":"VALUE","value":"wh_dlc04_infantry_free_company_blood_dismembers"},"Position":{"status":"VALUE","value":[-45.180938720703,527.91955566406,10.392966270447,0]},"ReloadPercent":{"status":"VALUE","value":0.51111114025116},"ReloadRemainingTime":{"status":"VALUE","value":4.4000000953674},"UnitContext.UniqueUiId":{"status":"VALUE","value":1007}},"index":56,"list":"EntityList","mode":"SNAPSHOT","sample":0},"format":"warhammer-vault-cco-probe-v1","kind":"ENTITY","metadata":{"gameVersion":"9.0.2.0","gameVersionSource":"INSTALLER_EXE_VERSION","scenarioId":"CCO_P0_CUSTOM_BATTLE","sessionId":"98c014a5-8c8c-4ed9-aa0c-7e57a45dd48c","staticSnapshotId":"c7bd67f50bb4df4f16254e5e9615324e615debf434c865de014e77e4483471e5","unitSize":"MEDIUM","unitSizeSource":"DECLARED_SETUP"},"runId":"snapshot-2","sequence":252,"sessionId":"98c014a5-8c8c-4ed9-aa0c-7e57a45dd48c:table: 000000046C6B0888:<35.4s>:1790858880:5134.32421875","timestamp":{"status":"VALUE","value":22900}}
<36.0s><22900ms> WH3_RUNTIME_PROBE|{"data":{"fields":{"EntityRecordContext.Key":{"status":"VALUE","value":"wh_dlc04_infantry_free_company_blood_dismembers"},"IsAlive":{"status":"VALUE","value":true},"IsEngine":{"status":"VALUE","value":false},"IsMan":{"status":"VALUE","value":true},"IsReloading":{"status":"VALUE","value":true},"Key":{"status":"VALUE","value":"wh_dlc04_infantry_free_company_blood_dismembers"},"Position":{"status":"VALUE","value":[-48.971729278564,526.29748535156,-8.3062410354614,0]},"ReloadPercent":{"status":"VALUE","value":0.22222250699997},"ReloadRemainingTime":{"status":"VALUE","value":6.9999976158142},"UnitContext.UniqueUiId":{"status":"VALUE","value":1007}},"index":57,"list":"EntityList","mode":"SNAPSHOT","sample":0},"format":"warhammer-vault-cco-probe-v1","kind":"ENTITY","metadata":{"gameVersion":"9.0.2.0","gameVersionSource":"INSTALLER_EXE_VERSION","scenarioId":"CCO_P0_CUSTOM_BATTLE","sessionId":"98c014a5-8c8c-4ed9-aa0c-7e57a45dd48c","staticSnapshotId":"c7bd67f50bb4df4f16254e5e9615324e615debf434c865de014e77e4483471e5","unitSize":"MEDIUM","unitSizeSource":"DECLARED_SETUP"},"runId":"snapshot-2","sequence":253,"sessionId":"98c014a5-8c8c-4ed9-aa0c-7e57a45dd48c:table: 000000046C6B0888:<35.4s>:1790858880:5134.32421875","timestamp":{"status":"VALUE","value":22900}}
<36.0s><22900ms> WH3_RUNTIME_PROBE|{"data":{"fields":{"EntityRecordContext.Key":{"status":"VALUE","value":"wh_dlc04_infantry_free_company_blood_dismembers"},"IsAlive":{"status":"VALUE","value":true},"IsEngine":{"status":"VALUE","value":false},"IsMan":{"status":"VALUE","value":true},"IsReloading":{"status":"VALUE","value":true},"Key":{"status":"VALUE","value":"wh_dlc04_infantry_free_company_blood_dismembers"},"Position":{"status":"VALUE","value":[-44.754070281982,527.99353027344,11.649361610413,0]},"ReloadPercent":{"status":"VALUE","value":0.15555590391159},"ReloadRemainingTime":{"status":"VALUE","value":7.5999970436096},"UnitContext.UniqueUiId":{"status":"VALUE","value":1007}},"index":58,"list":"EntityList","mode":"SNAPSHOT","sample":0},"format":"warhammer-vault-cco-probe-v1","kind":"ENTITY","metadata":{"gameVersion":"9.0.2.0","gameVersionSource":"INSTALLER_EXE_VERSION","scenarioId":"CCO_P0_CUSTOM_BATTLE","sessionId":"98c014a5-8c8c-4ed9-aa0c-7e57a45dd48c","staticSnapshotId":"c7bd67f50bb4df4f16254e5e9615324e615debf434c865de014e77e4483471e5","unitSize":"MEDIUM","unitSizeSource":"DECLARED_SETUP"},"runId":"snapshot-2","sequence":254,"sessionId":"98c014a5-8c8c-4ed9-aa0c-7e57a45dd48c:table: 000000046C6B0888:<35.4s>:1790858880:5134.32421875","timestamp":{"status":"VALUE","value":22900}}
<36.0s><22900ms> WH3_RUNTIME_PROBE|{"data":{"fields":{"EntityRecordContext.Key":{"status":"VALUE","value":"wh_dlc04_infantry_free_company_blood_dismembers"},"IsAlive":{"status":"VALUE","value":true},"IsEngine":{"status":"VALUE","value":false},"IsMan":{"status":"VALUE","value":true},"IsReloading":{"status":"VALUE","value":true},"Key":{"status":"VALUE","value":"wh_dlc04_infantry_free_company_blood_dismembers"},"Position":{"status":"VALUE","value":[-48.908622741699,526.16534423828,-10.104699134827,0]},"ReloadPercent":{"status":"VALUE","value":0.22222250699997},"ReloadRemainingTime":{"status":"VALUE","value":6.9999976158142},"UnitContext.UniqueUiId":{"status":"VALUE","value":1007}},"index":59,"list":"EntityList","mode":"SNAPSHOT","sample":0},"format":"warhammer-vault-cco-probe-v1","kind":"ENTITY","metadata":{"gameVersion":"9.0.2.0","gameVersionSource":"INSTALLER_EXE_VERSION","scenarioId":"CCO_P0_CUSTOM_BATTLE","sessionId":"98c014a5-8c8c-4ed9-aa0c-7e57a45dd48c","staticSnapshotId":"c7bd67f50bb4df4f16254e5e9615324e615debf434c865de014e77e4483471e5","unitSize":"MEDIUM","unitSizeSource":"DECLARED_SETUP"},"runId":"snapshot-2","sequence":255,"sessionId":"98c014a5-8c8c-4ed9-aa0c-7e57a45dd48c:table: 000000046C6B0888:<35.4s>:1790858880:5134.32421875","timestamp":{"status":"VALUE","value":22900}}
<36.0s><22900ms> WH3_RUNTIME_PROBE|{"data":{"mode":"SNAPSHOT","sample":0},"format":"warhammer-vault-cco-probe-v1","kind":"SAMPLE_END","metadata":{"gameVersion":"9.0.2.0","gameVersionSource":"INSTALLER_EXE_VERSION","scenarioId":"CCO_P0_CUSTOM_BATTLE","sessionId":"98c014a5-8c8c-4ed9-aa0c-7e57a45dd48c","staticSnapshotId":"c7bd67f50bb4df4f16254e5e9615324e615debf434c865de014e77e4483471e5","unitSize":"MEDIUM","unitSizeSource":"DECLARED_SETUP"},"runId":"snapshot-2","sequence":256,"sessionId":"98c014a5-8c8c-4ed9-aa0c-7e57a45dd48c:table: 000000046C6B0888:<35.4s>:1790858880:5134.32421875","timestamp":{"status":"VALUE","value":22900}}
<36.0s><22900ms> WH3_RUNTIME_PROBE|{"data":{"fields":{"EntityRecordContext.Key":{"status":"VALUE","value":"wh_dlc04_infantry_free_company_blood_dismembers"},"IsAlive":{"status":"VALUE","value":true},"IsEngine":{"status":"VALUE","value":false},"IsMan":{"status":"VALUE","value":true},"IsReloading":{"status":"VALUE","value":true},"Key":{"status":"VALUE","value":"wh_dlc04_infantry_free_company_blood_dismembers"},"Position":{"status":"VALUE","value":[-49.510860443115,527.70642089844,6.2386684417725,0]},"ReloadPercent":{"status":"VALUE","value":0.22222250699997},"ReloadRemainingTime":{"status":"VALUE","value":6.9999976158142},"UnitContext.UniqueUiId":{"status":"VALUE","value":1007},"UnitContext.UnitRecordContext.Key":{"status":"VALUE","value":"wh_dlc04_emp_inf_free_company_militia_0"},"UnitContext.UnitRecordContext.UnitLandRecordContext.Key":{"status":"VALUE","value":"wh_dlc04_emp_inf_free_company_militia_0"}},"status":"OBSERVED"},"format":"warhammer-vault-cco-probe-v1","kind":"CURSOR","metadata":{"gameVersion":"9.0.2.0","gameVersionSource":"INSTALLER_EXE_VERSION","scenarioId":"CCO_P0_CUSTOM_BATTLE","sessionId":"98c014a5-8c8c-4ed9-aa0c-7e57a45dd48c","staticSnapshotId":"c7bd67f50bb4df4f16254e5e9615324e615debf434c865de014e77e4483471e5","unitSize":"MEDIUM","unitSizeSource":"DECLARED_SETUP"},"runId":"snapshot-2","sequence":257,"sessionId":"98c014a5-8c8c-4ed9-aa0c-7e57a45dd48c:table: 000000046C6B0888:<35.4s>:1790858880:5134.32421875","timestamp":{"status":"VALUE","value":22900}}
<36.0s><22900ms> WH3_RUNTIME_PROBE|{"data":{},"format":"warhammer-vault-cco-probe-v1","kind":"SNAPSHOT_END","metadata":{"gameVersion":"9.0.2.0","gameVersionSource":"INSTALLER_EXE_VERSION","scenarioId":"CCO_P0_CUSTOM_BATTLE","sessionId":"98c014a5-8c8c-4ed9-aa0c-7e57a45dd48c","staticSnapshotId":"c7bd67f50bb4df4f16254e5e9615324e615debf434c865de014e77e4483471e5","unitSize":"MEDIUM","unitSizeSource":"DECLARED_SETUP"},"runId":"snapshot-2","sequence":258,"sessionId":"98c014a5-8c8c-4ed9-aa0c-7e57a45dd48c:table: 000000046C6B0888:<35.4s>:1790858880:5134.32421875","timestamp":{"status":"VALUE","value":22900}}
<36.5s><23400ms> WH3_RUNTIME_PROBE|{"data":{"f10Installed":true},"format":"warhammer-vault-cco-probe-v1","kind":"SNAPSHOT_START","metadata":{"gameVersion":"9.0.2.0","gameVersionSource":"INSTALLER_EXE_VERSION","scenarioId":"CCO_P0_CUSTOM_BATTLE","sessionId":"98c014a5-8c8c-4ed9-aa0c-7e57a45dd48c","staticSnapshotId":"c7bd67f50bb4df4f16254e5e9615324e615debf434c865de014e77e4483471e5","unitSize":"MEDIUM","unitSizeSource":"DECLARED_SETUP"},"runId":"snapshot-3","sequence":259,"sessionId":"98c014a5-8c8c-4ed9-aa0c-7e57a45dd48c:table: 000000046C6B0888:<35.4s>:1790858880:5134.32421875","timestamp":{"status":"VALUE","value":23400}}
<36.5s><23400ms> WH3_RUNTIME_PROBE|{"data":{"fields":{"ActiveProjectileContext.Key":{"status":"VALUE","value":"wh_dlc04_emp_free_company_pistol_bullet"},"HealthMax":{"status":"VALUE","value":3660},"HealthValue":{"status":"VALUE","value":3660},"IsFiringMissiles":{"status":"VALUE","value":true},"IsInMelee":{"status":"VALUE","value":false},"IsPlayerUnit":{"status":"VALUE","value":true},"NumEntities":{"status":"VALUE","value":60},"NumEntitiesInitial":{"status":"VALUE","value":60},"PrimaryAmmoPercent":{"status":"VALUE","value":0.94537037611008},"ReloadPercentMax":{"status":"VALUE","value":1},"SecondaryAmmoPercent":{"status":"VALUE","value":0},"UniqueUiId":{"status":"VALUE","value":1007},"UnitRecordContext.Key":{"status":"VALUE","value":"wh_dlc04_emp_inf_free_company_militia_0"},"UnitRecordContext.UnitLandRecordContext.Key":{"status":"VALUE","value":"wh_dlc04_emp_inf_free_company_militia_0"}},"sample":0,"unchanged":false},"format":"warhammer-vault-cco-probe-v1","kind":"SNAPSHOT_UNIT","metadata":{"gameVersion":"9.0.2.0","gameVersionSource":"INSTALLER_EXE_VERSION","scenarioId":"CCO_P0_CUSTOM_BATTLE","sessionId":"98c014a5-8c8c-4ed9-aa0c-7e57a45dd48c","staticSnapshotId":"c7bd67f50bb4df4f16254e5e9615324e615debf434c865de014e77e4483471e5","unitSize":"MEDIUM","unitSizeSource":"DECLARED_SETUP"},"runId":"snapshot-3","sequence":260,"sessionId":"98c014a5-8c8c-4ed9-aa0c-7e57a45dd48c:table: 000000046C6B0888:<35.4s>:1790858880:5134.32421875","timestamp":{"status":"VALUE","value":23400}}
<36.5s><23400ms> WH3_RUNTIME_PROBE|{"data":{"complete":true,"list":"ManList","mode":"SNAPSHOT","sample":0,"size":{"status":"VALUE","value":60}},"format":"warhammer-vault-cco-probe-v1","kind":"COMPONENT_LIST","metadata":{"gameVersion":"9.0.2.0","gameVersionSource":"INSTALLER_EXE_VERSION","scenarioId":"CCO_P0_CUSTOM_BATTLE","sessionId":"98c014a5-8c8c-4ed9-aa0c-7e57a45dd48c","staticSnapshotId":"c7bd67f50bb4df4f16254e5e9615324e615debf434c865de014e77e4483471e5","unitSize":"MEDIUM","unitSizeSource":"DECLARED_SETUP"},"runId":"snapshot-3","sequence":261,"sessionId":"98c014a5-8c8c-4ed9-aa0c-7e57a45dd48c:table: 000000046C6B0888:<35.4s>:1790858880:5134.32421875","timestamp":{"status":"VALUE","value":23400}}
<36.5s><23400ms> WH3_RUNTIME_PROBE|{"data":{"fields":{"EntityRecordContext.Key":{"status":"VALUE","value":"wh_dlc04_infantry_free_company_blood_dismembers"},"IsAlive":{"status":"VALUE","value":true},"IsEngine":{"status":"VALUE","value":false},"IsMan":{"status":"VALUE","value":true},"IsReloading":{"status":"VALUE","value":true},"Key":{"status":"VALUE","value":"wh_dlc04_infantry_free_company_blood_dismembers"},"Position":{"status":"VALUE","value":[-52.605808258057,527.34405517578,1.8419549465179,0]},"ReloadPercent":{"status":"VALUE","value":0.27777796983719},"ReloadRemainingTime":{"status":"VALUE","value":6.4999980926514},"UnitContext.UniqueUiId":{"status":"VALUE","value":1007}},"index":0,"list":"ManList","mode":"SNAPSHOT","sample":0},"format":"warhammer-vault-cco-probe-v1","kind":"ENTITY","metadata":{"gameVersion":"9.0.2.0","gameVersionSource":"INSTALLER_EXE_VERSION","scenarioId":"CCO_P0_CUSTOM_BATTLE","sessionId":"98c014a5-8c8c-4ed9-aa0c-7e57a45dd48c","staticSnapshotId":"c7bd67f50bb4df4f16254e5e9615324e615debf434c865de014e77e4483471e5","unitSize":"MEDIUM","unitSizeSource":"DECLARED_SETUP"},"runId":"snapshot-3","sequence":262,"sessionId":"98c014a5-8c8c-4ed9-aa0c-7e57a45dd48c:table: 000000046C6B0888:<35.4s>:1790858880:5134.32421875","timestamp":{"status":"VALUE","value":23400}}
<36.5s><23400ms> WH3_RUNTIME_PROBE|{"data":{"fields":{"EntityRecordContext.Key":{"status":"VALUE","value":"wh_dlc04_infantry_free_company_blood_dismembers"},"IsAlive":{"status":"VALUE","value":true},"IsEngine":{"status":"VALUE","value":false},"IsMan":{"status":"VALUE","value":true},"IsReloading":{"status":"VALUE","value":true},"Key":{"status":"VALUE","value":"wh_dlc04_infantry_free_company_blood_dismembers"},"Position":{"status":"VALUE","value":[-52.550701141357,527.20562744141,0.29146930575371,0]},"ReloadPercent":{"status":"VALUE","value":0.27777796983719},"ReloadRemainingTime":{"status":"VALUE","value":6.4999980926514},"UnitContext.UniqueUiId":{"status":"VALUE","value":1007}},"index":1,"list":"ManList","mode":"SNAPSHOT","sample":0},"format":"warhammer-vault-cco-probe-v1","kind":"ENTITY","metadata":{"gameVersion":"9.0.2.0","gameVersionSource":"INSTALLER_EXE_VERSION","scenarioId":"CCO_P0_CUSTOM_BATTLE","sessionId":"98c014a5-8c8c-4ed9-aa0c-7e57a45dd48c","staticSnapshotId":"c7bd67f50bb4df4f16254e5e9615324e615debf434c865de014e77e4483471e5","unitSize":"MEDIUM","unitSizeSource":"DECLARED_SETUP"},"runId":"snapshot-3","sequence":263,"sessionId":"98c014a5-8c8c-4ed9-aa0c-7e57a45dd48c:table: 000000046C6B0888:<35.4s>:1790858880:5134.32421875","timestamp":{"status":"VALUE","value":23400}}
<36.5s><23400ms> WH3_RUNTIME_PROBE|{"data":{"fields":{"EntityRecordContext.Key":{"status":"VALUE","value":"wh_dlc04_infantry_free_company_blood_dismembers"},"IsAlive":{"status":"VALUE","value":true},"IsEngine":{"status":"VALUE","value":false},"IsMan":{"status":"VALUE","value":true},"IsReloading":{"status":"VALUE","value":true},"Key":{"status":"VALUE","value":"wh_dlc04_infantry_free_company_blood_dismembers"},"Position":{"status":"VALUE","value":[-51.841815948486,527.47155761719,3.4047660827637,0]},"ReloadPercent":{"status":"VALUE","value":0.27777796983719},"ReloadRemainingTime":{"status":"VALUE","value":6.4999980926514},"UnitContext.UniqueUiId":{"status":"VALUE","value":1007}},"index":2,"list":"ManList","mode":"SNAPSHOT","sample":0},"format":"warhammer-vault-cco-probe-v1","kind":"ENTITY","metadata":{"gameVersion":"9.0.2.0","gameVersionSource":"INSTALLER_EXE_VERSION","scenarioId":"CCO_P0_CUSTOM_BATTLE","sessionId":"98c014a5-8c8c-4ed9-aa0c-7e57a45dd48c","staticSnapshotId":"c7bd67f50bb4df4f16254e5e9615324e615debf434c865de014e77e4483471e5","unitSize":"MEDIUM","unitSizeSource":"DECLARED_SETUP"},"runId":"snapshot-3","sequence":264,"sessionId":"98c014a5-8c8c-4ed9-aa0c-7e57a45dd48c:table: 000000046C6B0888:<35.4s>:1790858880:5134.32421875","timestamp":{"status":"VALUE","value":23400}}
<36.5s><23400ms> WH3_RUNTIME_PROBE|{"data":{"fields":{"EntityRecordContext.Key":{"status":"VALUE","value":"wh_dlc04_infantry_free_company_blood_dismembers"},"IsAlive":{"status":"VALUE","value":true},"IsEngine":{"status":"VALUE","value":false},"IsMan":{"status":"VALUE","value":true},"IsReloading":{"status":"VALUE","value":true},"Key":{"status":"VALUE","value":"wh_dlc04_infantry_free_company_blood_dismembers"},"Position":{"status":"VALUE","value":[-52.742012023926,527.09118652344,-1.1408680677414,0]},"ReloadPercent":{"status":"VALUE","value":0.27777796983719},"ReloadRemainingTime":{"status":"VALUE","value":6.4999980926514},"UnitContext.UniqueUiId":{"status":"VALUE","value":1007}},"index":3,"list":"ManList","mode":"SNAPSHOT","sample":0},"format":"warhammer-vault-cco-probe-v1","kind":"ENTITY","metadata":{"gameVersion":"9.0.2.0","gameVersionSource":"INSTALLER_EXE_VERSION","scenarioId":"CCO_P0_CUSTOM_BATTLE","sessionId":"98c014a5-8c8c-4ed9-aa0c-7e57a45dd48c","staticSnapshotId":"c7bd67f50bb4df4f16254e5e9615324e615debf434c865de014e77e4483471e5","unitSize":"MEDIUM","unitSizeSource":"DECLARED_SETUP"},"runId":"snapshot-3","sequence":265,"sessionId":"98c014a5-8c8c-4ed9-aa0c-7e57a45dd48c:table: 000000046C6B0888:<35.4s>:1790858880:5134.32421875","timestamp":{"status":"VALUE","value":23400}}
<36.5s><23400ms> WH3_RUNTIME_PROBE|{"data":{"fields":{"EntityRecordContext.Key":{"status":"VALUE","value":"wh_dlc04_infantry_free_company_blood_dismembers"},"IsAlive":{"status":"VALUE","value":true},"IsEngine":{"status":"VALUE","value":false},"IsMan":{"status":"VALUE","value":true},"IsReloading":{"status":"VALUE","value":true},"Key":{"status":"VALUE","value":"wh_dlc04_infantry_free_company_blood_dismembers"},"Position":{"status":"VALUE","value":[-51.734600067139,527.61560058594,4.9443135261536,0]},"ReloadPercent":{"status":"VALUE","value":0.27777796983719},"ReloadRemainingTime":{"status":"VALUE","value":6.4999980926514},"UnitContext.UniqueUiId":{"status":"VALUE","value":1007}},"index":4,"list":"ManList","mode":"SNAPSHOT","sample":0},"format":"warhammer-vault-cco-probe-v1","kind":"ENTITY","metadata":{"gameVersion":"9.0.2.0","gameVersionSource":"INSTALLER_EXE_VERSION","scenarioId":"CCO_P0_CUSTOM_BATTLE","sessionId":"98c014a5-8c8c-4ed9-aa0c-7e57a45dd48c","staticSnapshotId":"c7bd67f50bb4df4f16254e5e9615324e615debf434c865de014e77e4483471e5","unitSize":"MEDIUM","unitSizeSource":"DECLARED_SETUP"},"runId":"snapshot-3","sequence":266,"sessionId":"98c014a5-8c8c-4ed9-aa0c-7e57a45dd48c:table: 000000046C6B0888:<35.4s>:1790858880:5134.32421875","timestamp":{"status":"VALUE","value":23400}}
<36.5s><23400ms> WH3_RUNTIME_PROBE|{"data":{"fields":{"EntityRecordContext.Key":{"status":"VALUE","value":"wh_dlc04_infantry_free_company_blood_dismembers"},"IsAlive":{"status":"VALUE","value":true},"IsEngine":{"status":"VALUE","value":false},"IsMan":{"status":"VALUE","value":true},"IsReloading":{"status":"VALUE","value":true},"Key":{"status":"VALUE","value":"wh_dlc04_infantry_free_company_blood_dismembers"},"Position":{"status":"VALUE","value":[-53.217437744141,526.97717285156,-2.8291065692902,0]},"ReloadPercent":{"status":"VALUE","value":0.56666660308838},"ReloadRemainingTime":{"status":"VALUE","value":3.9000005722046},"UnitContext.UniqueUiId":{"status":"VALUE","value":1007}},"index":5,"list":"ManList","mode":"SNAPSHOT","sample":0},"format":"warhammer-vault-cco-probe-v1","kind":"ENTITY","metadata":{"gameVersion":"9.0.2.0","gameVersionSource":"INSTALLER_EXE_VERSION","scenarioId":"CCO_P0_CUSTOM_BATTLE","sessionId":"98c014a5-8c8c-4ed9-aa0c-7e57a45dd48c","staticSnapshotId":"c7bd67f50bb4df4f16254e5e9615324e615debf434c865de014e77e4483471e5","unitSize":"MEDIUM","unitSizeSource":"DECLARED_SETUP"},"runId":"snapshot-3","sequence":267,"sessionId":"98c014a5-8c8c-4ed9-aa0c-7e57a45dd48c:table: 000000046C6B0888:<35.4s>:1790858880:5134.32421875","timestamp":{"status":"VALUE","value":23400}}
<36.5s><23400ms> WH3_RUNTIME_PROBE|{"data":{"fields":{"EntityRecordContext.Key":{"status":"VALUE","value":"wh_dlc04_infantry_free_company_blood_dismembers"},"IsAlive":{"status":"VALUE","value":true},"IsEngine":{"status":"VALUE","value":false},"IsMan":{"status":"VALUE","value":true},"IsReloading":{"status":"VALUE","value":true},"Key":{"status":"VALUE","value":"wh_dlc04_infantry_free_company_blood_dismembers"},"Position":{"status":"VALUE","value":[-51.047004699707,527.71295166016,6.0475649833679,0]},"ReloadPercent":{"status":"VALUE","value":0.25555580854416},"ReloadRemainingTime":{"status":"VALUE","value":6.6999979019165},"UnitContext.UniqueUiId":{"status":"VALUE","value":1007}},"index":6,"list":"ManList","mode":"SNAPSHOT","sample":0},"format":"warhammer-vault-cco-probe-v1","kind":"ENTITY","metadata":{"gameVersion":"9.0.2.0","gameVersionSource":"INSTALLER_EXE_VERSION","scenarioId":"CCO_P0_CUSTOM_BATTLE","sessionId":"98c014a5-8c8c-4ed9-aa0c-7e57a45dd48c","staticSnapshotId":"c7bd67f50bb4df4f16254e5e9615324e615debf434c865de014e77e4483471e5","unitSize":"MEDIUM","unitSizeSource":"DECLARED_SETUP"},"runId":"snapshot-3","sequence":268,"sessionId":"98c014a5-8c8c-4ed9-aa0c-7e57a45dd48c:table: 000000046C6B0888:<35.4s>:1790858880:5134.32421875","timestamp":{"status":"VALUE","value":23400}}
<36.5s><23400ms> WH3_RUNTIME_PROBE|{"data":{"fields":{"EntityRecordContext.Key":{"status":"VALUE","value":"wh_dlc04_infantry_free_company_blood_dismembers"},"IsAlive":{"status":"VALUE","value":true},"IsEngine":{"status":"VALUE","value":false},"IsMan":{"status":"VALUE","value":true},"IsReloading":{"status":"VALUE","value":true},"Key":{"status":"VALUE","value":"wh_dlc04_infantry_free_company_blood_dismembers"},"Position":{"status":"VALUE","value":[-53.265247344971,526.85491943359,-4.5025792121887,0]},"ReloadPercent":{"status":"VALUE","value":0.27777796983719},"ReloadRemainingTime":{"status":"VALUE","value":6.4999980926514},"UnitContext.UniqueUiId":{"status":"VALUE","value":1007}},"index":7,"list":"ManList","mode":"SNAPSHOT","sample":0},"format":"warhammer-vault-cco-probe-v1","kind":"ENTITY","metadata":{"gameVersion":"9.0.2.0","gameVersionSource":"INSTALLER_EXE_VERSION","scenarioId":"CCO_P0_CUSTOM_BATTLE","sessionId":"98c014a5-8c8c-4ed9-aa0c-7e57a45dd48c","staticSnapshotId":"c7bd67f50bb4df4f16254e5e9615324e615debf434c865de014e77e4483471e5","unitSize":"MEDIUM","unitSizeSource":"DECLARED_SETUP"},"runId":"snapshot-3","sequence":269,"sessionId":"98c014a5-8c8c-4ed9-aa0c-7e57a45dd48c:table: 000000046C6B0888:<35.4s>:1790858880:5134.32421875","timestamp":{"status":"VALUE","value":23400}}
<36.5s><23400ms> WH3_RUNTIME_PROBE|{"data":{"fields":{"EntityRecordContext.Key":{"status":"VALUE","value":"wh_dlc04_infantry_free_company_blood_dismembers"},"IsAlive":{"status":"VALUE","value":true},"IsEngine":{"status":"VALUE","value":false},"IsMan":{"status":"VALUE","value":true},"IsReloading":{"status":"VALUE","value":true},"Key":{"status":"VALUE","value":"wh_dlc04_infantry_free_company_blood_dismembers"},"Position":{"status":"VALUE","value":[-50.57356262207,527.89910888672,7.9674878120422,0]},"ReloadPercent":{"status":"VALUE","value":0.27777796983719},"ReloadRemainingTime":{"status":"VALUE","value":6.4999980926514},"UnitContext.UniqueUiId":{"status":"VALUE","value":1007}},"index":8,"list":"ManList","mode":"SNAPSHOT","sample":0},"format":"warhammer-vault-cco-probe-v1","kind":"ENTITY","metadata":{"gameVersion":"9.0.2.0","gameVersionSource":"INSTALLER_EXE_VERSION","scenarioId":"CCO_P0_CUSTOM_BATTLE","sessionId":"98c014a5-8c8c-4ed9-aa0c-7e57a45dd48c","staticSnapshotId":"c7bd67f50bb4df4f16254e5e9615324e615debf434c865de014e77e4483471e5","unitSize":"MEDIUM","unitSizeSource":"DECLARED_SETUP"},"runId":"snapshot-3","sequence":270,"sessionId":"98c014a5-8c8c-4ed9-aa0c-7e57a45dd48c:table: 000000046C6B0888:<35.4s>:1790858880:5134.32421875","timestamp":{"status":"VALUE","value":23400}}
<36.5s><23400ms> WH3_RUNTIME_PROBE|{"data":{"fields":{"EntityRecordContext.Key":{"status":"VALUE","value":"wh_dlc04_infantry_free_company_blood_dismembers"},"IsAlive":{"status":"VALUE","value":true},"IsEngine":{"status":"VALUE","value":false},"IsMan":{"status":"VALUE","value":true},"IsReloading":{"status":"VALUE","value":true},"Key":{"status":"VALUE","value":"wh_dlc04_infantry_free_company_blood_dismembers"},"Position":{"status":"VALUE","value":[-53.500686645508,526.71746826172,-6.6996369361877,0]},"ReloadPercent":{"status":"VALUE","value":0.27777796983719},"ReloadRemainingTime":{"status":"VALUE","value":6.4999980926514},"UnitContext.UniqueUiId":{"status":"VALUE","value":1007}},"index":9,"list":"ManList","mode":"SNAPSHOT","sample":0},"format":"warhammer-vault-cco-probe-v1","kind":"ENTITY","metadata":{"gameVersion":"9.0.2.0","gameVersionSource":"INSTALLER_EXE_VERSION","scenarioId":"CCO_P0_CUSTOM_BATTLE","sessionId":"98c014a5-8c8c-4ed9-aa0c-7e57a45dd48c","staticSnapshotId":"c7bd67f50bb4df4f16254e5e9615324e615debf434c865de014e77e4483471e5","unitSize":"MEDIUM","unitSizeSource":"DECLARED_SETUP"},"runId":"snapshot-3","sequence":271,"sessionId":"98c014a5-8c8c-4ed9-aa0c-7e57a45dd48c:table: 000000046C6B0888:<35.4s>:1790858880:5134.32421875","timestamp":{"status":"VALUE","value":23400}}
<36.5s><23400ms> WH3_RUNTIME_PROBE|{"data":{"fields":{"EntityRecordContext.Key":{"status":"VALUE","value":"wh_dlc04_infantry_free_company_blood_dismembers"},"IsAlive":{"status":"VALUE","value":true},"IsEngine":{"status":"VALUE","value":false},"IsMan":{"status":"VALUE","value":true},"IsReloading":{"status":"VALUE","value":true},"Key":{"status":"VALUE","value":"wh_dlc04_infantry_free_company_blood_dismembers"},"Position":{"status":"VALUE","value":[-50.6399269104,528.02423095703,9.2645711898804,0]},"ReloadPercent":{"status":"VALUE","value":0.5},"ReloadRemainingTime":{"status":"VALUE","value":4.5},"UnitContext.UniqueUiId":{"status":"VALUE","value":1007}},"index":10,"list":"ManList","mode":"SNAPSHOT","sample":0},"format":"warhammer-vault-cco-probe-v1","kind":"ENTITY","metadata":{"gameVersion":"9.0.2.0","gameVersionSource":"INSTALLER_EXE_VERSION","scenarioId":"CCO_P0_CUSTOM_BATTLE","sessionId":"98c014a5-8c8c-4ed9-aa0c-7e57a45dd48c","staticSnapshotId":"c7bd67f50bb4df4f16254e5e9615324e615debf434c865de014e77e4483471e5","unitSize":"MEDIUM","unitSizeSource":"DECLARED_SETUP"},"runId":"snapshot-3","sequence":272,"sessionId":"98c014a5-8c8c-4ed9-aa0c-7e57a45dd48c:table: 000000046C6B0888:<35.4s>:1790858880:5134.32421875","timestamp":{"status":"VALUE","value":23400}}
<36.5s><23400ms> WH3_RUNTIME_PROBE|{"data":{"fields":{"EntityRecordContext.Key":{"status":"VALUE","value":"wh_dlc04_infantry_free_company_blood_dismembers"},"IsAlive":{"status":"VALUE","value":true},"IsEngine":{"status":"VALUE","value":false},"IsMan":{"status":"VALUE","value":true},"IsReloading":{"status":"VALUE","value":true},"Key":{"status":"VALUE","value":"wh_dlc04_infantry_free_company_blood_dismembers"},"Position":{"status":"VALUE","value":[-54.002944946289,526.6728515625,-7.9051084518433,0]},"ReloadPercent":{"status":"VALUE","value":0.27777796983719},"ReloadRemainingTime":{"status":"VALUE","value":6.4999980926514},"UnitContext.UniqueUiId":{"status":"VALUE","value":1007}},"index":11,"list":"ManList","mode":"SNAPSHOT","sample":0},"format":"warhammer-vault-cco-probe-v1","kind":"ENTITY","metadata":{"gameVersion":"9.0.2.0","gameVersionSource":"INSTALLER_EXE_VERSION","scenarioId":"CCO_P0_CUSTOM_BATTLE","sessionId":"98c014a5-8c8c-4ed9-aa0c-7e57a45dd48c","staticSnapshotId":"c7bd67f50bb4df4f16254e5e9615324e615debf434c865de014e77e4483471e5","unitSize":"MEDIUM","unitSizeSource":"DECLARED_SETUP"},"runId":"snapshot-3","sequence":273,"sessionId":"98c014a5-8c8c-4ed9-aa0c-7e57a45dd48c:table: 000000046C6B0888:<35.4s>:1790858880:5134.32421875","timestamp":{"status":"VALUE","value":23400}}
<36.5s><23400ms> WH3_RUNTIME_PROBE|{"data":{"fields":{"EntityRecordContext.Key":{"status":"VALUE","value":"wh_dlc04_infantry_free_company_blood_dismembers"},"IsAlive":{"status":"VALUE","value":true},"IsEngine":{"status":"VALUE","value":false},"IsMan":{"status":"VALUE","value":true},"IsReloading":{"status":"VALUE","value":true},"Key":{"status":"VALUE","value":"wh_dlc04_infantry_free_company_blood_dismembers"},"Position":{"status":"VALUE","value":[-50.64762878418,528.1806640625,11.158812522888,0]},"ReloadPercent":{"status":"VALUE","value":0.58888876438141},"ReloadRemainingTime":{"status":"VALUE","value":3.7000007629395},"UnitContext.UniqueUiId":{"status":"VALUE","value":1007}},"index":12,"list":"ManList","mode":"SNAPSHOT","sample":0},"format":"warhammer-vault-cco-probe-v1","kind":"ENTITY","metadata":{"gameVersion":"9.0.2.0","gameVersionSource":"INSTALLER_EXE_VERSION","scenarioId":"CCO_P0_CUSTOM_BATTLE","sessionId":"98c014a5-8c8c-4ed9-aa0c-7e57a45dd48c","staticSnapshotId":"c7bd67f50bb4df4f16254e5e9615324e615debf434c865de014e77e4483471e5","unitSize":"MEDIUM","unitSizeSource":"DECLARED_SETUP"},"runId":"snapshot-3","sequence":274,"sessionId":"98c014a5-8c8c-4ed9-aa0c-7e57a45dd48c:table: 000000046C6B0888:<35.4s>:1790858880:5134.32421875","timestamp":{"status":"VALUE","value":23400}}
<36.5s><23400ms> WH3_RUNTIME_PROBE|{"data":{"fields":{"EntityRecordContext.Key":{"status":"VALUE","value":"wh_dlc04_infantry_free_company_blood_dismembers"},"IsAlive":{"status":"VALUE","value":true},"IsEngine":{"status":"VALUE","value":false},"IsMan":{"status":"VALUE","value":true},"IsReloading":{"status":"VALUE","value":true},"Key":{"status":"VALUE","value":"wh_dlc04_infantry_free_company_blood_dismembers"},"Position":{"status":"VALUE","value":[-54.241104125977,526.61010742188,-9.1831007003784,0]},"ReloadPercent":{"status":"VALUE","value":0.27777796983719},"ReloadRemainingTime":{"status":"VALUE","value":6.4999980926514},"UnitContext.UniqueUiId":{"status":"VALUE","value":1007}},"index":13,"list":"ManList","mode":"SNAPSHOT","sample":0},"format":"warhammer-vault-cco-probe-v1","kind":"ENTITY","metadata":{"gameVersion":"9.0.2.0","gameVersionSource":"INSTALLER_EXE_VERSION","scenarioId":"CCO_P0_CUSTOM_BATTLE","sessionId":"98c014a5-8c8c-4ed9-aa0c-7e57a45dd48c","staticSnapshotId":"c7bd67f50bb4df4f16254e5e9615324e615debf434c865de014e77e4483471e5","unitSize":"MEDIUM","unitSizeSource":"DECLARED_SETUP"},"runId":"snapshot-3","sequence":275,"sessionId":"98c014a5-8c8c-4ed9-aa0c-7e57a45dd48c:table: 000000046C6B0888:<35.4s>:1790858880:5134.32421875","timestamp":{"status":"VALUE","value":23400}}
<36.5s><23400ms> WH3_RUNTIME_PROBE|{"data":{"fields":{"EntityRecordContext.Key":{"status":"VALUE","value":"wh_dlc04_infantry_free_company_blood_dismembers"},"IsAlive":{"status":"VALUE","value":true},"IsEngine":{"status":"VALUE","value":false},"IsMan":{"status":"VALUE","value":true},"IsReloading":{"status":"VALUE","value":true},"Key":{"status":"VALUE","value":"wh_dlc04_infantry_free_company_blood_dismembers"},"Position":{"status":"VALUE","value":[-49.783695220947,528.28234863281,12.898180961609,0]},"ReloadPercent":{"status":"VALUE","value":0.25555580854416},"ReloadRemainingTime":{"status":"VALUE","value":6.6999979019165},"UnitContext.UniqueUiId":{"status":"VALUE","value":1007}},"index":14,"list":"ManList","mode":"SNAPSHOT","sample":0},"format":"warhammer-vault-cco-probe-v1","kind":"ENTITY","metadata":{"gameVersion":"9.0.2.0","gameVersionSource":"INSTALLER_EXE_VERSION","scenarioId":"CCO_P0_CUSTOM_BATTLE","sessionId":"98c014a5-8c8c-4ed9-aa0c-7e57a45dd48c","staticSnapshotId":"c7bd67f50bb4df4f16254e5e9615324e615debf434c865de014e77e4483471e5","unitSize":"MEDIUM","unitSizeSource":"DECLARED_SETUP"},"runId":"snapshot-3","sequence":276,"sessionId":"98c014a5-8c8c-4ed9-aa0c-7e57a45dd48c:table: 000000046C6B0888:<35.4s>:1790858880:5134.32421875","timestamp":{"status":"VALUE","value":23400}}
<36.5s><23400ms> WH3_RUNTIME_PROBE|{"data":{"fields":{"EntityRecordContext.Key":{"status":"VALUE","value":"wh_dlc04_infantry_free_company_blood_dismembers"},"IsAlive":{"status":"VALUE","value":true},"IsEngine":{"status":"VALUE","value":false},"IsMan":{"status":"VALUE","value":true},"IsReloading":{"status":"VALUE","value":true},"Key":{"status":"VALUE","value":"wh_dlc04_infantry_free_company_blood_dismembers"},"Position":{"status":"VALUE","value":[-50.476078033447,527.23889160156,1.4985253810883,0]},"ReloadPercent":{"status":"VALUE","value":0.27777796983719},"ReloadRemainingTime":{"status":"VALUE","value":6.4999980926514},"UnitContext.UniqueUiId":{"status":"VALUE","value":1007}},"index":15,"list":"ManList","mode":"SNAPSHOT","sample":0},"format":"warhammer-vault-cco-probe-v1","kind":"ENTITY","metadata":{"gameVersion":"9.0.2.0","gameVersionSource":"INSTALLER_EXE_VERSION","scenarioId":"CCO_P0_CUSTOM_BATTLE","sessionId":"98c014a5-8c8c-4ed9-aa0c-7e57a45dd48c","staticSnapshotId":"c7bd67f50bb4df4f16254e5e9615324e615debf434c865de014e77e4483471e5","unitSize":"MEDIUM","unitSizeSource":"DECLARED_SETUP"},"runId":"snapshot-3","sequence":277,"sessionId":"98c014a5-8c8c-4ed9-aa0c-7e57a45dd48c:table: 000000046C6B0888:<35.4s>:1790858880:5134.32421875","timestamp":{"status":"VALUE","value":23400}}
<36.5s><23400ms> WH3_RUNTIME_PROBE|{"data":{"fields":{"EntityRecordContext.Key":{"status":"VALUE","value":"wh_dlc04_infantry_free_company_blood_dismembers"},"IsAlive":{"status":"VALUE","value":true},"IsEngine":{"status":"VALUE","value":false},"IsMan":{"status":"VALUE","value":true},"IsReloading":{"status":"VALUE","value":true},"Key":{"status":"VALUE","value":"wh_dlc04_infantry_free_company_blood_dismembers"},"Position":{"status":"VALUE","value":[-49.926246643066,527.34020996094,2.6746597290039,0]},"ReloadPercent":{"status":"VALUE","value":0.27777796983719},"ReloadRemainingTime":{"status":"VALUE","value":6.4999980926514},"UnitContext.UniqueUiId":{"status":"VALUE","value":1007}},"index":16,"list":"ManList","mode":"SNAPSHOT","sample":0},"format":"warhammer-vault-cco-probe-v1","kind":"ENTITY","metadata":{"gameVersion":"9.0.2.0","gameVersionSource":"INSTALLER_EXE_VERSION","scenarioId":"CCO_P0_CUSTOM_BATTLE","sessionId":"98c014a5-8c8c-4ed9-aa0c-7e57a45dd48c","staticSnapshotId":"c7bd67f50bb4df4f16254e5e9615324e615debf434c865de014e77e4483471e5","unitSize":"MEDIUM","unitSizeSource":"DECLARED_SETUP"},"runId":"snapshot-3","sequence":278,"sessionId":"98c014a5-8c8c-4ed9-aa0c-7e57a45dd48c:table: 000000046C6B0888:<35.4s>:1790858880:5134.32421875","timestamp":{"status":"VALUE","value":23400}}
<36.5s><23400ms> WH3_RUNTIME_PROBE|{"data":{"fields":{"EntityRecordContext.Key":{"status":"VALUE","value":"wh_dlc04_infantry_free_company_blood_dismembers"},"IsAlive":{"status":"VALUE","value":true},"IsEngine":{"status":"VALUE","value":false},"IsMan":{"status":"VALUE","value":true},"IsReloading":{"status":"VALUE","value":true},"Key":{"status":"VALUE","value":"wh_dlc04_infantry_free_company_blood_dismembers"},"Position":{"status":"VALUE","value":[-51.004505157471,527.07653808594,-0.43131446838379,0]},"ReloadPercent":{"status":"VALUE","value":0.27777796983719},"ReloadRemainingTime":{"status":"VALUE","value":6.4999980926514},"UnitContext.UniqueUiId":{"status":"VALUE","value":1007}},"index":17,"list":"ManList","mode":"SNAPSHOT","sample":0},"format":"warhammer-vault-cco-probe-v1","kind":"ENTITY","metadata":{"gameVersion":"9.0.2.0","gameVersionSource":"INSTALLER_EXE_VERSION","scenarioId":"CCO_P0_CUSTOM_BATTLE","sessionId":"98c014a5-8c8c-4ed9-aa0c-7e57a45dd48c","staticSnapshotId":"c7bd67f50bb4df4f16254e5e9615324e615debf434c865de014e77e4483471e5","unitSize":"MEDIUM","unitSizeSource":"DECLARED_SETUP"},"runId":"snapshot-3","sequence":279,"sessionId":"98c014a5-8c8c-4ed9-aa0c-7e57a45dd48c:table: 000000046C6B0888:<35.4s>:1790858880:5134.32421875","timestamp":{"status":"VALUE","value":23400}}
<36.5s><23400ms> WH3_RUNTIME_PROBE|{"data":{"fields":{"EntityRecordContext.Key":{"status":"VALUE","value":"wh_dlc04_infantry_free_company_blood_dismembers"},"IsAlive":{"status":"VALUE","value":true},"IsEngine":{"status":"VALUE","value":false},"IsMan":{"status":"VALUE","value":true},"IsReloading":{"status":"VALUE","value":true},"Key":{"status":"VALUE","value":"wh_dlc04_infantry_free_company_blood_dismembers"},"Position":{"status":"VALUE","value":[-50.051181793213,527.56127929688,4.7066330909729,0]},"ReloadPercent":{"status":"VALUE","value":0.25555580854416},"ReloadRemainingTime":{"status":"VALUE","value":6.6999979019165},"UnitContext.UniqueUiId":{"status":"VALUE","value":1007}},"index":18,"list":"ManList","mode":"SNAPSHOT","sample":0},"format":"warhammer-vault-cco-probe-v1","kind":"ENTITY","metadata":{"gameVersion":"9.0.2.0","gameVersionSource":"INSTALLER_EXE_VERSION","scenarioId":"CCO_P0_CUSTOM_BATTLE","sessionId":"98c014a5-8c8c-4ed9-aa0c-7e57a45dd48c","staticSnapshotId":"c7bd67f50bb4df4f16254e5e9615324e615debf434c865de014e77e4483471e5","unitSize":"MEDIUM","unitSizeSource":"DECLARED_SETUP"},"runId":"snapshot-3","sequence":280,"sessionId":"98c014a5-8c8c-4ed9-aa0c-7e57a45dd48c:table: 000000046C6B0888:<35.4s>:1790858880:5134.32421875","timestamp":{"status":"VALUE","value":23400}}
<36.5s><23400ms> WH3_RUNTIME_PROBE|{"data":{"fields":{"EntityRecordContext.Key":{"status":"VALUE","value":"wh_dlc04_infantry_free_company_blood_dismembers"},"IsAlive":{"status":"VALUE","value":true},"IsEngine":{"status":"VALUE","value":false},"IsMan":{"status":"VALUE","value":true},"IsReloading":{"status":"VALUE","value":true},"Key":{"status":"VALUE","value":"wh_dlc04_infantry_free_company_blood_dismembers"},"Position":{"status":"VALUE","value":[-50.609157562256,526.91223144531,-2.0205965042114,0]},"ReloadPercent":{"status":"VALUE","value":0.27777796983719},"ReloadRemainingTime":{"status":"VALUE","value":6.4999980926514},"UnitContext.UniqueUiId":{"status":"VALUE","value":1007}},"index":19,"list":"ManList","mode":"SNAPSHOT","sample":0},"format":"warhammer-vault-cco-probe-v1","kind":"ENTITY","metadata":{"gameVersion":"9.0.2.0","gameVersionSource":"INSTALLER_EXE_VERSION","scenarioId":"CCO_P0_CUSTOM_BATTLE","sessionId":"98c014a5-8c8c-4ed9-aa0c-7e57a45dd48c","staticSnapshotId":"c7bd67f50bb4df4f16254e5e9615324e615debf434c865de014e77e4483471e5","unitSize":"MEDIUM","unitSizeSource":"DECLARED_SETUP"},"runId":"snapshot-3","sequence":281,"sessionId":"98c014a5-8c8c-4ed9-aa0c-7e57a45dd48c:table: 000000046C6B0888:<35.4s>:1790858880:5134.32421875","timestamp":{"status":"VALUE","value":23400}}
<36.5s><23400ms> WH3_RUNTIME_PROBE|{"data":{"fields":{"EntityRecordContext.Key":{"status":"VALUE","value":"wh_dlc04_infantry_free_company_blood_dismembers"},"IsAlive":{"status":"VALUE","value":true},"IsEngine":{"status":"VALUE","value":false},"IsMan":{"status":"VALUE","value":true},"IsReloading":{"status":"VALUE","value":true},"Key":{"status":"VALUE","value":"wh_dlc04_infantry_free_company_blood_dismembers"},"Position":{"status":"VALUE","value":[-49.510860443115,527.70642089844,6.2386684417725,0]},"ReloadPercent":{"status":"VALUE","value":0.27777796983719},"ReloadRemainingTime":{"status":"VALUE","value":6.4999980926514},"UnitContext.UniqueUiId":{"status":"VALUE","value":1007}},"index":20,"list":"ManList","mode":"SNAPSHOT","sample":0},"format":"warhammer-vault-cco-probe-v1","kind":"ENTITY","metadata":{"gameVersion":"9.0.2.0","gameVersionSource":"INSTALLER_EXE_VERSION","scenarioId":"CCO_P0_CUSTOM_BATTLE","sessionId":"98c014a5-8c8c-4ed9-aa0c-7e57a45dd48c","staticSnapshotId":"c7bd67f50bb4df4f16254e5e9615324e615debf434c865de014e77e4483471e5","unitSize":"MEDIUM","unitSizeSource":"DECLARED_SETUP"},"runId":"snapshot-3","sequence":282,"sessionId":"98c014a5-8c8c-4ed9-aa0c-7e57a45dd48c:table: 000000046C6B0888:<35.4s>:1790858880:5134.32421875","timestamp":{"status":"VALUE","value":23400}}
<36.5s><23400ms> WH3_RUNTIME_PROBE|{"data":{"fields":{"EntityRecordContext.Key":{"status":"VALUE","value":"wh_dlc04_infantry_free_company_blood_dismembers"},"IsAlive":{"status":"VALUE","value":true},"IsEngine":{"status":"VALUE","value":false},"IsMan":{"status":"VALUE","value":true},"IsReloading":{"status":"VALUE","value":true},"Key":{"status":"VALUE","value":"wh_dlc04_infantry_free_company_blood_dismembers"},"Position":{"status":"VALUE","value":[-51.016628265381,526.82800292969,-3.2866220474243,0]},"ReloadPercent":{"status":"VALUE","value":0.58888876438141},"ReloadRemainingTime":{"status":"VALUE","value":3.7000007629395},"UnitContext.UniqueUiId":{"status":"VALUE","value":1007}},"index":21,"list":"ManList","mode":"SNAPSHOT","sample":0},"format":"warhammer-vault-cco-probe-v1","kind":"ENTITY","metadata":{"gameVersion":"9.0.2.0","gameVersionSource":"INSTALLER_EXE_VERSION","scenarioId":"CCO_P0_CUSTOM_BATTLE","sessionId":"98c014a5-8c8c-4ed9-aa0c-7e57a45dd48c","staticSnapshotId":"c7bd67f50bb4df4f16254e5e9615324e615debf434c865de014e77e4483471e5","unitSize":"MEDIUM","unitSizeSource":"DECLARED_SETUP"},"runId":"snapshot-3","sequence":283,"sessionId":"98c014a5-8c8c-4ed9-aa0c-7e57a45dd48c:table: 000000046C6B0888:<35.4s>:1790858880:5134.32421875","timestamp":{"status":"VALUE","value":23400}}
<36.5s><23400ms> WH3_RUNTIME_PROBE|{"data":{"fields":{"EntityRecordContext.Key":{"status":"VALUE","value":"wh_dlc04_infantry_free_company_blood_dismembers"},"IsAlive":{"status":"VALUE","value":true},"IsEngine":{"status":"VALUE","value":false},"IsMan":{"status":"VALUE","value":true},"IsReloading":{"status":"VALUE","value":true},"Key":{"status":"VALUE","value":"wh_dlc04_infantry_free_company_blood_dismembers"},"Position":{"status":"VALUE","value":[-49.345443725586,527.8359375,7.5439453125,0]},"ReloadPercent":{"status":"VALUE","value":0.54444444179535},"ReloadRemainingTime":{"status":"VALUE","value":4.1000003814697},"UnitContext.UniqueUiId":{"status":"VALUE","value":1007}},"index":22,"list":"ManList","mode":"SNAPSHOT","sample":0},"format":"warhammer-vault-cco-probe-v1","kind":"ENTITY","metadata":{"gameVersion":"9.0.2.0","gameVersionSource":"INSTALLER_EXE_VERSION","scenarioId":"CCO_P0_CUSTOM_BATTLE","sessionId":"98c014a5-8c8c-4ed9-aa0c-7e57a45dd48c","staticSnapshotId":"c7bd67f50bb4df4f16254e5e9615324e615debf434c865de014e77e4483471e5","unitSize":"MEDIUM","unitSizeSource":"DECLARED_SETUP"},"runId":"snapshot-3","sequence":284,"sessionId":"98c014a5-8c8c-4ed9-aa0c-7e57a45dd48c:table: 000000046C6B0888:<35.4s>:1790858880:5134.32421875","timestamp":{"status":"VALUE","value":23400}}
<36.5s><23400ms> WH3_RUNTIME_PROBE|{"data":{"fields":{"EntityRecordContext.Key":{"status":"VALUE","value":"wh_dlc04_infantry_free_company_blood_dismembers"},"IsAlive":{"status":"VALUE","value":true},"IsEngine":{"status":"VALUE","value":false},"IsMan":{"status":"VALUE","value":true},"IsReloading":{"status":"VALUE","value":true},"Key":{"status":"VALUE","value":"wh_dlc04_infantry_free_company_blood_dismembers"},"Position":{"status":"VALUE","value":[-51.36600112915,526.74780273438,-4.5387921333313,0]},"ReloadPercent":{"status":"VALUE","value":0.56666660308838},"ReloadRemainingTime":{"status":"VALUE","value":3.9000005722046},"UnitContext.UniqueUiId":{"status":"VALUE","value":1007}},"index":23,"list":"ManList","mode":"SNAPSHOT","sample":0},"format":"warhammer-vault-cco-probe-v1","kind":"ENTITY","metadata":{"gameVersion":"9.0.2.0","gameVersionSource":"INSTALLER_EXE_VERSION","scenarioId":"CCO_P0_CUSTOM_BATTLE","sessionId":"98c014a5-8c8c-4ed9-aa0c-7e57a45dd48c","staticSnapshotId":"c7bd67f50bb4df4f16254e5e9615324e615debf434c865de014e77e4483471e5","unitSize":"MEDIUM","unitSizeSource":"DECLARED_SETUP"},"runId":"snapshot-3","sequence":285,"sessionId":"98c014a5-8c8c-4ed9-aa0c-7e57a45dd48c:table: 000000046C6B0888:<35.4s>:1790858880:5134.32421875","timestamp":{"status":"VALUE","value":23400}}
<36.5s><23400ms> WH3_RUNTIME_PROBE|{"data":{"fields":{"EntityRecordContext.Key":{"status":"VALUE","value":"wh_dlc04_infantry_free_company_blood_dismembers"},"IsAlive":{"status":"VALUE","value":true},"IsEngine":{"status":"VALUE","value":false},"IsMan":{"status":"VALUE","value":true},"IsReloading":{"status":"VALUE","value":false},"Key":{"status":"VALUE","value":"wh_dlc04_infantry_free_company_blood_dismembers"},"Position":{"status":"VALUE","value":[-48.957332611084,527.97387695313,9.0979661941528,0]},"ReloadPercent":{"status":"VALUE","value":1},"ReloadRemainingTime":{"status":"VALUE","value":0},"UnitContext.UniqueUiId":{"status":"VALUE","value":1007}},"index":24,"list":"ManList","mode":"SNAPSHOT","sample":0},"format":"warhammer-vault-cco-probe-v1","kind":"ENTITY","metadata":{"gameVersion":"9.0.2.0","gameVersionSource":"INSTALLER_EXE_VERSION","scenarioId":"CCO_P0_CUSTOM_BATTLE","sessionId":"98c014a5-8c8c-4ed9-aa0c-7e57a45dd48c","staticSnapshotId":"c7bd67f50bb4df4f16254e5e9615324e615debf434c865de014e77e4483471e5","unitSize":"MEDIUM","unitSizeSource":"DECLARED_SETUP"},"runId":"snapshot-3","sequence":286,"sessionId":"98c014a5-8c8c-4ed9-aa0c-7e57a45dd48c:table: 000000046C6B0888:<35.4s>:1790858880:5134.32421875","timestamp":{"status":"VALUE","value":23400}}
<36.5s><23400ms> WH3_RUNTIME_PROBE|{"data":{"fields":{"EntityRecordContext.Key":{"status":"VALUE","value":"wh_dlc04_infantry_free_company_blood_dismembers"},"IsAlive":{"status":"VALUE","value":true},"IsEngine":{"status":"VALUE","value":false},"IsMan":{"status":"VALUE","value":true},"IsReloading":{"status":"VALUE","value":true},"Key":{"status":"VALUE","value":"wh_dlc04_infantry_free_company_blood_dismembers"},"Position":{"status":"VALUE","value":[-51.607734680176,526.62286376953,-6.4003648757935,0]},"ReloadPercent":{"status":"VALUE","value":0.55555546283722},"ReloadRemainingTime":{"status":"VALUE","value":4.0000004768372},"UnitContext.UniqueUiId":{"status":"VALUE","value":1007}},"index":25,"list":"ManList","mode":"SNAPSHOT","sample":0},"format":"warhammer-vault-cco-probe-v1","kind":"ENTITY","metadata":{"gameVersion":"9.0.2.0","gameVersionSource":"INSTALLER_EXE_VERSION","scenarioId":"CCO_P0_CUSTOM_BATTLE","sessionId":"98c014a5-8c8c-4ed9-aa0c-7e57a45dd48c","staticSnapshotId":"c7bd67f50bb4df4f16254e5e9615324e615debf434c865de014e77e4483471e5","unitSize":"MEDIUM","unitSizeSource":"DECLARED_SETUP"},"runId":"snapshot-3","sequence":287,"sessionId":"98c014a5-8c8c-4ed9-aa0c-7e57a45dd48c:table: 000000046C6B0888:<35.4s>:1790858880:5134.32421875","timestamp":{"status":"VALUE","value":23400}}
<36.5s><23400ms> WH3_RUNTIME_PROBE|{"data":{"fields":{"EntityRecordContext.Key":{"status":"VALUE","value":"wh_dlc04_infantry_free_company_blood_dismembers"},"IsAlive":{"status":"VALUE","value":true},"IsEngine":{"status":"VALUE","value":false},"IsMan":{"status":"VALUE","value":true},"IsReloading":{"status":"VALUE","value":true},"Key":{"status":"VALUE","value":"wh_dlc04_infantry_free_company_blood_dismembers"},"Position":{"status":"VALUE","value":[-48.919044494629,528.11926269531,10.874157905579,0]},"ReloadPercent":{"status":"VALUE","value":0.55555546283722},"ReloadRemainingTime":{"status":"VALUE","value":4.0000004768372},"UnitContext.UniqueUiId":{"status":"VALUE","value":1007}},"index":26,"list":"ManList","mode":"SNAPSHOT","sample":0},"format":"warhammer-vault-cco-probe-v1","kind":"ENTITY","metadata":{"gameVersion":"9.0.2.0","gameVersionSource":"INSTALLER_EXE_VERSION","scenarioId":"CCO_P0_CUSTOM_BATTLE","sessionId":"98c014a5-8c8c-4ed9-aa0c-7e57a45dd48c","staticSnapshotId":"c7bd67f50bb4df4f16254e5e9615324e615debf434c865de014e77e4483471e5","unitSize":"MEDIUM","unitSizeSource":"DECLARED_SETUP"},"runId":"snapshot-3","sequence":288,"sessionId":"98c014a5-8c8c-4ed9-aa0c-7e57a45dd48c:table: 000000046C6B0888:<35.4s>:1790858880:5134.32421875","timestamp":{"status":"VALUE","value":23400}}
<36.5s><23400ms> WH3_RUNTIME_PROBE|{"data":{"fields":{"EntityRecordContext.Key":{"status":"VALUE","value":"wh_dlc04_infantry_free_company_blood_dismembers"},"IsAlive":{"status":"VALUE","value":true},"IsEngine":{"status":"VALUE","value":false},"IsMan":{"status":"VALUE","value":true},"IsReloading":{"status":"VALUE","value":true},"Key":{"status":"VALUE","value":"wh_dlc04_infantry_free_company_blood_dismembers"},"Position":{"status":"VALUE","value":[-52.033737182617,526.5654296875,-7.6417093276978,0]},"ReloadPercent":{"status":"VALUE","value":0.27777796983719},"ReloadRemainingTime":{"status":"VALUE","value":6.4999980926514},"UnitContext.UniqueUiId":{"status":"VALUE","value":1007}},"index":27,"list":"ManList","mode":"SNAPSHOT","sample":0},"format":"warhammer-vault-cco-probe-v1","kind":"ENTITY","metadata":{"gameVersion":"9.0.2.0","gameVersionSource":"INSTALLER_EXE_VERSION","scenarioId":"CCO_P0_CUSTOM_BATTLE","sessionId":"98c014a5-8c8c-4ed9-aa0c-7e57a45dd48c","staticSnapshotId":"c7bd67f50bb4df4f16254e5e9615324e615debf434c865de014e77e4483471e5","unitSize":"MEDIUM","unitSizeSource":"DECLARED_SETUP"},"runId":"snapshot-3","sequence":289,"sessionId":"98c014a5-8c8c-4ed9-aa0c-7e57a45dd48c:table: 000000046C6B0888:<35.4s>:1790858880:5134.32421875","timestamp":{"status":"VALUE","value":23400}}
<36.5s><23400ms> WH3_RUNTIME_PROBE|{"data":{"fields":{"EntityRecordContext.Key":{"status":"VALUE","value":"wh_dlc04_infantry_free_company_blood_dismembers"},"IsAlive":{"status":"VALUE","value":true},"IsEngine":{"status":"VALUE","value":false},"IsMan":{"status":"VALUE","value":true},"IsReloading":{"status":"VALUE","value":true},"Key":{"status":"VALUE","value":"wh_dlc04_infantry_free_company_blood_dismembers"},"Position":{"status":"VALUE","value":[-48.449356079102,528.21899414063,12.791007041931,0]},"ReloadPercent":{"status":"VALUE","value":0.20000028610229},"ReloadRemainingTime":{"status":"VALUE","value":7.1999974250793},"UnitContext.UniqueUiId":{"status":"VALUE","value":1007}},"index":28,"list":"ManList","mode":"SNAPSHOT","sample":0},"format":"warhammer-vault-cco-probe-v1","kind":"ENTITY","metadata":{"gameVersion":"9.0.2.0","gameVersionSource":"INSTALLER_EXE_VERSION","scenarioId":"CCO_P0_CUSTOM_BATTLE","sessionId":"98c014a5-8c8c-4ed9-aa0c-7e57a45dd48c","staticSnapshotId":"c7bd67f50bb4df4f16254e5e9615324e615debf434c865de014e77e4483471e5","unitSize":"MEDIUM","unitSizeSource":"DECLARED_SETUP"},"runId":"snapshot-3","sequence":290,"sessionId":"98c014a5-8c8c-4ed9-aa0c-7e57a45dd48c:table: 000000046C6B0888:<35.4s>:1790858880:5134.32421875","timestamp":{"status":"VALUE","value":23400}}
<36.5s><23400ms> WH3_RUNTIME_PROBE|{"data":{"fields":{"EntityRecordContext.Key":{"status":"VALUE","value":"wh_dlc04_infantry_free_company_blood_dismembers"},"IsAlive":{"status":"VALUE","value":true},"IsEngine":{"status":"VALUE","value":false},"IsMan":{"status":"VALUE","value":true},"IsReloading":{"status":"VALUE","value":true},"Key":{"status":"VALUE","value":"wh_dlc04_infantry_free_company_blood_dismembers"},"Position":{"status":"VALUE","value":[-52.585960388184,526.4990234375,-9.2311143875122,0]},"ReloadPercent":{"status":"VALUE","value":0.27777796983719},"ReloadRemainingTime":{"status":"VALUE","value":6.4999980926514},"UnitContext.UniqueUiId":{"status":"VALUE","value":1007}},"index":29,"list":"ManList","mode":"SNAPSHOT","sample":0},"format":"warhammer-vault-cco-probe-v1","kind":"ENTITY","metadata":{"gameVersion":"9.0.2.0","gameVersionSource":"INSTALLER_EXE_VERSION","scenarioId":"CCO_P0_CUSTOM_BATTLE","sessionId":"98c014a5-8c8c-4ed9-aa0c-7e57a45dd48c","staticSnapshotId":"c7bd67f50bb4df4f16254e5e9615324e615debf434c865de014e77e4483471e5","unitSize":"MEDIUM","unitSizeSource":"DECLARED_SETUP"},"runId":"snapshot-3","sequence":291,"sessionId":"98c014a5-8c8c-4ed9-aa0c-7e57a45dd48c:table: 000000046C6B0888:<35.4s>:1790858880:5134.32421875","timestamp":{"status":"VALUE","value":23400}}
<36.5s><23400ms> WH3_RUNTIME_PROBE|{"data":{"fields":{"EntityRecordContext.Key":{"status":"VALUE","value":"wh_dlc04_infantry_free_company_blood_dismembers"},"IsAlive":{"status":"VALUE","value":true},"IsEngine":{"status":"VALUE","value":false},"IsMan":{"status":"VALUE","value":true},"IsReloading":{"status":"VALUE","value":true},"Key":{"status":"VALUE","value":"wh_dlc04_infantry_free_company_blood_dismembers"},"Position":{"status":"VALUE","value":[-48.303157806396,527.05883789063,0.73849773406982,0]},"ReloadPercent":{"status":"VALUE","value":0.27777796983719},"ReloadRemainingTime":{"status":"VALUE","value":6.4999980926514},"UnitContext.UniqueUiId":{"status":"VALUE","value":1007}},"index":30,"list":"ManList","mode":"SNAPSHOT","sample":0},"format":"warhammer-vault-cco-probe-v1","kind":"ENTITY","metadata":{"gameVersion":"9.0.2.0","gameVersionSource":"INSTALLER_EXE_VERSION","scenarioId":"CCO_P0_CUSTOM_BATTLE","sessionId":"98c014a5-8c8c-4ed9-aa0c-7e57a45dd48c","staticSnapshotId":"c7bd67f50bb4df4f16254e5e9615324e615debf434c865de014e77e4483471e5","unitSize":"MEDIUM","unitSizeSource":"DECLARED_SETUP"},"runId":"snapshot-3","sequence":292,"sessionId":"98c014a5-8c8c-4ed9-aa0c-7e57a45dd48c:table: 000000046C6B0888:<35.4s>:1790858880:5134.32421875","timestamp":{"status":"VALUE","value":23400}}
<36.5s><23400ms> WH3_RUNTIME_PROBE|{"data":{"fields":{"EntityRecordContext.Key":{"status":"VALUE","value":"wh_dlc04_infantry_free_company_blood_dismembers"},"IsAlive":{"status":"VALUE","value":true},"IsEngine":{"status":"VALUE","value":false},"IsMan":{"status":"VALUE","value":true},"IsReloading":{"status":"VALUE","value":true},"Key":{"status":"VALUE","value":"wh_dlc04_infantry_free_company_blood_dismembers"},"Position":{"status":"VALUE","value":[-49.262210845947,527.01733398438,-0.13883775472641,0]},"ReloadPercent":{"status":"VALUE","value":0.27777796983719},"ReloadRemainingTime":{"status":"VALUE","value":6.4999980926514},"UnitContext.UniqueUiId":{"status":"VALUE","value":1007}},"index":31,"list":"ManList","mode":"SNAPSHOT","sample":0},"format":"warhammer-vault-cco-probe-v1","kind":"ENTITY","metadata":{"gameVersion":"9.0.2.0","gameVersionSource":"INSTALLER_EXE_VERSION","scenarioId":"CCO_P0_CUSTOM_BATTLE","sessionId":"98c014a5-8c8c-4ed9-aa0c-7e57a45dd48c","staticSnapshotId":"c7bd67f50bb4df4f16254e5e9615324e615debf434c865de014e77e4483471e5","unitSize":"MEDIUM","unitSizeSource":"DECLARED_SETUP"},"runId":"snapshot-3","sequence":293,"sessionId":"98c014a5-8c8c-4ed9-aa0c-7e57a45dd48c:table: 000000046C6B0888:<35.4s>:1790858880:5134.32421875","timestamp":{"status":"VALUE","value":23400}}
<36.5s><23400ms> WH3_RUNTIME_PROBE|{"data":{"fields":{"EntityRecordContext.Key":{"status":"VALUE","value":"wh_dlc04_infantry_free_company_blood_dismembers"},"IsAlive":{"status":"VALUE","value":true},"IsEngine":{"status":"VALUE","value":false},"IsMan":{"status":"VALUE","value":true},"IsReloading":{"status":"VALUE","value":true},"Key":{"status":"VALUE","value":"wh_dlc04_infantry_free_company_blood_dismembers"},"Position":{"status":"VALUE","value":[-48.738594055176,527.34729003906,3.1987278461456,0]},"ReloadPercent":{"status":"VALUE","value":0.58888876438141},"ReloadRemainingTime":{"status":"VALUE","value":3.7000007629395},"UnitContext.UniqueUiId":{"status":"VALUE","value":1007}},"index":32,"list":"ManList","mode":"SNAPSHOT","sample":0},"format":"warhammer-vault-cco-probe-v1","kind":"ENTITY","metadata":{"gameVersion":"9.0.2.0","gameVersionSource":"INSTALLER_EXE_VERSION","scenarioId":"CCO_P0_CUSTOM_BATTLE","sessionId":"98c014a5-8c8c-4ed9-aa0c-7e57a45dd48c","staticSnapshotId":"c7bd67f50bb4df4f16254e5e9615324e615debf434c865de014e77e4483471e5","unitSize":"MEDIUM","unitSizeSource":"DECLARED_SETUP"},"runId":"snapshot-3","sequence":294,"sessionId":"98c014a5-8c8c-4ed9-aa0c-7e57a45dd48c:table: 000000046C6B0888:<35.4s>:1790858880:5134.32421875","timestamp":{"status":"VALUE","value":23400}}
<36.5s><23400ms> WH3_RUNTIME_PROBE|{"data":{"fields":{"EntityRecordContext.Key":{"status":"VALUE","value":"wh_dlc04_infantry_free_company_blood_dismembers"},"IsAlive":{"status":"VALUE","value":true},"IsEngine":{"status":"VALUE","value":false},"IsMan":{"status":"VALUE","value":true},"IsReloading":{"status":"VALUE","value":true},"Key":{"status":"VALUE","value":"wh_dlc04_infantry_free_company_blood_dismembers"},"Position":{"status":"VALUE","value":[-49.314514160156,526.85046386719,-1.9033274650574,0]},"ReloadPercent":{"status":"VALUE","value":0.27777796983719},"ReloadRemainingTime":{"status":"VALUE","value":6.4999980926514},"UnitContext.UniqueUiId":{"status":"VALUE","value":1007}},"index":33,"list":"ManList","mode":"SNAPSHOT","sample":0},"format":"warhammer-vault-cco-probe-v1","kind":"ENTITY","metadata":{"gameVersion":"9.0.2.0","gameVersionSource":"INSTALLER_EXE_VERSION","scenarioId":"CCO_P0_CUSTOM_BATTLE","sessionId":"98c014a5-8c8c-4ed9-aa0c-7e57a45dd48c","staticSnapshotId":"c7bd67f50bb4df4f16254e5e9615324e615debf434c865de014e77e4483471e5","unitSize":"MEDIUM","unitSizeSource":"DECLARED_SETUP"},"runId":"snapshot-3","sequence":295,"sessionId":"98c014a5-8c8c-4ed9-aa0c-7e57a45dd48c:table: 000000046C6B0888:<35.4s>:1790858880:5134.32421875","timestamp":{"status":"VALUE","value":23400}}
<36.5s><23400ms> WH3_RUNTIME_PROBE|{"data":{"fields":{"EntityRecordContext.Key":{"status":"VALUE","value":"wh_dlc04_infantry_free_company_blood_dismembers"},"IsAlive":{"status":"VALUE","value":true},"IsEngine":{"status":"VALUE","value":false},"IsMan":{"status":"VALUE","value":true},"IsReloading":{"status":"VALUE","value":true},"Key":{"status":"VALUE","value":"wh_dlc04_infantry_free_company_blood_dismembers"},"Position":{"status":"VALUE","value":[-48.552314758301,527.48382568359,4.4846034049988,0]},"ReloadPercent":{"status":"VALUE","value":0.27777796983719},"ReloadRemainingTime":{"status":"VALUE","value":6.4999980926514},"UnitContext.UniqueUiId":{"status":"VALUE","value":1007}},"index":34,"list":"ManList","mode":"SNAPSHOT","sample":0},"format":"warhammer-vault-cco-probe-v1","kind":"ENTITY","metadata":{"gameVersion":"9.0.2.0","gameVersionSource":"INSTALLER_EXE_VERSION","scenarioId":"CCO_P0_CUSTOM_BATTLE","sessionId":"98c014a5-8c8c-4ed9-aa0c-7e57a45dd48c","staticSnapshotId":"c7bd67f50bb4df4f16254e5e9615324e615debf434c865de014e77e4483471e5","unitSize":"MEDIUM","unitSizeSource":"DECLARED_SETUP"},"runId":"snapshot-3","sequence":296,"sessionId":"98c014a5-8c8c-4ed9-aa0c-7e57a45dd48c:table: 000000046C6B0888:<35.4s>:1790858880:5134.32421875","timestamp":{"status":"VALUE","value":23400}}
<36.5s><23400ms> WH3_RUNTIME_PROBE|{"data":{"fields":{"EntityRecordContext.Key":{"status":"VALUE","value":"wh_dlc04_infantry_free_company_blood_dismembers"},"IsAlive":{"status":"VALUE","value":true},"IsEngine":{"status":"VALUE","value":false},"IsMan":{"status":"VALUE","value":true},"IsReloading":{"status":"VALUE","value":true},"Key":{"status":"VALUE","value":"wh_dlc04_infantry_free_company_blood_dismembers"},"Position":{"status":"VALUE","value":[-49.791980743408,526.71856689453,-3.7223091125488,0]},"ReloadPercent":{"status":"VALUE","value":0.27777796983719},"ReloadRemainingTime":{"status":"VALUE","value":6.4999980926514},"UnitContext.UniqueUiId":{"status":"VALUE","value":1007}},"index":35,"list":"ManList","mode":"SNAPSHOT","sample":0},"format":"warhammer-vault-cco-probe-v1","kind":"ENTITY","metadata":{"gameVersion":"9.0.2.0","gameVersionSource":"INSTALLER_EXE_VERSION","scenarioId":"CCO_P0_CUSTOM_BATTLE","sessionId":"98c014a5-8c8c-4ed9-aa0c-7e57a45dd48c","staticSnapshotId":"c7bd67f50bb4df4f16254e5e9615324e615debf434c865de014e77e4483471e5","unitSize":"MEDIUM","unitSizeSource":"DECLARED_SETUP"},"runId":"snapshot-3","sequence":297,"sessionId":"98c014a5-8c8c-4ed9-aa0c-7e57a45dd48c:table: 000000046C6B0888:<35.4s>:1790858880:5134.32421875","timestamp":{"status":"VALUE","value":23400}}
<36.5s><23400ms> WH3_RUNTIME_PROBE|{"data":{"fields":{"EntityRecordContext.Key":{"status":"VALUE","value":"wh_dlc04_infantry_free_company_blood_dismembers"},"IsAlive":{"status":"VALUE","value":true},"IsEngine":{"status":"VALUE","value":false},"IsMan":{"status":"VALUE","value":true},"IsReloading":{"status":"VALUE","value":true},"Key":{"status":"VALUE","value":"wh_dlc04_infantry_free_company_blood_dismembers"},"Position":{"status":"VALUE","value":[-47.802047729492,527.62072753906,5.9650731086731,0]},"ReloadPercent":{"status":"VALUE","value":0.58888876438141},"ReloadRemainingTime":{"status":"VALUE","value":3.7000007629395},"UnitContext.UniqueUiId":{"status":"VALUE","value":1007}},"index":36,"list":"ManList","mode":"SNAPSHOT","sample":0},"format":"warhammer-vault-cco-probe-v1","kind":"ENTITY","metadata":{"gameVersion":"9.0.2.0","gameVersionSource":"INSTALLER_EXE_VERSION","scenarioId":"CCO_P0_CUSTOM_BATTLE","sessionId":"98c014a5-8c8c-4ed9-aa0c-7e57a45dd48c","staticSnapshotId":"c7bd67f50bb4df4f16254e5e9615324e615debf434c865de014e77e4483471e5","unitSize":"MEDIUM","unitSizeSource":"DECLARED_SETUP"},"runId":"snapshot-3","sequence":298,"sessionId":"98c014a5-8c8c-4ed9-aa0c-7e57a45dd48c:table: 000000046C6B0888:<35.4s>:1790858880:5134.32421875","timestamp":{"status":"VALUE","value":23400}}
<36.5s><23400ms> WH3_RUNTIME_PROBE|{"data":{"fields":{"EntityRecordContext.Key":{"status":"VALUE","value":"wh_dlc04_infantry_free_company_blood_dismembers"},"IsAlive":{"status":"VALUE","value":true},"IsEngine":{"status":"VALUE","value":false},"IsMan":{"status":"VALUE","value":true},"IsReloading":{"status":"VALUE","value":true},"Key":{"status":"VALUE","value":"wh_dlc04_infantry_free_company_blood_dismembers"},"Position":{"status":"VALUE","value":[-50.154354095459,526.63671875,-5.0095319747925,0]},"ReloadPercent":{"status":"VALUE","value":0.27777796983719},"ReloadRemainingTime":{"status":"VALUE","value":6.4999980926514},"UnitContext.UniqueUiId":{"status":"VALUE","value":1007}},"index":37,"list":"ManList","mode":"SNAPSHOT","sample":0},"format":"warhammer-vault-cco-probe-v1","kind":"ENTITY","metadata":{"gameVersion":"9.0.2.0","gameVersionSource":"INSTALLER_EXE_VERSION","scenarioId":"CCO_P0_CUSTOM_BATTLE","sessionId":"98c014a5-8c8c-4ed9-aa0c-7e57a45dd48c","staticSnapshotId":"c7bd67f50bb4df4f16254e5e9615324e615debf434c865de014e77e4483471e5","unitSize":"MEDIUM","unitSizeSource":"DECLARED_SETUP"},"runId":"snapshot-3","sequence":299,"sessionId":"98c014a5-8c8c-4ed9-aa0c-7e57a45dd48c:table: 000000046C6B0888:<35.4s>:1790858880:5134.32421875","timestamp":{"status":"VALUE","value":23400}}
<36.5s><23400ms> WH3_RUNTIME_PROBE|{"data":{"fields":{"EntityRecordContext.Key":{"status":"VALUE","value":"wh_dlc04_infantry_free_company_blood_dismembers"},"IsAlive":{"status":"VALUE","value":true},"IsEngine":{"status":"VALUE","value":false},"IsMan":{"status":"VALUE","value":true},"IsReloading":{"status":"VALUE","value":true},"Key":{"status":"VALUE","value":"wh_dlc04_infantry_free_company_blood_dismembers"},"Position":{"status":"VALUE","value":[-47.463447570801,527.73205566406,7.2310309410095,0]},"ReloadPercent":{"status":"VALUE","value":0.244444668293},"ReloadRemainingTime":{"status":"VALUE","value":6.7999978065491},"UnitContext.UniqueUiId":{"status":"VALUE","value":1007}},"index":38,"list":"ManList","mode":"SNAPSHOT","sample":0},"format":"warhammer-vault-cco-probe-v1","kind":"ENTITY","metadata":{"gameVersion":"9.0.2.0","gameVersionSource":"INSTALLER_EXE_VERSION","scenarioId":"CCO_P0_CUSTOM_BATTLE","sessionId":"98c014a5-8c8c-4ed9-aa0c-7e57a45dd48c","staticSnapshotId":"c7bd67f50bb4df4f16254e5e9615324e615debf434c865de014e77e4483471e5","unitSize":"MEDIUM","unitSizeSource":"DECLARED_SETUP"},"runId":"snapshot-3","sequence":300,"sessionId":"98c014a5-8c8c-4ed9-aa0c-7e57a45dd48c:table: 000000046C6B0888:<35.4s>:1790858880:5134.32421875","timestamp":{"status":"VALUE","value":23400}}
<36.5s><23400ms> WH3_RUNTIME_PROBE|{"data":{"fields":{"EntityRecordContext.Key":{"status":"VALUE","value":"wh_dlc04_infantry_free_company_blood_dismembers"},"IsAlive":{"status":"VALUE","value":true},"IsEngine":{"status":"VALUE","value":false},"IsMan":{"status":"VALUE","value":true},"IsReloading":{"status":"VALUE","value":true},"Key":{"status":"VALUE","value":"wh_dlc04_infantry_free_company_blood_dismembers"},"Position":{"status":"VALUE","value":[-50.343215942383,526.51770019531,-6.7018942832947,0]},"ReloadPercent":{"status":"VALUE","value":0.58888876438141},"ReloadRemainingTime":{"status":"VALUE","value":3.7000007629395},"UnitContext.UniqueUiId":{"status":"VALUE","value":1007}},"index":39,"list":"ManList","mode":"SNAPSHOT","sample":0},"format":"warhammer-vault-cco-probe-v1","kind":"ENTITY","metadata":{"gameVersion":"9.0.2.0","gameVersionSource":"INSTALLER_EXE_VERSION","scenarioId":"CCO_P0_CUSTOM_BATTLE","sessionId":"98c014a5-8c8c-4ed9-aa0c-7e57a45dd48c","staticSnapshotId":"c7bd67f50bb4df4f16254e5e9615324e615debf434c865de014e77e4483471e5","unitSize":"MEDIUM","unitSizeSource":"DECLARED_SETUP"},"runId":"snapshot-3","sequence":301,"sessionId":"98c014a5-8c8c-4ed9-aa0c-7e57a45dd48c:table: 000000046C6B0888:<35.4s>:1790858880:5134.32421875","timestamp":{"status":"VALUE","value":23400}}
<36.5s><23400ms> WH3_RUNTIME_PROBE|{"data":{"fields":{"EntityRecordContext.Key":{"status":"VALUE","value":"wh_dlc04_infantry_free_company_blood_dismembers"},"IsAlive":{"status":"VALUE","value":true},"IsEngine":{"status":"VALUE","value":false},"IsMan":{"status":"VALUE","value":true},"IsReloading":{"status":"VALUE","value":true},"Key":{"status":"VALUE","value":"wh_dlc04_infantry_free_company_blood_dismembers"},"Position":{"status":"VALUE","value":[-47.665855407715,527.94586181641,9.3988027572632,0]},"ReloadPercent":{"status":"VALUE","value":0.27777796983719},"ReloadRemainingTime":{"status":"VALUE","value":6.4999980926514},"UnitContext.UniqueUiId":{"status":"VALUE","value":1007}},"index":40,"list":"ManList","mode":"SNAPSHOT","sample":0},"format":"warhammer-vault-cco-probe-v1","kind":"ENTITY","metadata":{"gameVersion":"9.0.2.0","gameVersionSource":"INSTALLER_EXE_VERSION","scenarioId":"CCO_P0_CUSTOM_BATTLE","sessionId":"98c014a5-8c8c-4ed9-aa0c-7e57a45dd48c","staticSnapshotId":"c7bd67f50bb4df4f16254e5e9615324e615debf434c865de014e77e4483471e5","unitSize":"MEDIUM","unitSizeSource":"DECLARED_SETUP"},"runId":"snapshot-3","sequence":302,"sessionId":"98c014a5-8c8c-4ed9-aa0c-7e57a45dd48c:table: 000000046C6B0888:<35.4s>:1790858880:5134.32421875","timestamp":{"status":"VALUE","value":23400}}
<36.5s><23400ms> WH3_RUNTIME_PROBE|{"data":{"fields":{"EntityRecordContext.Key":{"status":"VALUE","value":"wh_dlc04_infantry_free_company_blood_dismembers"},"IsAlive":{"status":"VALUE","value":true},"IsEngine":{"status":"VALUE","value":false},"IsMan":{"status":"VALUE","value":true},"IsReloading":{"status":"VALUE","value":true},"Key":{"status":"VALUE","value":"wh_dlc04_infantry_free_company_blood_dismembers"},"Position":{"status":"VALUE","value":[-50.462825775146,526.42639160156,-8.0488862991333,0]},"ReloadPercent":{"status":"VALUE","value":0.55555546283722},"ReloadRemainingTime":{"status":"VALUE","value":4.0000004768372},"UnitContext.UniqueUiId":{"status":"VALUE","value":1007}},"index":41,"list":"ManList","mode":"SNAPSHOT","sample":0},"format":"warhammer-vault-cco-probe-v1","kind":"ENTITY","metadata":{"gameVersion":"9.0.2.0","gameVersionSource":"INSTALLER_EXE_VERSION","scenarioId":"CCO_P0_CUSTOM_BATTLE","sessionId":"98c014a5-8c8c-4ed9-aa0c-7e57a45dd48c","staticSnapshotId":"c7bd67f50bb4df4f16254e5e9615324e615debf434c865de014e77e4483471e5","unitSize":"MEDIUM","unitSizeSource":"DECLARED_SETUP"},"runId":"snapshot-3","sequence":303,"sessionId":"98c014a5-8c8c-4ed9-aa0c-7e57a45dd48c:table: 000000046C6B0888:<35.4s>:1790858880:5134.32421875","timestamp":{"status":"VALUE","value":23400}}
<36.5s><23400ms> WH3_RUNTIME_PROBE|{"data":{"fields":{"EntityRecordContext.Key":{"status":"VALUE","value":"wh_dlc04_infantry_free_company_blood_dismembers"},"IsAlive":{"status":"VALUE","value":true},"IsEngine":{"status":"VALUE","value":false},"IsMan":{"status":"VALUE","value":true},"IsReloading":{"status":"VALUE","value":true},"Key":{"status":"VALUE","value":"wh_dlc04_infantry_free_company_blood_dismembers"},"Position":{"status":"VALUE","value":[-47.028190612793,528.00744628906,10.531680107117,0]},"ReloadPercent":{"status":"VALUE","value":0.25555580854416},"ReloadRemainingTime":{"status":"VALUE","value":6.6999979019165},"UnitContext.UniqueUiId":{"status":"VALUE","value":1007}},"index":42,"list":"ManList","mode":"SNAPSHOT","sample":0},"format":"warhammer-vault-cco-probe-v1","kind":"ENTITY","metadata":{"gameVersion":"9.0.2.0","gameVersionSource":"INSTALLER_EXE_VERSION","scenarioId":"CCO_P0_CUSTOM_BATTLE","sessionId":"98c014a5-8c8c-4ed9-aa0c-7e57a45dd48c","staticSnapshotId":"c7bd67f50bb4df4f16254e5e9615324e615debf434c865de014e77e4483471e5","unitSize":"MEDIUM","unitSizeSource":"DECLARED_SETUP"},"runId":"snapshot-3","sequence":304,"sessionId":"98c014a5-8c8c-4ed9-aa0c-7e57a45dd48c:table: 000000046C6B0888:<35.4s>:1790858880:5134.32421875","timestamp":{"status":"VALUE","value":23400}}
<36.5s><23400ms> WH3_RUNTIME_PROBE|{"data":{"fields":{"EntityRecordContext.Key":{"status":"VALUE","value":"wh_dlc04_infantry_free_company_blood_dismembers"},"IsAlive":{"status":"VALUE","value":true},"IsEngine":{"status":"VALUE","value":false},"IsMan":{"status":"VALUE","value":true},"IsReloading":{"status":"VALUE","value":true},"Key":{"status":"VALUE","value":"wh_dlc04_infantry_free_company_blood_dismembers"},"Position":{"status":"VALUE","value":[-50.721405029297,526.32940673828,-9.7701435089111,0]},"ReloadPercent":{"status":"VALUE","value":0.47777777910233},"ReloadRemainingTime":{"status":"VALUE","value":4.6999998092651},"UnitContext.UniqueUiId":{"status":"VALUE","value":1007}},"index":43,"list":"ManList","mode":"SNAPSHOT","sample":0},"format":"warhammer-vault-cco-probe-v1","kind":"ENTITY","metadata":{"gameVersion":"9.0.2.0","gameVersionSource":"INSTALLER_EXE_VERSION","scenarioId":"CCO_P0_CUSTOM_BATTLE","sessionId":"98c014a5-8c8c-4ed9-aa0c-7e57a45dd48c","staticSnapshotId":"c7bd67f50bb4df4f16254e5e9615324e615debf434c865de014e77e4483471e5","unitSize":"MEDIUM","unitSizeSource":"DECLARED_SETUP"},"runId":"snapshot-3","sequence":305,"sessionId":"98c014a5-8c8c-4ed9-aa0c-7e57a45dd48c:table: 000000046C6B0888:<35.4s>:1790858880:5134.32421875","timestamp":{"status":"VALUE","value":23400}}
<36.5s><23400ms> WH3_RUNTIME_PROBE|{"data":{"fields":{"EntityRecordContext.Key":{"status":"VALUE","value":"wh_dlc04_infantry_free_company_blood_dismembers"},"IsAlive":{"status":"VALUE","value":true},"IsEngine":{"status":"VALUE","value":false},"IsMan":{"status":"VALUE","value":true},"IsReloading":{"status":"VALUE","value":true},"Key":{"status":"VALUE","value":"wh_dlc04_infantry_free_company_blood_dismembers"},"Position":{"status":"VALUE","value":[-46.841556549072,528.11267089844,12.250021934509,0]},"ReloadPercent":{"status":"VALUE","value":0.23333358764648},"ReloadRemainingTime":{"status":"VALUE","value":6.8999977111816},"UnitContext.UniqueUiId":{"status":"VALUE","value":1007}},"index":44,"list":"ManList","mode":"SNAPSHOT","sample":0},"format":"warhammer-vault-cco-probe-v1","kind":"ENTITY","metadata":{"gameVersion":"9.0.2.0","gameVersionSource":"INSTALLER_EXE_VERSION","scenarioId":"CCO_P0_CUSTOM_BATTLE","sessionId":"98c014a5-8c8c-4ed9-aa0c-7e57a45dd48c","staticSnapshotId":"c7bd67f50bb4df4f16254e5e9615324e615debf434c865de014e77e4483471e5","unitSize":"MEDIUM","unitSizeSource":"DECLARED_SETUP"},"runId":"snapshot-3","sequence":306,"sessionId":"98c014a5-8c8c-4ed9-aa0c-7e57a45dd48c:table: 000000046C6B0888:<35.4s>:1790858880:5134.32421875","timestamp":{"status":"VALUE","value":23400}}
<36.5s><23400ms> WH3_RUNTIME_PROBE|{"data":{"fields":{"EntityRecordContext.Key":{"status":"VALUE","value":"wh_dlc04_infantry_free_company_blood_dismembers"},"IsAlive":{"status":"VALUE","value":true},"IsEngine":{"status":"VALUE","value":false},"IsMan":{"status":"VALUE","value":true},"IsReloading":{"status":"VALUE","value":true},"Key":{"status":"VALUE","value":"wh_dlc04_infantry_free_company_blood_dismembers"},"Position":{"status":"VALUE","value":[-47.020660400391,526.96667480469,0.52706354856491,0]},"ReloadPercent":{"status":"VALUE","value":0.27777796983719},"ReloadRemainingTime":{"status":"VALUE","value":6.4999980926514},"UnitContext.UniqueUiId":{"status":"VALUE","value":1007}},"index":45,"list":"ManList","mode":"SNAPSHOT","sample":0},"format":"warhammer-vault-cco-probe-v1","kind":"ENTITY","metadata":{"gameVersion":"9.0.2.0","gameVersionSource":"INSTALLER_EXE_VERSION","scenarioId":"CCO_P0_CUSTOM_BATTLE","sessionId":"98c014a5-8c8c-4ed9-aa0c-7e57a45dd48c","staticSnapshotId":"c7bd67f50bb4df4f16254e5e9615324e615debf434c865de014e77e4483471e5","unitSize":"MEDIUM","unitSizeSource":"DECLARED_SETUP"},"runId":"snapshot-3","sequence":307,"sessionId":"98c014a5-8c8c-4ed9-aa0c-7e57a45dd48c:table: 000000046C6B0888:<35.4s>:1790858880:5134.32421875","timestamp":{"status":"VALUE","value":23400}}
<36.5s><23400ms> WH3_RUNTIME_PROBE|{"data":{"fields":{"EntityRecordContext.Key":{"status":"VALUE","value":"wh_dlc04_infantry_free_company_blood_dismembers"},"IsAlive":{"status":"VALUE","value":true},"IsEngine":{"status":"VALUE","value":false},"IsMan":{"status":"VALUE","value":true},"IsReloading":{"status":"VALUE","value":true},"Key":{"status":"VALUE","value":"wh_dlc04_infantry_free_company_blood_dismembers"},"Position":{"status":"VALUE","value":[-47.01282119751,527.19079589844,2.5449917316437,0]},"ReloadPercent":{"status":"VALUE","value":0.13333368301392},"ReloadRemainingTime":{"status":"VALUE","value":7.7999968528748},"UnitContext.UniqueUiId":{"status":"VALUE","value":1007}},"index":46,"list":"ManList","mode":"SNAPSHOT","sample":0},"format":"warhammer-vault-cco-probe-v1","kind":"ENTITY","metadata":{"gameVersion":"9.0.2.0","gameVersionSource":"INSTALLER_EXE_VERSION","scenarioId":"CCO_P0_CUSTOM_BATTLE","sessionId":"98c014a5-8c8c-4ed9-aa0c-7e57a45dd48c","staticSnapshotId":"c7bd67f50bb4df4f16254e5e9615324e615debf434c865de014e77e4483471e5","unitSize":"MEDIUM","unitSizeSource":"DECLARED_SETUP"},"runId":"snapshot-3","sequence":308,"sessionId":"98c014a5-8c8c-4ed9-aa0c-7e57a45dd48c:table: 000000046C6B0888:<35.4s>:1790858880:5134.32421875","timestamp":{"status":"VALUE","value":23400}}
<36.5s><23400ms> WH3_RUNTIME_PROBE|{"data":{"fields":{"EntityRecordContext.Key":{"status":"VALUE","value":"wh_dlc04_infantry_free_company_blood_dismembers"},"IsAlive":{"status":"VALUE","value":true},"IsEngine":{"status":"VALUE","value":false},"IsMan":{"status":"VALUE","value":true},"IsReloading":{"status":"VALUE","value":true},"Key":{"status":"VALUE","value":"wh_dlc04_infantry_free_company_blood_dismembers"},"Position":{"status":"VALUE","value":[-46.845478057861,526.78735351563,-1.0732171535492,0]},"ReloadPercent":{"status":"VALUE","value":0.27777796983719},"ReloadRemainingTime":{"status":"VALUE","value":6.4999980926514},"UnitContext.UniqueUiId":{"status":"VALUE","value":1007}},"index":47,"list":"ManList","mode":"SNAPSHOT","sample":0},"format":"warhammer-vault-cco-probe-v1","kind":"ENTITY","metadata":{"gameVersion":"9.0.2.0","gameVersionSource":"INSTALLER_EXE_VERSION","scenarioId":"CCO_P0_CUSTOM_BATTLE","sessionId":"98c014a5-8c8c-4ed9-aa0c-7e57a45dd48c","staticSnapshotId":"c7bd67f50bb4df4f16254e5e9615324e615debf434c865de014e77e4483471e5","unitSize":"MEDIUM","unitSizeSource":"DECLARED_SETUP"},"runId":"snapshot-3","sequence":309,"sessionId":"98c014a5-8c8c-4ed9-aa0c-7e57a45dd48c:table: 000000046C6B0888:<35.4s>:1790858880:5134.32421875","timestamp":{"status":"VALUE","value":23400}}
<36.5s><23400ms> WH3_RUNTIME_PROBE|{"data":{"fields":{"EntityRecordContext.Key":{"status":"VALUE","value":"wh_dlc04_infantry_free_company_blood_dismembers"},"IsAlive":{"status":"VALUE","value":true},"IsEngine":{"status":"VALUE","value":false},"IsMan":{"status":"VALUE","value":true},"IsReloading":{"status":"VALUE","value":true},"Key":{"status":"VALUE","value":"wh_dlc04_infantry_free_company_blood_dismembers"},"Position":{"status":"VALUE","value":[-46.9733543396,527.33435058594,3.8443188667297,0]},"ReloadPercent":{"status":"VALUE","value":0.23333358764648},"ReloadRemainingTime":{"status":"VALUE","value":6.8999977111816},"UnitContext.UniqueUiId":{"status":"VALUE","value":1007}},"index":48,"list":"ManList","mode":"SNAPSHOT","sample":0},"format":"warhammer-vault-cco-probe-v1","kind":"ENTITY","metadata":{"gameVersion":"9.0.2.0","gameVersionSource":"INSTALLER_EXE_VERSION","scenarioId":"CCO_P0_CUSTOM_BATTLE","sessionId":"98c014a5-8c8c-4ed9-aa0c-7e57a45dd48c","staticSnapshotId":"c7bd67f50bb4df4f16254e5e9615324e615debf434c865de014e77e4483471e5","unitSize":"MEDIUM","unitSizeSource":"DECLARED_SETUP"},"runId":"snapshot-3","sequence":310,"sessionId":"98c014a5-8c8c-4ed9-aa0c-7e57a45dd48c:table: 000000046C6B0888:<35.4s>:1790858880:5134.32421875","timestamp":{"status":"VALUE","value":23400}}
<36.5s><23400ms> WH3_RUNTIME_PROBE|{"data":{"fields":{"EntityRecordContext.Key":{"status":"VALUE","value":"wh_dlc04_infantry_free_company_blood_dismembers"},"IsAlive":{"status":"VALUE","value":true},"IsEngine":{"status":"VALUE","value":false},"IsMan":{"status":"VALUE","value":true},"IsReloading":{"status":"VALUE","value":true},"Key":{"status":"VALUE","value":"wh_dlc04_infantry_free_company_blood_dismembers"},"Position":{"status":"VALUE","value":[-47.890064239502,526.71862792969,-2.3995838165283,0]},"ReloadPercent":{"status":"VALUE","value":0.27777796983719},"ReloadRemainingTime":{"status":"VALUE","value":6.4999980926514},"UnitContext.UniqueUiId":{"status":"VALUE","value":1007}},"index":49,"list":"ManList","mode":"SNAPSHOT","sample":0},"format":"warhammer-vault-cco-probe-v1","kind":"ENTITY","metadata":{"gameVersion":"9.0.2.0","gameVersionSource":"INSTALLER_EXE_VERSION","scenarioId":"CCO_P0_CUSTOM_BATTLE","sessionId":"98c014a5-8c8c-4ed9-aa0c-7e57a45dd48c","staticSnapshotId":"c7bd67f50bb4df4f16254e5e9615324e615debf434c865de014e77e4483471e5","unitSize":"MEDIUM","unitSizeSource":"DECLARED_SETUP"},"runId":"snapshot-3","sequence":311,"sessionId":"98c014a5-8c8c-4ed9-aa0c-7e57a45dd48c:table: 000000046C6B0888:<35.4s>:1790858880:5134.32421875","timestamp":{"status":"VALUE","value":23400}}
<36.5s><23400ms> WH3_RUNTIME_PROBE|{"data":{"fields":{"EntityRecordContext.Key":{"status":"VALUE","value":"wh_dlc04_infantry_free_company_blood_dismembers"},"IsAlive":{"status":"VALUE","value":true},"IsEngine":{"status":"VALUE","value":false},"IsMan":{"status":"VALUE","value":true},"IsReloading":{"status":"VALUE","value":true},"Key":{"status":"VALUE","value":"wh_dlc04_infantry_free_company_blood_dismembers"},"Position":{"status":"VALUE","value":[-46.051307678223,527.44696044922,5.3539309501648,0]},"ReloadPercent":{"status":"VALUE","value":0.27777796983719},"ReloadRemainingTime":{"status":"VALUE","value":6.4999980926514},"UnitContext.UniqueUiId":{"status":"VALUE","value":1007}},"index":50,"list":"ManList","mode":"SNAPSHOT","sample":0},"format":"warhammer-vault-cco-probe-v1","kind":"ENTITY","metadata":{"gameVersion":"9.0.2.0","gameVersionSource":"INSTALLER_EXE_VERSION","scenarioId":"CCO_P0_CUSTOM_BATTLE","sessionId":"98c014a5-8c8c-4ed9-aa0c-7e57a45dd48c","staticSnapshotId":"c7bd67f50bb4df4f16254e5e9615324e615debf434c865de014e77e4483471e5","unitSize":"MEDIUM","unitSizeSource":"DECLARED_SETUP"},"runId":"snapshot-3","sequence":312,"sessionId":"98c014a5-8c8c-4ed9-aa0c-7e57a45dd48c:table: 000000046C6B0888:<35.4s>:1790858880:5134.32421875","timestamp":{"status":"VALUE","value":23400}}
<36.5s><23400ms> WH3_RUNTIME_PROBE|{"data":{"fields":{"EntityRecordContext.Key":{"status":"VALUE","value":"wh_dlc04_infantry_free_company_blood_dismembers"},"IsAlive":{"status":"VALUE","value":true},"IsEngine":{"status":"VALUE","value":false},"IsMan":{"status":"VALUE","value":true},"IsReloading":{"status":"VALUE","value":true},"Key":{"status":"VALUE","value":"wh_dlc04_infantry_free_company_blood_dismembers"},"Position":{"status":"VALUE","value":[-47.792739868164,526.55578613281,-4.0736808776855,0]},"ReloadPercent":{"status":"VALUE","value":0.27777796983719},"ReloadRemainingTime":{"status":"VALUE","value":6.4999980926514},"UnitContext.UniqueUiId":{"status":"VALUE","value":1007}},"index":51,"list":"ManList","mode":"SNAPSHOT","sample":0},"format":"warhammer-vault-cco-probe-v1","kind":"ENTITY","metadata":{"gameVersion":"9.0.2.0","gameVersionSource":"INSTALLER_EXE_VERSION","scenarioId":"CCO_P0_CUSTOM_BATTLE","sessionId":"98c014a5-8c8c-4ed9-aa0c-7e57a45dd48c","staticSnapshotId":"c7bd67f50bb4df4f16254e5e9615324e615debf434c865de014e77e4483471e5","unitSize":"MEDIUM","unitSizeSource":"DECLARED_SETUP"},"runId":"snapshot-3","sequence":313,"sessionId":"98c014a5-8c8c-4ed9-aa0c-7e57a45dd48c:table: 000000046C6B0888:<35.4s>:1790858880:5134.32421875","timestamp":{"status":"VALUE","value":23400}}
<36.5s><23400ms> WH3_RUNTIME_PROBE|{"data":{"fields":{"EntityRecordContext.Key":{"status":"VALUE","value":"wh_dlc04_infantry_free_company_blood_dismembers"},"IsAlive":{"status":"VALUE","value":true},"IsEngine":{"status":"VALUE","value":false},"IsMan":{"status":"VALUE","value":true},"IsReloading":{"status":"VALUE","value":true},"Key":{"status":"VALUE","value":"wh_dlc04_infantry_free_company_blood_dismembers"},"Position":{"status":"VALUE","value":[-46.211273193359,527.62078857422,6.8817620277405,0]},"ReloadPercent":{"status":"VALUE","value":0.56666660308838},"ReloadRemainingTime":{"status":"VALUE","value":3.9000005722046},"UnitContext.UniqueUiId":{"status":"VALUE","value":1007}},"index":52,"list":"ManList","mode":"SNAPSHOT","sample":0},"format":"warhammer-vault-cco-probe-v1","kind":"ENTITY","metadata":{"gameVersion":"9.0.2.0","gameVersionSource":"INSTALLER_EXE_VERSION","scenarioId":"CCO_P0_CUSTOM_BATTLE","sessionId":"98c014a5-8c8c-4ed9-aa0c-7e57a45dd48c","staticSnapshotId":"c7bd67f50bb4df4f16254e5e9615324e615debf434c865de014e77e4483471e5","unitSize":"MEDIUM","unitSizeSource":"DECLARED_SETUP"},"runId":"snapshot-3","sequence":314,"sessionId":"98c014a5-8c8c-4ed9-aa0c-7e57a45dd48c:table: 000000046C6B0888:<35.4s>:1790858880:5134.32421875","timestamp":{"status":"VALUE","value":23400}}
<36.5s><23400ms> WH3_RUNTIME_PROBE|{"data":{"fields":{"EntityRecordContext.Key":{"status":"VALUE","value":"wh_dlc04_infantry_free_company_blood_dismembers"},"IsAlive":{"status":"VALUE","value":true},"IsEngine":{"status":"VALUE","value":false},"IsMan":{"status":"VALUE","value":true},"IsReloading":{"status":"VALUE","value":true},"Key":{"status":"VALUE","value":"wh_dlc04_infantry_free_company_blood_dismembers"},"Position":{"status":"VALUE","value":[-48.549709320068,526.46978759766,-5.7029795646667,0]},"ReloadPercent":{"status":"VALUE","value":0.47777777910233},"ReloadRemainingTime":{"status":"VALUE","value":4.6999998092651},"UnitContext.UniqueUiId":{"status":"VALUE","value":1007}},"index":53,"list":"ManList","mode":"SNAPSHOT","sample":0},"format":"warhammer-vault-cco-probe-v1","kind":"ENTITY","metadata":{"gameVersion":"9.0.2.0","gameVersionSource":"INSTALLER_EXE_VERSION","scenarioId":"CCO_P0_CUSTOM_BATTLE","sessionId":"98c014a5-8c8c-4ed9-aa0c-7e57a45dd48c","staticSnapshotId":"c7bd67f50bb4df4f16254e5e9615324e615debf434c865de014e77e4483471e5","unitSize":"MEDIUM","unitSizeSource":"DECLARED_SETUP"},"runId":"snapshot-3","sequence":315,"sessionId":"98c014a5-8c8c-4ed9-aa0c-7e57a45dd48c:table: 000000046C6B0888:<35.4s>:1790858880:5134.32421875","timestamp":{"status":"VALUE","value":23400}}
<36.5s><23400ms> WH3_RUNTIME_PROBE|{"data":{"fields":{"EntityRecordContext.Key":{"status":"VALUE","value":"wh_dlc04_infantry_free_company_blood_dismembers"},"IsAlive":{"status":"VALUE","value":true},"IsEngine":{"status":"VALUE","value":false},"IsMan":{"status":"VALUE","value":true},"IsReloading":{"status":"VALUE","value":true},"Key":{"status":"VALUE","value":"wh_dlc04_infantry_free_company_blood_dismembers"},"Position":{"status":"VALUE","value":[-45.7158203125,527.76025390625,8.4740762710571,0]},"ReloadPercent":{"status":"VALUE","value":0.54444444179535},"ReloadRemainingTime":{"status":"VALUE","value":4.1000003814697},"UnitContext.UniqueUiId":{"status":"VALUE","value":1007}},"index":54,"list":"ManList","mode":"SNAPSHOT","sample":0},"format":"warhammer-vault-cco-probe-v1","kind":"ENTITY","metadata":{"gameVersion":"9.0.2.0","gameVersionSource":"INSTALLER_EXE_VERSION","scenarioId":"CCO_P0_CUSTOM_BATTLE","sessionId":"98c014a5-8c8c-4ed9-aa0c-7e57a45dd48c","staticSnapshotId":"c7bd67f50bb4df4f16254e5e9615324e615debf434c865de014e77e4483471e5","unitSize":"MEDIUM","unitSizeSource":"DECLARED_SETUP"},"runId":"snapshot-3","sequence":316,"sessionId":"98c014a5-8c8c-4ed9-aa0c-7e57a45dd48c:table: 000000046C6B0888:<35.4s>:1790858880:5134.32421875","timestamp":{"status":"VALUE","value":23400}}
<36.5s><23400ms> WH3_RUNTIME_PROBE|{"data":{"fields":{"EntityRecordContext.Key":{"status":"VALUE","value":"wh_dlc04_infantry_free_company_blood_dismembers"},"IsAlive":{"status":"VALUE","value":true},"IsEngine":{"status":"VALUE","value":false},"IsMan":{"status":"VALUE","value":true},"IsReloading":{"status":"VALUE","value":true},"Key":{"status":"VALUE","value":"wh_dlc04_infantry_free_company_blood_dismembers"},"Position":{"status":"VALUE","value":[-48.299522399902,526.33245849609,-7.193546295166,0]},"ReloadPercent":{"status":"VALUE","value":0.27777796983719},"ReloadRemainingTime":{"status":"VALUE","value":6.4999980926514},"UnitContext.UniqueUiId":{"status":"VALUE","value":1007}},"index":55,"list":"ManList","mode":"SNAPSHOT","sample":0},"format":"warhammer-vault-cco-probe-v1","kind":"ENTITY","metadata":{"gameVersion":"9.0.2.0","gameVersionSource":"INSTALLER_EXE_VERSION","scenarioId":"CCO_P0_CUSTOM_BATTLE","sessionId":"98c014a5-8c8c-4ed9-aa0c-7e57a45dd48c","staticSnapshotId":"c7bd67f50bb4df4f16254e5e9615324e615debf434c865de014e77e4483471e5","unitSize":"MEDIUM","unitSizeSource":"DECLARED_SETUP"},"runId":"snapshot-3","sequence":317,"sessionId":"98c014a5-8c8c-4ed9-aa0c-7e57a45dd48c:table: 000000046C6B0888:<35.4s>:1790858880:5134.32421875","timestamp":{"status":"VALUE","value":23400}}
<36.5s><23400ms> WH3_RUNTIME_PROBE|{"data":{"fields":{"EntityRecordContext.Key":{"status":"VALUE","value":"wh_dlc04_infantry_free_company_blood_dismembers"},"IsAlive":{"status":"VALUE","value":true},"IsEngine":{"status":"VALUE","value":false},"IsMan":{"status":"VALUE","value":true},"IsReloading":{"status":"VALUE","value":true},"Key":{"status":"VALUE","value":"wh_dlc04_infantry_free_company_blood_dismembers"},"Position":{"status":"VALUE","value":[-45.180938720703,527.91955566406,10.392966270447,0]},"ReloadPercent":{"status":"VALUE","value":0.56666660308838},"ReloadRemainingTime":{"status":"VALUE","value":3.9000005722046},"UnitContext.UniqueUiId":{"status":"VALUE","value":1007}},"index":56,"list":"ManList","mode":"SNAPSHOT","sample":0},"format":"warhammer-vault-cco-probe-v1","kind":"ENTITY","metadata":{"gameVersion":"9.0.2.0","gameVersionSource":"INSTALLER_EXE_VERSION","scenarioId":"CCO_P0_CUSTOM_BATTLE","sessionId":"98c014a5-8c8c-4ed9-aa0c-7e57a45dd48c","staticSnapshotId":"c7bd67f50bb4df4f16254e5e9615324e615debf434c865de014e77e4483471e5","unitSize":"MEDIUM","unitSizeSource":"DECLARED_SETUP"},"runId":"snapshot-3","sequence":318,"sessionId":"98c014a5-8c8c-4ed9-aa0c-7e57a45dd48c:table: 000000046C6B0888:<35.4s>:1790858880:5134.32421875","timestamp":{"status":"VALUE","value":23400}}
<36.5s><23400ms> WH3_RUNTIME_PROBE|{"data":{"fields":{"EntityRecordContext.Key":{"status":"VALUE","value":"wh_dlc04_infantry_free_company_blood_dismembers"},"IsAlive":{"status":"VALUE","value":true},"IsEngine":{"status":"VALUE","value":false},"IsMan":{"status":"VALUE","value":true},"IsReloading":{"status":"VALUE","value":true},"Key":{"status":"VALUE","value":"wh_dlc04_infantry_free_company_blood_dismembers"},"Position":{"status":"VALUE","value":[-48.971729278564,526.29748535156,-8.306245803833,0]},"ReloadPercent":{"status":"VALUE","value":0.27777796983719},"ReloadRemainingTime":{"status":"VALUE","value":6.4999980926514},"UnitContext.UniqueUiId":{"status":"VALUE","value":1007}},"index":57,"list":"ManList","mode":"SNAPSHOT","sample":0},"format":"warhammer-vault-cco-probe-v1","kind":"ENTITY","metadata":{"gameVersion":"9.0.2.0","gameVersionSource":"INSTALLER_EXE_VERSION","scenarioId":"CCO_P0_CUSTOM_BATTLE","sessionId":"98c014a5-8c8c-4ed9-aa0c-7e57a45dd48c","staticSnapshotId":"c7bd67f50bb4df4f16254e5e9615324e615debf434c865de014e77e4483471e5","unitSize":"MEDIUM","unitSizeSource":"DECLARED_SETUP"},"runId":"snapshot-3","sequence":319,"sessionId":"98c014a5-8c8c-4ed9-aa0c-7e57a45dd48c:table: 000000046C6B0888:<35.4s>:1790858880:5134.32421875","timestamp":{"status":"VALUE","value":23400}}
<36.5s><23400ms> WH3_RUNTIME_PROBE|{"data":{"fields":{"EntityRecordContext.Key":{"status":"VALUE","value":"wh_dlc04_infantry_free_company_blood_dismembers"},"IsAlive":{"status":"VALUE","value":true},"IsEngine":{"status":"VALUE","value":false},"IsMan":{"status":"VALUE","value":true},"IsReloading":{"status":"VALUE","value":true},"Key":{"status":"VALUE","value":"wh_dlc04_infantry_free_company_blood_dismembers"},"Position":{"status":"VALUE","value":[-44.754070281982,527.99353027344,11.649361610413,0]},"ReloadPercent":{"status":"VALUE","value":0.21111136674881},"ReloadRemainingTime":{"status":"VALUE","value":7.0999975204468},"UnitContext.UniqueUiId":{"status":"VALUE","value":1007}},"index":58,"list":"ManList","mode":"SNAPSHOT","sample":0},"format":"warhammer-vault-cco-probe-v1","kind":"ENTITY","metadata":{"gameVersion":"9.0.2.0","gameVersionSource":"INSTALLER_EXE_VERSION","scenarioId":"CCO_P0_CUSTOM_BATTLE","sessionId":"98c014a5-8c8c-4ed9-aa0c-7e57a45dd48c","staticSnapshotId":"c7bd67f50bb4df4f16254e5e9615324e615debf434c865de014e77e4483471e5","unitSize":"MEDIUM","unitSizeSource":"DECLARED_SETUP"},"runId":"snapshot-3","sequence":320,"sessionId":"98c014a5-8c8c-4ed9-aa0c-7e57a45dd48c:table: 000000046C6B0888:<35.4s>:1790858880:5134.32421875","timestamp":{"status":"VALUE","value":23400}}
<36.5s><23400ms> WH3_RUNTIME_PROBE|{"data":{"fields":{"EntityRecordContext.Key":{"status":"VALUE","value":"wh_dlc04_infantry_free_company_blood_dismembers"},"IsAlive":{"status":"VALUE","value":true},"IsEngine":{"status":"VALUE","value":false},"IsMan":{"status":"VALUE","value":true},"IsReloading":{"status":"VALUE","value":true},"Key":{"status":"VALUE","value":"wh_dlc04_infantry_free_company_blood_dismembers"},"Position":{"status":"VALUE","value":[-48.908622741699,526.16534423828,-10.104699134827,0]},"ReloadPercent":{"status":"VALUE","value":0.27777796983719},"ReloadRemainingTime":{"status":"VALUE","value":6.4999980926514},"UnitContext.UniqueUiId":{"status":"VALUE","value":1007}},"index":59,"list":"ManList","mode":"SNAPSHOT","sample":0},"format":"warhammer-vault-cco-probe-v1","kind":"ENTITY","metadata":{"gameVersion":"9.0.2.0","gameVersionSource":"INSTALLER_EXE_VERSION","scenarioId":"CCO_P0_CUSTOM_BATTLE","sessionId":"98c014a5-8c8c-4ed9-aa0c-7e57a45dd48c","staticSnapshotId":"c7bd67f50bb4df4f16254e5e9615324e615debf434c865de014e77e4483471e5","unitSize":"MEDIUM","unitSizeSource":"DECLARED_SETUP"},"runId":"snapshot-3","sequence":321,"sessionId":"98c014a5-8c8c-4ed9-aa0c-7e57a45dd48c:table: 000000046C6B0888:<35.4s>:1790858880:5134.32421875","timestamp":{"status":"VALUE","value":23400}}
<36.5s><23400ms> WH3_RUNTIME_PROBE|{"data":{"complete":true,"list":"MountList","mode":"SNAPSHOT","sample":0,"size":{"status":"VALUE","value":0}},"format":"warhammer-vault-cco-probe-v1","kind":"COMPONENT_LIST","metadata":{"gameVersion":"9.0.2.0","gameVersionSource":"INSTALLER_EXE_VERSION","scenarioId":"CCO_P0_CUSTOM_BATTLE","sessionId":"98c014a5-8c8c-4ed9-aa0c-7e57a45dd48c","staticSnapshotId":"c7bd67f50bb4df4f16254e5e9615324e615debf434c865de014e77e4483471e5","unitSize":"MEDIUM","unitSizeSource":"DECLARED_SETUP"},"runId":"snapshot-3","sequence":322,"sessionId":"98c014a5-8c8c-4ed9-aa0c-7e57a45dd48c:table: 000000046C6B0888:<35.4s>:1790858880:5134.32421875","timestamp":{"status":"VALUE","value":23400}}
<36.5s><23400ms> WH3_RUNTIME_PROBE|{"data":{"complete":true,"list":"EngineList","mode":"SNAPSHOT","sample":0,"size":{"status":"VALUE","value":0}},"format":"warhammer-vault-cco-probe-v1","kind":"COMPONENT_LIST","metadata":{"gameVersion":"9.0.2.0","gameVersionSource":"INSTALLER_EXE_VERSION","scenarioId":"CCO_P0_CUSTOM_BATTLE","sessionId":"98c014a5-8c8c-4ed9-aa0c-7e57a45dd48c","staticSnapshotId":"c7bd67f50bb4df4f16254e5e9615324e615debf434c865de014e77e4483471e5","unitSize":"MEDIUM","unitSizeSource":"DECLARED_SETUP"},"runId":"snapshot-3","sequence":323,"sessionId":"98c014a5-8c8c-4ed9-aa0c-7e57a45dd48c:table: 000000046C6B0888:<35.4s>:1790858880:5134.32421875","timestamp":{"status":"VALUE","value":23400}}
<36.5s><23400ms> WH3_RUNTIME_PROBE|{"data":{"complete":true,"list":"EntityList","mode":"SNAPSHOT","sample":0,"size":{"status":"VALUE","value":60}},"format":"warhammer-vault-cco-probe-v1","kind":"COMPONENT_LIST","metadata":{"gameVersion":"9.0.2.0","gameVersionSource":"INSTALLER_EXE_VERSION","scenarioId":"CCO_P0_CUSTOM_BATTLE","sessionId":"98c014a5-8c8c-4ed9-aa0c-7e57a45dd48c","staticSnapshotId":"c7bd67f50bb4df4f16254e5e9615324e615debf434c865de014e77e4483471e5","unitSize":"MEDIUM","unitSizeSource":"DECLARED_SETUP"},"runId":"snapshot-3","sequence":324,"sessionId":"98c014a5-8c8c-4ed9-aa0c-7e57a45dd48c:table: 000000046C6B0888:<35.4s>:1790858880:5134.32421875","timestamp":{"status":"VALUE","value":23400}}
<36.5s><23400ms> WH3_RUNTIME_PROBE|{"data":{"fields":{"EntityRecordContext.Key":{"status":"VALUE","value":"wh_dlc04_infantry_free_company_blood_dismembers"},"IsAlive":{"status":"VALUE","value":true},"IsEngine":{"status":"VALUE","value":false},"IsMan":{"status":"VALUE","value":true},"IsReloading":{"status":"VALUE","value":true},"Key":{"status":"VALUE","value":"wh_dlc04_infantry_free_company_blood_dismembers"},"Position":{"status":"VALUE","value":[-52.605808258057,527.34405517578,1.8419549465179,0]},"ReloadPercent":{"status":"VALUE","value":0.27777796983719},"ReloadRemainingTime":{"status":"VALUE","value":6.4999980926514},"UnitContext.UniqueUiId":{"status":"VALUE","value":1007}},"index":0,"list":"EntityList","mode":"SNAPSHOT","sample":0},"format":"warhammer-vault-cco-probe-v1","kind":"ENTITY","metadata":{"gameVersion":"9.0.2.0","gameVersionSource":"INSTALLER_EXE_VERSION","scenarioId":"CCO_P0_CUSTOM_BATTLE","sessionId":"98c014a5-8c8c-4ed9-aa0c-7e57a45dd48c","staticSnapshotId":"c7bd67f50bb4df4f16254e5e9615324e615debf434c865de014e77e4483471e5","unitSize":"MEDIUM","unitSizeSource":"DECLARED_SETUP"},"runId":"snapshot-3","sequence":325,"sessionId":"98c014a5-8c8c-4ed9-aa0c-7e57a45dd48c:table: 000000046C6B0888:<35.4s>:1790858880:5134.32421875","timestamp":{"status":"VALUE","value":23400}}
<36.5s><23400ms> WH3_RUNTIME_PROBE|{"data":{"fields":{"EntityRecordContext.Key":{"status":"VALUE","value":"wh_dlc04_infantry_free_company_blood_dismembers"},"IsAlive":{"status":"VALUE","value":true},"IsEngine":{"status":"VALUE","value":false},"IsMan":{"status":"VALUE","value":true},"IsReloading":{"status":"VALUE","value":true},"Key":{"status":"VALUE","value":"wh_dlc04_infantry_free_company_blood_dismembers"},"Position":{"status":"VALUE","value":[-52.550701141357,527.20562744141,0.29146930575371,0]},"ReloadPercent":{"status":"VALUE","value":0.27777796983719},"ReloadRemainingTime":{"status":"VALUE","value":6.4999980926514},"UnitContext.UniqueUiId":{"status":"VALUE","value":1007}},"index":1,"list":"EntityList","mode":"SNAPSHOT","sample":0},"format":"warhammer-vault-cco-probe-v1","kind":"ENTITY","metadata":{"gameVersion":"9.0.2.0","gameVersionSource":"INSTALLER_EXE_VERSION","scenarioId":"CCO_P0_CUSTOM_BATTLE","sessionId":"98c014a5-8c8c-4ed9-aa0c-7e57a45dd48c","staticSnapshotId":"c7bd67f50bb4df4f16254e5e9615324e615debf434c865de014e77e4483471e5","unitSize":"MEDIUM","unitSizeSource":"DECLARED_SETUP"},"runId":"snapshot-3","sequence":326,"sessionId":"98c014a5-8c8c-4ed9-aa0c-7e57a45dd48c:table: 000000046C6B0888:<35.4s>:1790858880:5134.32421875","timestamp":{"status":"VALUE","value":23400}}
<36.5s><23400ms> WH3_RUNTIME_PROBE|{"data":{"fields":{"EntityRecordContext.Key":{"status":"VALUE","value":"wh_dlc04_infantry_free_company_blood_dismembers"},"IsAlive":{"status":"VALUE","value":true},"IsEngine":{"status":"VALUE","value":false},"IsMan":{"status":"VALUE","value":true},"IsReloading":{"status":"VALUE","value":true},"Key":{"status":"VALUE","value":"wh_dlc04_infantry_free_company_blood_dismembers"},"Position":{"status":"VALUE","value":[-51.841815948486,527.47155761719,3.4047660827637,0]},"ReloadPercent":{"status":"VALUE","value":0.27777796983719},"ReloadRemainingTime":{"status":"VALUE","value":6.4999980926514},"UnitContext.UniqueUiId":{"status":"VALUE","value":1007}},"index":2,"list":"EntityList","mode":"SNAPSHOT","sample":0},"format":"warhammer-vault-cco-probe-v1","kind":"ENTITY","metadata":{"gameVersion":"9.0.2.0","gameVersionSource":"INSTALLER_EXE_VERSION","scenarioId":"CCO_P0_CUSTOM_BATTLE","sessionId":"98c014a5-8c8c-4ed9-aa0c-7e57a45dd48c","staticSnapshotId":"c7bd67f50bb4df4f16254e5e9615324e615debf434c865de014e77e4483471e5","unitSize":"MEDIUM","unitSizeSource":"DECLARED_SETUP"},"runId":"snapshot-3","sequence":327,"sessionId":"98c014a5-8c8c-4ed9-aa0c-7e57a45dd48c:table: 000000046C6B0888:<35.4s>:1790858880:5134.32421875","timestamp":{"status":"VALUE","value":23400}}
<36.5s><23400ms> WH3_RUNTIME_PROBE|{"data":{"fields":{"EntityRecordContext.Key":{"status":"VALUE","value":"wh_dlc04_infantry_free_company_blood_dismembers"},"IsAlive":{"status":"VALUE","value":true},"IsEngine":{"status":"VALUE","value":false},"IsMan":{"status":"VALUE","value":true},"IsReloading":{"status":"VALUE","value":true},"Key":{"status":"VALUE","value":"wh_dlc04_infantry_free_company_blood_dismembers"},"Position":{"status":"VALUE","value":[-52.742012023926,527.09118652344,-1.1408680677414,0]},"ReloadPercent":{"status":"VALUE","value":0.27777796983719},"ReloadRemainingTime":{"status":"VALUE","value":6.4999980926514},"UnitContext.UniqueUiId":{"status":"VALUE","value":1007}},"index":3,"list":"EntityList","mode":"SNAPSHOT","sample":0},"format":"warhammer-vault-cco-probe-v1","kind":"ENTITY","metadata":{"gameVersion":"9.0.2.0","gameVersionSource":"INSTALLER_EXE_VERSION","scenarioId":"CCO_P0_CUSTOM_BATTLE","sessionId":"98c014a5-8c8c-4ed9-aa0c-7e57a45dd48c","staticSnapshotId":"c7bd67f50bb4df4f16254e5e9615324e615debf434c865de014e77e4483471e5","unitSize":"MEDIUM","unitSizeSource":"DECLARED_SETUP"},"runId":"snapshot-3","sequence":328,"sessionId":"98c014a5-8c8c-4ed9-aa0c-7e57a45dd48c:table: 000000046C6B0888:<35.4s>:1790858880:5134.32421875","timestamp":{"status":"VALUE","value":23400}}
<36.5s><23400ms> WH3_RUNTIME_PROBE|{"data":{"fields":{"EntityRecordContext.Key":{"status":"VALUE","value":"wh_dlc04_infantry_free_company_blood_dismembers"},"IsAlive":{"status":"VALUE","value":true},"IsEngine":{"status":"VALUE","value":false},"IsMan":{"status":"VALUE","value":true},"IsReloading":{"status":"VALUE","value":true},"Key":{"status":"VALUE","value":"wh_dlc04_infantry_free_company_blood_dismembers"},"Position":{"status":"VALUE","value":[-51.734600067139,527.61560058594,4.9443135261536,0]},"ReloadPercent":{"status":"VALUE","value":0.27777796983719},"ReloadRemainingTime":{"status":"VALUE","value":6.4999980926514},"UnitContext.UniqueUiId":{"status":"VALUE","value":1007}},"index":4,"list":"EntityList","mode":"SNAPSHOT","sample":0},"format":"warhammer-vault-cco-probe-v1","kind":"ENTITY","metadata":{"gameVersion":"9.0.2.0","gameVersionSource":"INSTALLER_EXE_VERSION","scenarioId":"CCO_P0_CUSTOM_BATTLE","sessionId":"98c014a5-8c8c-4ed9-aa0c-7e57a45dd48c","staticSnapshotId":"c7bd67f50bb4df4f16254e5e9615324e615debf434c865de014e77e4483471e5","unitSize":"MEDIUM","unitSizeSource":"DECLARED_SETUP"},"runId":"snapshot-3","sequence":329,"sessionId":"98c014a5-8c8c-4ed9-aa0c-7e57a45dd48c:table: 000000046C6B0888:<35.4s>:1790858880:5134.32421875","timestamp":{"status":"VALUE","value":23400}}
<36.5s><23400ms> WH3_RUNTIME_PROBE|{"data":{"fields":{"EntityRecordContext.Key":{"status":"VALUE","value":"wh_dlc04_infantry_free_company_blood_dismembers"},"IsAlive":{"status":"VALUE","value":true},"IsEngine":{"status":"VALUE","value":false},"IsMan":{"status":"VALUE","value":true},"IsReloading":{"status":"VALUE","value":true},"Key":{"status":"VALUE","value":"wh_dlc04_infantry_free_company_blood_dismembers"},"Position":{"status":"VALUE","value":[-53.217437744141,526.97717285156,-2.8291065692902,0]},"ReloadPercent":{"status":"VALUE","value":0.56666660308838},"ReloadRemainingTime":{"status":"VALUE","value":3.9000005722046},"UnitContext.UniqueUiId":{"status":"VALUE","value":1007}},"index":5,"list":"EntityList","mode":"SNAPSHOT","sample":0},"format":"warhammer-vault-cco-probe-v1","kind":"ENTITY","metadata":{"gameVersion":"9.0.2.0","gameVersionSource":"INSTALLER_EXE_VERSION","scenarioId":"CCO_P0_CUSTOM_BATTLE","sessionId":"98c014a5-8c8c-4ed9-aa0c-7e57a45dd48c","staticSnapshotId":"c7bd67f50bb4df4f16254e5e9615324e615debf434c865de014e77e4483471e5","unitSize":"MEDIUM","unitSizeSource":"DECLARED_SETUP"},"runId":"snapshot-3","sequence":330,"sessionId":"98c014a5-8c8c-4ed9-aa0c-7e57a45dd48c:table: 000000046C6B0888:<35.4s>:1790858880:5134.32421875","timestamp":{"status":"VALUE","value":23400}}
<36.5s><23400ms> WH3_RUNTIME_PROBE|{"data":{"fields":{"EntityRecordContext.Key":{"status":"VALUE","value":"wh_dlc04_infantry_free_company_blood_dismembers"},"IsAlive":{"status":"VALUE","value":true},"IsEngine":{"status":"VALUE","value":false},"IsMan":{"status":"VALUE","value":true},"IsReloading":{"status":"VALUE","value":true},"Key":{"status":"VALUE","value":"wh_dlc04_infantry_free_company_blood_dismembers"},"Position":{"status":"VALUE","value":[-51.047004699707,527.71295166016,6.0475649833679,0]},"ReloadPercent":{"status":"VALUE","value":0.25555580854416},"ReloadRemainingTime":{"status":"VALUE","value":6.6999979019165},"UnitContext.UniqueUiId":{"status":"VALUE","value":1007}},"index":6,"list":"EntityList","mode":"SNAPSHOT","sample":0},"format":"warhammer-vault-cco-probe-v1","kind":"ENTITY","metadata":{"gameVersion":"9.0.2.0","gameVersionSource":"INSTALLER_EXE_VERSION","scenarioId":"CCO_P0_CUSTOM_BATTLE","sessionId":"98c014a5-8c8c-4ed9-aa0c-7e57a45dd48c","staticSnapshotId":"c7bd67f50bb4df4f16254e5e9615324e615debf434c865de014e77e4483471e5","unitSize":"MEDIUM","unitSizeSource":"DECLARED_SETUP"},"runId":"snapshot-3","sequence":331,"sessionId":"98c014a5-8c8c-4ed9-aa0c-7e57a45dd48c:table: 000000046C6B0888:<35.4s>:1790858880:5134.32421875","timestamp":{"status":"VALUE","value":23400}}
<36.5s><23400ms> WH3_RUNTIME_PROBE|{"data":{"fields":{"EntityRecordContext.Key":{"status":"VALUE","value":"wh_dlc04_infantry_free_company_blood_dismembers"},"IsAlive":{"status":"VALUE","value":true},"IsEngine":{"status":"VALUE","value":false},"IsMan":{"status":"VALUE","value":true},"IsReloading":{"status":"VALUE","value":true},"Key":{"status":"VALUE","value":"wh_dlc04_infantry_free_company_blood_dismembers"},"Position":{"status":"VALUE","value":[-53.265247344971,526.85491943359,-4.5025792121887,0]},"ReloadPercent":{"status":"VALUE","value":0.27777796983719},"ReloadRemainingTime":{"status":"VALUE","value":6.4999980926514},"UnitContext.UniqueUiId":{"status":"VALUE","value":1007}},"index":7,"list":"EntityList","mode":"SNAPSHOT","sample":0},"format":"warhammer-vault-cco-probe-v1","kind":"ENTITY","metadata":{"gameVersion":"9.0.2.0","gameVersionSource":"INSTALLER_EXE_VERSION","scenarioId":"CCO_P0_CUSTOM_BATTLE","sessionId":"98c014a5-8c8c-4ed9-aa0c-7e57a45dd48c","staticSnapshotId":"c7bd67f50bb4df4f16254e5e9615324e615debf434c865de014e77e4483471e5","unitSize":"MEDIUM","unitSizeSource":"DECLARED_SETUP"},"runId":"snapshot-3","sequence":332,"sessionId":"98c014a5-8c8c-4ed9-aa0c-7e57a45dd48c:table: 000000046C6B0888:<35.4s>:1790858880:5134.32421875","timestamp":{"status":"VALUE","value":23400}}
<36.5s><23400ms> WH3_RUNTIME_PROBE|{"data":{"fields":{"EntityRecordContext.Key":{"status":"VALUE","value":"wh_dlc04_infantry_free_company_blood_dismembers"},"IsAlive":{"status":"VALUE","value":true},"IsEngine":{"status":"VALUE","value":false},"IsMan":{"status":"VALUE","value":true},"IsReloading":{"status":"VALUE","value":true},"Key":{"status":"VALUE","value":"wh_dlc04_infantry_free_company_blood_dismembers"},"Position":{"status":"VALUE","value":[-50.57356262207,527.89910888672,7.9674878120422,0]},"ReloadPercent":{"status":"VALUE","value":0.27777796983719},"ReloadRemainingTime":{"status":"VALUE","value":6.4999980926514},"UnitContext.UniqueUiId":{"status":"VALUE","value":1007}},"index":8,"list":"EntityList","mode":"SNAPSHOT","sample":0},"format":"warhammer-vault-cco-probe-v1","kind":"ENTITY","metadata":{"gameVersion":"9.0.2.0","gameVersionSource":"INSTALLER_EXE_VERSION","scenarioId":"CCO_P0_CUSTOM_BATTLE","sessionId":"98c014a5-8c8c-4ed9-aa0c-7e57a45dd48c","staticSnapshotId":"c7bd67f50bb4df4f16254e5e9615324e615debf434c865de014e77e4483471e5","unitSize":"MEDIUM","unitSizeSource":"DECLARED_SETUP"},"runId":"snapshot-3","sequence":333,"sessionId":"98c014a5-8c8c-4ed9-aa0c-7e57a45dd48c:table: 000000046C6B0888:<35.4s>:1790858880:5134.32421875","timestamp":{"status":"VALUE","value":23400}}
<36.5s><23400ms> WH3_RUNTIME_PROBE|{"data":{"fields":{"EntityRecordContext.Key":{"status":"VALUE","value":"wh_dlc04_infantry_free_company_blood_dismembers"},"IsAlive":{"status":"VALUE","value":true},"IsEngine":{"status":"VALUE","value":false},"IsMan":{"status":"VALUE","value":true},"IsReloading":{"status":"VALUE","value":true},"Key":{"status":"VALUE","value":"wh_dlc04_infantry_free_company_blood_dismembers"},"Position":{"status":"VALUE","value":[-53.500686645508,526.71746826172,-6.6996369361877,0]},"ReloadPercent":{"status":"VALUE","value":0.27777796983719},"ReloadRemainingTime":{"status":"VALUE","value":6.4999980926514},"UnitContext.UniqueUiId":{"status":"VALUE","value":1007}},"index":9,"list":"EntityList","mode":"SNAPSHOT","sample":0},"format":"warhammer-vault-cco-probe-v1","kind":"ENTITY","metadata":{"gameVersion":"9.0.2.0","gameVersionSource":"INSTALLER_EXE_VERSION","scenarioId":"CCO_P0_CUSTOM_BATTLE","sessionId":"98c014a5-8c8c-4ed9-aa0c-7e57a45dd48c","staticSnapshotId":"c7bd67f50bb4df4f16254e5e9615324e615debf434c865de014e77e4483471e5","unitSize":"MEDIUM","unitSizeSource":"DECLARED_SETUP"},"runId":"snapshot-3","sequence":334,"sessionId":"98c014a5-8c8c-4ed9-aa0c-7e57a45dd48c:table: 000000046C6B0888:<35.4s>:1790858880:5134.32421875","timestamp":{"status":"VALUE","value":23400}}
<36.5s><23400ms> WH3_RUNTIME_PROBE|{"data":{"fields":{"EntityRecordContext.Key":{"status":"VALUE","value":"wh_dlc04_infantry_free_company_blood_dismembers"},"IsAlive":{"status":"VALUE","value":true},"IsEngine":{"status":"VALUE","value":false},"IsMan":{"status":"VALUE","value":true},"IsReloading":{"status":"VALUE","value":true},"Key":{"status":"VALUE","value":"wh_dlc04_infantry_free_company_blood_dismembers"},"Position":{"status":"VALUE","value":[-50.6399269104,528.02423095703,9.2645711898804,0]},"ReloadPercent":{"status":"VALUE","value":0.5},"ReloadRemainingTime":{"status":"VALUE","value":4.5},"UnitContext.UniqueUiId":{"status":"VALUE","value":1007}},"index":10,"list":"EntityList","mode":"SNAPSHOT","sample":0},"format":"warhammer-vault-cco-probe-v1","kind":"ENTITY","metadata":{"gameVersion":"9.0.2.0","gameVersionSource":"INSTALLER_EXE_VERSION","scenarioId":"CCO_P0_CUSTOM_BATTLE","sessionId":"98c014a5-8c8c-4ed9-aa0c-7e57a45dd48c","staticSnapshotId":"c7bd67f50bb4df4f16254e5e9615324e615debf434c865de014e77e4483471e5","unitSize":"MEDIUM","unitSizeSource":"DECLARED_SETUP"},"runId":"snapshot-3","sequence":335,"sessionId":"98c014a5-8c8c-4ed9-aa0c-7e57a45dd48c:table: 000000046C6B0888:<35.4s>:1790858880:5134.32421875","timestamp":{"status":"VALUE","value":23400}}
<36.5s><23400ms> WH3_RUNTIME_PROBE|{"data":{"fields":{"EntityRecordContext.Key":{"status":"VALUE","value":"wh_dlc04_infantry_free_company_blood_dismembers"},"IsAlive":{"status":"VALUE","value":true},"IsEngine":{"status":"VALUE","value":false},"IsMan":{"status":"VALUE","value":true},"IsReloading":{"status":"VALUE","value":true},"Key":{"status":"VALUE","value":"wh_dlc04_infantry_free_company_blood_dismembers"},"Position":{"status":"VALUE","value":[-54.002944946289,526.6728515625,-7.9051084518433,0]},"ReloadPercent":{"status":"VALUE","value":0.27777796983719},"ReloadRemainingTime":{"status":"VALUE","value":6.4999980926514},"UnitContext.UniqueUiId":{"status":"VALUE","value":1007}},"index":11,"list":"EntityList","mode":"SNAPSHOT","sample":0},"format":"warhammer-vault-cco-probe-v1","kind":"ENTITY","metadata":{"gameVersion":"9.0.2.0","gameVersionSource":"INSTALLER_EXE_VERSION","scenarioId":"CCO_P0_CUSTOM_BATTLE","sessionId":"98c014a5-8c8c-4ed9-aa0c-7e57a45dd48c","staticSnapshotId":"c7bd67f50bb4df4f16254e5e9615324e615debf434c865de014e77e4483471e5","unitSize":"MEDIUM","unitSizeSource":"DECLARED_SETUP"},"runId":"snapshot-3","sequence":336,"sessionId":"98c014a5-8c8c-4ed9-aa0c-7e57a45dd48c:table: 000000046C6B0888:<35.4s>:1790858880:5134.32421875","timestamp":{"status":"VALUE","value":23400}}
<36.5s><23400ms> WH3_RUNTIME_PROBE|{"data":{"fields":{"EntityRecordContext.Key":{"status":"VALUE","value":"wh_dlc04_infantry_free_company_blood_dismembers"},"IsAlive":{"status":"VALUE","value":true},"IsEngine":{"status":"VALUE","value":false},"IsMan":{"status":"VALUE","value":true},"IsReloading":{"status":"VALUE","value":true},"Key":{"status":"VALUE","value":"wh_dlc04_infantry_free_company_blood_dismembers"},"Position":{"status":"VALUE","value":[-50.64762878418,528.1806640625,11.158812522888,0]},"ReloadPercent":{"status":"VALUE","value":0.58888876438141},"ReloadRemainingTime":{"status":"VALUE","value":3.7000007629395},"UnitContext.UniqueUiId":{"status":"VALUE","value":1007}},"index":12,"list":"EntityList","mode":"SNAPSHOT","sample":0},"format":"warhammer-vault-cco-probe-v1","kind":"ENTITY","metadata":{"gameVersion":"9.0.2.0","gameVersionSource":"INSTALLER_EXE_VERSION","scenarioId":"CCO_P0_CUSTOM_BATTLE","sessionId":"98c014a5-8c8c-4ed9-aa0c-7e57a45dd48c","staticSnapshotId":"c7bd67f50bb4df4f16254e5e9615324e615debf434c865de014e77e4483471e5","unitSize":"MEDIUM","unitSizeSource":"DECLARED_SETUP"},"runId":"snapshot-3","sequence":337,"sessionId":"98c014a5-8c8c-4ed9-aa0c-7e57a45dd48c:table: 000000046C6B0888:<35.4s>:1790858880:5134.32421875","timestamp":{"status":"VALUE","value":23400}}
<36.5s><23400ms> WH3_RUNTIME_PROBE|{"data":{"fields":{"EntityRecordContext.Key":{"status":"VALUE","value":"wh_dlc04_infantry_free_company_blood_dismembers"},"IsAlive":{"status":"VALUE","value":true},"IsEngine":{"status":"VALUE","value":false},"IsMan":{"status":"VALUE","value":true},"IsReloading":{"status":"VALUE","value":true},"Key":{"status":"VALUE","value":"wh_dlc04_infantry_free_company_blood_dismembers"},"Position":{"status":"VALUE","value":[-54.241104125977,526.61010742188,-9.1831007003784,0]},"ReloadPercent":{"status":"VALUE","value":0.27777796983719},"ReloadRemainingTime":{"status":"VALUE","value":6.4999980926514},"UnitContext.UniqueUiId":{"status":"VALUE","value":1007}},"index":13,"list":"EntityList","mode":"SNAPSHOT","sample":0},"format":"warhammer-vault-cco-probe-v1","kind":"ENTITY","metadata":{"gameVersion":"9.0.2.0","gameVersionSource":"INSTALLER_EXE_VERSION","scenarioId":"CCO_P0_CUSTOM_BATTLE","sessionId":"98c014a5-8c8c-4ed9-aa0c-7e57a45dd48c","staticSnapshotId":"c7bd67f50bb4df4f16254e5e9615324e615debf434c865de014e77e4483471e5","unitSize":"MEDIUM","unitSizeSource":"DECLARED_SETUP"},"runId":"snapshot-3","sequence":338,"sessionId":"98c014a5-8c8c-4ed9-aa0c-7e57a45dd48c:table: 000000046C6B0888:<35.4s>:1790858880:5134.32421875","timestamp":{"status":"VALUE","value":23400}}
<36.5s><23400ms> WH3_RUNTIME_PROBE|{"data":{"fields":{"EntityRecordContext.Key":{"status":"VALUE","value":"wh_dlc04_infantry_free_company_blood_dismembers"},"IsAlive":{"status":"VALUE","value":true},"IsEngine":{"status":"VALUE","value":false},"IsMan":{"status":"VALUE","value":true},"IsReloading":{"status":"VALUE","value":true},"Key":{"status":"VALUE","value":"wh_dlc04_infantry_free_company_blood_dismembers"},"Position":{"status":"VALUE","value":[-49.783695220947,528.28234863281,12.898180961609,0]},"ReloadPercent":{"status":"VALUE","value":0.25555580854416},"ReloadRemainingTime":{"status":"VALUE","value":6.6999979019165},"UnitContext.UniqueUiId":{"status":"VALUE","value":1007}},"index":14,"list":"EntityList","mode":"SNAPSHOT","sample":0},"format":"warhammer-vault-cco-probe-v1","kind":"ENTITY","metadata":{"gameVersion":"9.0.2.0","gameVersionSource":"INSTALLER_EXE_VERSION","scenarioId":"CCO_P0_CUSTOM_BATTLE","sessionId":"98c014a5-8c8c-4ed9-aa0c-7e57a45dd48c","staticSnapshotId":"c7bd67f50bb4df4f16254e5e9615324e615debf434c865de014e77e4483471e5","unitSize":"MEDIUM","unitSizeSource":"DECLARED_SETUP"},"runId":"snapshot-3","sequence":339,"sessionId":"98c014a5-8c8c-4ed9-aa0c-7e57a45dd48c:table: 000000046C6B0888:<35.4s>:1790858880:5134.32421875","timestamp":{"status":"VALUE","value":23400}}
<36.5s><23400ms> WH3_RUNTIME_PROBE|{"data":{"fields":{"EntityRecordContext.Key":{"status":"VALUE","value":"wh_dlc04_infantry_free_company_blood_dismembers"},"IsAlive":{"status":"VALUE","value":true},"IsEngine":{"status":"VALUE","value":false},"IsMan":{"status":"VALUE","value":true},"IsReloading":{"status":"VALUE","value":true},"Key":{"status":"VALUE","value":"wh_dlc04_infantry_free_company_blood_dismembers"},"Position":{"status":"VALUE","value":[-50.476078033447,527.23889160156,1.4985253810883,0]},"ReloadPercent":{"status":"VALUE","value":0.27777796983719},"ReloadRemainingTime":{"status":"VALUE","value":6.4999980926514},"UnitContext.UniqueUiId":{"status":"VALUE","value":1007}},"index":15,"list":"EntityList","mode":"SNAPSHOT","sample":0},"format":"warhammer-vault-cco-probe-v1","kind":"ENTITY","metadata":{"gameVersion":"9.0.2.0","gameVersionSource":"INSTALLER_EXE_VERSION","scenarioId":"CCO_P0_CUSTOM_BATTLE","sessionId":"98c014a5-8c8c-4ed9-aa0c-7e57a45dd48c","staticSnapshotId":"c7bd67f50bb4df4f16254e5e9615324e615debf434c865de014e77e4483471e5","unitSize":"MEDIUM","unitSizeSource":"DECLARED_SETUP"},"runId":"snapshot-3","sequence":340,"sessionId":"98c014a5-8c8c-4ed9-aa0c-7e57a45dd48c:table: 000000046C6B0888:<35.4s>:1790858880:5134.32421875","timestamp":{"status":"VALUE","value":23400}}
<36.5s><23400ms> WH3_RUNTIME_PROBE|{"data":{"fields":{"EntityRecordContext.Key":{"status":"VALUE","value":"wh_dlc04_infantry_free_company_blood_dismembers"},"IsAlive":{"status":"VALUE","value":true},"IsEngine":{"status":"VALUE","value":false},"IsMan":{"status":"VALUE","value":true},"IsReloading":{"status":"VALUE","value":true},"Key":{"status":"VALUE","value":"wh_dlc04_infantry_free_company_blood_dismembers"},"Position":{"status":"VALUE","value":[-49.926246643066,527.34020996094,2.6746597290039,0]},"ReloadPercent":{"status":"VALUE","value":0.27777796983719},"ReloadRemainingTime":{"status":"VALUE","value":6.4999980926514},"UnitContext.UniqueUiId":{"status":"VALUE","value":1007}},"index":16,"list":"EntityList","mode":"SNAPSHOT","sample":0},"format":"warhammer-vault-cco-probe-v1","kind":"ENTITY","metadata":{"gameVersion":"9.0.2.0","gameVersionSource":"INSTALLER_EXE_VERSION","scenarioId":"CCO_P0_CUSTOM_BATTLE","sessionId":"98c014a5-8c8c-4ed9-aa0c-7e57a45dd48c","staticSnapshotId":"c7bd67f50bb4df4f16254e5e9615324e615debf434c865de014e77e4483471e5","unitSize":"MEDIUM","unitSizeSource":"DECLARED_SETUP"},"runId":"snapshot-3","sequence":341,"sessionId":"98c014a5-8c8c-4ed9-aa0c-7e57a45dd48c:table: 000000046C6B0888:<35.4s>:1790858880:5134.32421875","timestamp":{"status":"VALUE","value":23400}}
<36.5s><23400ms> WH3_RUNTIME_PROBE|{"data":{"fields":{"EntityRecordContext.Key":{"status":"VALUE","value":"wh_dlc04_infantry_free_company_blood_dismembers"},"IsAlive":{"status":"VALUE","value":true},"IsEngine":{"status":"VALUE","value":false},"IsMan":{"status":"VALUE","value":true},"IsReloading":{"status":"VALUE","value":true},"Key":{"status":"VALUE","value":"wh_dlc04_infantry_free_company_blood_dismembers"},"Position":{"status":"VALUE","value":[-51.004505157471,527.07653808594,-0.43131446838379,0]},"ReloadPercent":{"status":"VALUE","value":0.27777796983719},"ReloadRemainingTime":{"status":"VALUE","value":6.4999980926514},"UnitContext.UniqueUiId":{"status":"VALUE","value":1007}},"index":17,"list":"EntityList","mode":"SNAPSHOT","sample":0},"format":"warhammer-vault-cco-probe-v1","kind":"ENTITY","metadata":{"gameVersion":"9.0.2.0","gameVersionSource":"INSTALLER_EXE_VERSION","scenarioId":"CCO_P0_CUSTOM_BATTLE","sessionId":"98c014a5-8c8c-4ed9-aa0c-7e57a45dd48c","staticSnapshotId":"c7bd67f50bb4df4f16254e5e9615324e615debf434c865de014e77e4483471e5","unitSize":"MEDIUM","unitSizeSource":"DECLARED_SETUP"},"runId":"snapshot-3","sequence":342,"sessionId":"98c014a5-8c8c-4ed9-aa0c-7e57a45dd48c:table: 000000046C6B0888:<35.4s>:1790858880:5134.32421875","timestamp":{"status":"VALUE","value":23400}}
<36.5s><23400ms> WH3_RUNTIME_PROBE|{"data":{"fields":{"EntityRecordContext.Key":{"status":"VALUE","value":"wh_dlc04_infantry_free_company_blood_dismembers"},"IsAlive":{"status":"VALUE","value":true},"IsEngine":{"status":"VALUE","value":false},"IsMan":{"status":"VALUE","value":true},"IsReloading":{"status":"VALUE","value":true},"Key":{"status":"VALUE","value":"wh_dlc04_infantry_free_company_blood_dismembers"},"Position":{"status":"VALUE","value":[-50.051181793213,527.56127929688,4.7066330909729,0]},"ReloadPercent":{"status":"VALUE","value":0.25555580854416},"ReloadRemainingTime":{"status":"VALUE","value":6.6999979019165},"UnitContext.UniqueUiId":{"status":"VALUE","value":1007}},"index":18,"list":"EntityList","mode":"SNAPSHOT","sample":0},"format":"warhammer-vault-cco-probe-v1","kind":"ENTITY","metadata":{"gameVersion":"9.0.2.0","gameVersionSource":"INSTALLER_EXE_VERSION","scenarioId":"CCO_P0_CUSTOM_BATTLE","sessionId":"98c014a5-8c8c-4ed9-aa0c-7e57a45dd48c","staticSnapshotId":"c7bd67f50bb4df4f16254e5e9615324e615debf434c865de014e77e4483471e5","unitSize":"MEDIUM","unitSizeSource":"DECLARED_SETUP"},"runId":"snapshot-3","sequence":343,"sessionId":"98c014a5-8c8c-4ed9-aa0c-7e57a45dd48c:table: 000000046C6B0888:<35.4s>:1790858880:5134.32421875","timestamp":{"status":"VALUE","value":23400}}
<36.5s><23400ms> WH3_RUNTIME_PROBE|{"data":{"fields":{"EntityRecordContext.Key":{"status":"VALUE","value":"wh_dlc04_infantry_free_company_blood_dismembers"},"IsAlive":{"status":"VALUE","value":true},"IsEngine":{"status":"VALUE","value":false},"IsMan":{"status":"VALUE","value":true},"IsReloading":{"status":"VALUE","value":true},"Key":{"status":"VALUE","value":"wh_dlc04_infantry_free_company_blood_dismembers"},"Position":{"status":"VALUE","value":[-50.609157562256,526.91223144531,-2.0205965042114,0]},"ReloadPercent":{"status":"VALUE","value":0.27777796983719},"ReloadRemainingTime":{"status":"VALUE","value":6.4999980926514},"UnitContext.UniqueUiId":{"status":"VALUE","value":1007}},"index":19,"list":"EntityList","mode":"SNAPSHOT","sample":0},"format":"warhammer-vault-cco-probe-v1","kind":"ENTITY","metadata":{"gameVersion":"9.0.2.0","gameVersionSource":"INSTALLER_EXE_VERSION","scenarioId":"CCO_P0_CUSTOM_BATTLE","sessionId":"98c014a5-8c8c-4ed9-aa0c-7e57a45dd48c","staticSnapshotId":"c7bd67f50bb4df4f16254e5e9615324e615debf434c865de014e77e4483471e5","unitSize":"MEDIUM","unitSizeSource":"DECLARED_SETUP"},"runId":"snapshot-3","sequence":344,"sessionId":"98c014a5-8c8c-4ed9-aa0c-7e57a45dd48c:table: 000000046C6B0888:<35.4s>:1790858880:5134.32421875","timestamp":{"status":"VALUE","value":23400}}
<36.5s><23400ms> WH3_RUNTIME_PROBE|{"data":{"fields":{"EntityRecordContext.Key":{"status":"VALUE","value":"wh_dlc04_infantry_free_company_blood_dismembers"},"IsAlive":{"status":"VALUE","value":true},"IsEngine":{"status":"VALUE","value":false},"IsMan":{"status":"VALUE","value":true},"IsReloading":{"status":"VALUE","value":true},"Key":{"status":"VALUE","value":"wh_dlc04_infantry_free_company_blood_dismembers"},"Position":{"status":"VALUE","value":[-49.510860443115,527.70642089844,6.2386684417725,0]},"ReloadPercent":{"status":"VALUE","value":0.27777796983719},"ReloadRemainingTime":{"status":"VALUE","value":6.4999980926514},"UnitContext.UniqueUiId":{"status":"VALUE","value":1007}},"index":20,"list":"EntityList","mode":"SNAPSHOT","sample":0},"format":"warhammer-vault-cco-probe-v1","kind":"ENTITY","metadata":{"gameVersion":"9.0.2.0","gameVersionSource":"INSTALLER_EXE_VERSION","scenarioId":"CCO_P0_CUSTOM_BATTLE","sessionId":"98c014a5-8c8c-4ed9-aa0c-7e57a45dd48c","staticSnapshotId":"c7bd67f50bb4df4f16254e5e9615324e615debf434c865de014e77e4483471e5","unitSize":"MEDIUM","unitSizeSource":"DECLARED_SETUP"},"runId":"snapshot-3","sequence":345,"sessionId":"98c014a5-8c8c-4ed9-aa0c-7e57a45dd48c:table: 000000046C6B0888:<35.4s>:1790858880:5134.32421875","timestamp":{"status":"VALUE","value":23400}}
<36.5s><23400ms> WH3_RUNTIME_PROBE|{"data":{"fields":{"EntityRecordContext.Key":{"status":"VALUE","value":"wh_dlc04_infantry_free_company_blood_dismembers"},"IsAlive":{"status":"VALUE","value":true},"IsEngine":{"status":"VALUE","value":false},"IsMan":{"status":"VALUE","value":true},"IsReloading":{"status":"VALUE","value":true},"Key":{"status":"VALUE","value":"wh_dlc04_infantry_free_company_blood_dismembers"},"Position":{"status":"VALUE","value":[-51.016628265381,526.82800292969,-3.2866220474243,0]},"ReloadPercent":{"status":"VALUE","value":0.58888876438141},"ReloadRemainingTime":{"status":"VALUE","value":3.7000007629395},"UnitContext.UniqueUiId":{"status":"VALUE","value":1007}},"index":21,"list":"EntityList","mode":"SNAPSHOT","sample":0},"format":"warhammer-vault-cco-probe-v1","kind":"ENTITY","metadata":{"gameVersion":"9.0.2.0","gameVersionSource":"INSTALLER_EXE_VERSION","scenarioId":"CCO_P0_CUSTOM_BATTLE","sessionId":"98c014a5-8c8c-4ed9-aa0c-7e57a45dd48c","staticSnapshotId":"c7bd67f50bb4df4f16254e5e9615324e615debf434c865de014e77e4483471e5","unitSize":"MEDIUM","unitSizeSource":"DECLARED_SETUP"},"runId":"snapshot-3","sequence":346,"sessionId":"98c014a5-8c8c-4ed9-aa0c-7e57a45dd48c:table: 000000046C6B0888:<35.4s>:1790858880:5134.32421875","timestamp":{"status":"VALUE","value":23400}}
<36.5s><23400ms> WH3_RUNTIME_PROBE|{"data":{"fields":{"EntityRecordContext.Key":{"status":"VALUE","value":"wh_dlc04_infantry_free_company_blood_dismembers"},"IsAlive":{"status":"VALUE","value":true},"IsEngine":{"status":"VALUE","value":false},"IsMan":{"status":"VALUE","value":true},"IsReloading":{"status":"VALUE","value":true},"Key":{"status":"VALUE","value":"wh_dlc04_infantry_free_company_blood_dismembers"},"Position":{"status":"VALUE","value":[-49.345443725586,527.8359375,7.5439453125,0]},"ReloadPercent":{"status":"VALUE","value":0.54444444179535},"ReloadRemainingTime":{"status":"VALUE","value":4.1000003814697},"UnitContext.UniqueUiId":{"status":"VALUE","value":1007}},"index":22,"list":"EntityList","mode":"SNAPSHOT","sample":0},"format":"warhammer-vault-cco-probe-v1","kind":"ENTITY","metadata":{"gameVersion":"9.0.2.0","gameVersionSource":"INSTALLER_EXE_VERSION","scenarioId":"CCO_P0_CUSTOM_BATTLE","sessionId":"98c014a5-8c8c-4ed9-aa0c-7e57a45dd48c","staticSnapshotId":"c7bd67f50bb4df4f16254e5e9615324e615debf434c865de014e77e4483471e5","unitSize":"MEDIUM","unitSizeSource":"DECLARED_SETUP"},"runId":"snapshot-3","sequence":347,"sessionId":"98c014a5-8c8c-4ed9-aa0c-7e57a45dd48c:table: 000000046C6B0888:<35.4s>:1790858880:5134.32421875","timestamp":{"status":"VALUE","value":23400}}
<36.5s><23400ms> WH3_RUNTIME_PROBE|{"data":{"fields":{"EntityRecordContext.Key":{"status":"VALUE","value":"wh_dlc04_infantry_free_company_blood_dismembers"},"IsAlive":{"status":"VALUE","value":true},"IsEngine":{"status":"VALUE","value":false},"IsMan":{"status":"VALUE","value":true},"IsReloading":{"status":"VALUE","value":true},"Key":{"status":"VALUE","value":"wh_dlc04_infantry_free_company_blood_dismembers"},"Position":{"status":"VALUE","value":[-51.36600112915,526.74780273438,-4.5387921333313,0]},"ReloadPercent":{"status":"VALUE","value":0.56666660308838},"ReloadRemainingTime":{"status":"VALUE","value":3.9000005722046},"UnitContext.UniqueUiId":{"status":"VALUE","value":1007}},"index":23,"list":"EntityList","mode":"SNAPSHOT","sample":0},"format":"warhammer-vault-cco-probe-v1","kind":"ENTITY","metadata":{"gameVersion":"9.0.2.0","gameVersionSource":"INSTALLER_EXE_VERSION","scenarioId":"CCO_P0_CUSTOM_BATTLE","sessionId":"98c014a5-8c8c-4ed9-aa0c-7e57a45dd48c","staticSnapshotId":"c7bd67f50bb4df4f16254e5e9615324e615debf434c865de014e77e4483471e5","unitSize":"MEDIUM","unitSizeSource":"DECLARED_SETUP"},"runId":"snapshot-3","sequence":348,"sessionId":"98c014a5-8c8c-4ed9-aa0c-7e57a45dd48c:table: 000000046C6B0888:<35.4s>:1790858880:5134.32421875","timestamp":{"status":"VALUE","value":23400}}
<36.5s><23400ms> WH3_RUNTIME_PROBE|{"data":{"fields":{"EntityRecordContext.Key":{"status":"VALUE","value":"wh_dlc04_infantry_free_company_blood_dismembers"},"IsAlive":{"status":"VALUE","value":true},"IsEngine":{"status":"VALUE","value":false},"IsMan":{"status":"VALUE","value":true},"IsReloading":{"status":"VALUE","value":false},"Key":{"status":"VALUE","value":"wh_dlc04_infantry_free_company_blood_dismembers"},"Position":{"status":"VALUE","value":[-48.957332611084,527.97387695313,9.0979661941528,0]},"ReloadPercent":{"status":"VALUE","value":1},"ReloadRemainingTime":{"status":"VALUE","value":0},"UnitContext.UniqueUiId":{"status":"VALUE","value":1007}},"index":24,"list":"EntityList","mode":"SNAPSHOT","sample":0},"format":"warhammer-vault-cco-probe-v1","kind":"ENTITY","metadata":{"gameVersion":"9.0.2.0","gameVersionSource":"INSTALLER_EXE_VERSION","scenarioId":"CCO_P0_CUSTOM_BATTLE","sessionId":"98c014a5-8c8c-4ed9-aa0c-7e57a45dd48c","staticSnapshotId":"c7bd67f50bb4df4f16254e5e9615324e615debf434c865de014e77e4483471e5","unitSize":"MEDIUM","unitSizeSource":"DECLARED_SETUP"},"runId":"snapshot-3","sequence":349,"sessionId":"98c014a5-8c8c-4ed9-aa0c-7e57a45dd48c:table: 000000046C6B0888:<35.4s>:1790858880:5134.32421875","timestamp":{"status":"VALUE","value":23400}}
<36.5s><23400ms> WH3_RUNTIME_PROBE|{"data":{"fields":{"EntityRecordContext.Key":{"status":"VALUE","value":"wh_dlc04_infantry_free_company_blood_dismembers"},"IsAlive":{"status":"VALUE","value":true},"IsEngine":{"status":"VALUE","value":false},"IsMan":{"status":"VALUE","value":true},"IsReloading":{"status":"VALUE","value":true},"Key":{"status":"VALUE","value":"wh_dlc04_infantry_free_company_blood_dismembers"},"Position":{"status":"VALUE","value":[-51.607734680176,526.62286376953,-6.4003648757935,0]},"ReloadPercent":{"status":"VALUE","value":0.55555546283722},"ReloadRemainingTime":{"status":"VALUE","value":4.0000004768372},"UnitContext.UniqueUiId":{"status":"VALUE","value":1007}},"index":25,"list":"EntityList","mode":"SNAPSHOT","sample":0},"format":"warhammer-vault-cco-probe-v1","kind":"ENTITY","metadata":{"gameVersion":"9.0.2.0","gameVersionSource":"INSTALLER_EXE_VERSION","scenarioId":"CCO_P0_CUSTOM_BATTLE","sessionId":"98c014a5-8c8c-4ed9-aa0c-7e57a45dd48c","staticSnapshotId":"c7bd67f50bb4df4f16254e5e9615324e615debf434c865de014e77e4483471e5","unitSize":"MEDIUM","unitSizeSource":"DECLARED_SETUP"},"runId":"snapshot-3","sequence":350,"sessionId":"98c014a5-8c8c-4ed9-aa0c-7e57a45dd48c:table: 000000046C6B0888:<35.4s>:1790858880:5134.32421875","timestamp":{"status":"VALUE","value":23400}}
<36.5s><23400ms> WH3_RUNTIME_PROBE|{"data":{"fields":{"EntityRecordContext.Key":{"status":"VALUE","value":"wh_dlc04_infantry_free_company_blood_dismembers"},"IsAlive":{"status":"VALUE","value":true},"IsEngine":{"status":"VALUE","value":false},"IsMan":{"status":"VALUE","value":true},"IsReloading":{"status":"VALUE","value":true},"Key":{"status":"VALUE","value":"wh_dlc04_infantry_free_company_blood_dismembers"},"Position":{"status":"VALUE","value":[-48.919044494629,528.11926269531,10.874157905579,0]},"ReloadPercent":{"status":"VALUE","value":0.55555546283722},"ReloadRemainingTime":{"status":"VALUE","value":4.0000004768372},"UnitContext.UniqueUiId":{"status":"VALUE","value":1007}},"index":26,"list":"EntityList","mode":"SNAPSHOT","sample":0},"format":"warhammer-vault-cco-probe-v1","kind":"ENTITY","metadata":{"gameVersion":"9.0.2.0","gameVersionSource":"INSTALLER_EXE_VERSION","scenarioId":"CCO_P0_CUSTOM_BATTLE","sessionId":"98c014a5-8c8c-4ed9-aa0c-7e57a45dd48c","staticSnapshotId":"c7bd67f50bb4df4f16254e5e9615324e615debf434c865de014e77e4483471e5","unitSize":"MEDIUM","unitSizeSource":"DECLARED_SETUP"},"runId":"snapshot-3","sequence":351,"sessionId":"98c014a5-8c8c-4ed9-aa0c-7e57a45dd48c:table: 000000046C6B0888:<35.4s>:1790858880:5134.32421875","timestamp":{"status":"VALUE","value":23400}}
<36.5s><23400ms> WH3_RUNTIME_PROBE|{"data":{"fields":{"EntityRecordContext.Key":{"status":"VALUE","value":"wh_dlc04_infantry_free_company_blood_dismembers"},"IsAlive":{"status":"VALUE","value":true},"IsEngine":{"status":"VALUE","value":false},"IsMan":{"status":"VALUE","value":true},"IsReloading":{"status":"VALUE","value":true},"Key":{"status":"VALUE","value":"wh_dlc04_infantry_free_company_blood_dismembers"},"Position":{"status":"VALUE","value":[-52.033737182617,526.5654296875,-7.6417093276978,0]},"ReloadPercent":{"status":"VALUE","value":0.27777796983719},"ReloadRemainingTime":{"status":"VALUE","value":6.4999980926514},"UnitContext.UniqueUiId":{"status":"VALUE","value":1007}},"index":27,"list":"EntityList","mode":"SNAPSHOT","sample":0},"format":"warhammer-vault-cco-probe-v1","kind":"ENTITY","metadata":{"gameVersion":"9.0.2.0","gameVersionSource":"INSTALLER_EXE_VERSION","scenarioId":"CCO_P0_CUSTOM_BATTLE","sessionId":"98c014a5-8c8c-4ed9-aa0c-7e57a45dd48c","staticSnapshotId":"c7bd67f50bb4df4f16254e5e9615324e615debf434c865de014e77e4483471e5","unitSize":"MEDIUM","unitSizeSource":"DECLARED_SETUP"},"runId":"snapshot-3","sequence":352,"sessionId":"98c014a5-8c8c-4ed9-aa0c-7e57a45dd48c:table: 000000046C6B0888:<35.4s>:1790858880:5134.32421875","timestamp":{"status":"VALUE","value":23400}}
<36.5s><23400ms> WH3_RUNTIME_PROBE|{"data":{"fields":{"EntityRecordContext.Key":{"status":"VALUE","value":"wh_dlc04_infantry_free_company_blood_dismembers"},"IsAlive":{"status":"VALUE","value":true},"IsEngine":{"status":"VALUE","value":false},"IsMan":{"status":"VALUE","value":true},"IsReloading":{"status":"VALUE","value":true},"Key":{"status":"VALUE","value":"wh_dlc04_infantry_free_company_blood_dismembers"},"Position":{"status":"VALUE","value":[-48.449356079102,528.21899414063,12.791007041931,0]},"ReloadPercent":{"status":"VALUE","value":0.20000028610229},"ReloadRemainingTime":{"status":"VALUE","value":7.1999974250793},"UnitContext.UniqueUiId":{"status":"VALUE","value":1007}},"index":28,"list":"EntityList","mode":"SNAPSHOT","sample":0},"format":"warhammer-vault-cco-probe-v1","kind":"ENTITY","metadata":{"gameVersion":"9.0.2.0","gameVersionSource":"INSTALLER_EXE_VERSION","scenarioId":"CCO_P0_CUSTOM_BATTLE","sessionId":"98c014a5-8c8c-4ed9-aa0c-7e57a45dd48c","staticSnapshotId":"c7bd67f50bb4df4f16254e5e9615324e615debf434c865de014e77e4483471e5","unitSize":"MEDIUM","unitSizeSource":"DECLARED_SETUP"},"runId":"snapshot-3","sequence":353,"sessionId":"98c014a5-8c8c-4ed9-aa0c-7e57a45dd48c:table: 000000046C6B0888:<35.4s>:1790858880:5134.32421875","timestamp":{"status":"VALUE","value":23400}}
<36.5s><23400ms> WH3_RUNTIME_PROBE|{"data":{"fields":{"EntityRecordContext.Key":{"status":"VALUE","value":"wh_dlc04_infantry_free_company_blood_dismembers"},"IsAlive":{"status":"VALUE","value":true},"IsEngine":{"status":"VALUE","value":false},"IsMan":{"status":"VALUE","value":true},"IsReloading":{"status":"VALUE","value":true},"Key":{"status":"VALUE","value":"wh_dlc04_infantry_free_company_blood_dismembers"},"Position":{"status":"VALUE","value":[-52.585960388184,526.4990234375,-9.2311143875122,0]},"ReloadPercent":{"status":"VALUE","value":0.27777796983719},"ReloadRemainingTime":{"status":"VALUE","value":6.4999980926514},"UnitContext.UniqueUiId":{"status":"VALUE","value":1007}},"index":29,"list":"EntityList","mode":"SNAPSHOT","sample":0},"format":"warhammer-vault-cco-probe-v1","kind":"ENTITY","metadata":{"gameVersion":"9.0.2.0","gameVersionSource":"INSTALLER_EXE_VERSION","scenarioId":"CCO_P0_CUSTOM_BATTLE","sessionId":"98c014a5-8c8c-4ed9-aa0c-7e57a45dd48c","staticSnapshotId":"c7bd67f50bb4df4f16254e5e9615324e615debf434c865de014e77e4483471e5","unitSize":"MEDIUM","unitSizeSource":"DECLARED_SETUP"},"runId":"snapshot-3","sequence":354,"sessionId":"98c014a5-8c8c-4ed9-aa0c-7e57a45dd48c:table: 000000046C6B0888:<35.4s>:1790858880:5134.32421875","timestamp":{"status":"VALUE","value":23400}}
<36.5s><23400ms> WH3_RUNTIME_PROBE|{"data":{"fields":{"EntityRecordContext.Key":{"status":"VALUE","value":"wh_dlc04_infantry_free_company_blood_dismembers"},"IsAlive":{"status":"VALUE","value":true},"IsEngine":{"status":"VALUE","value":false},"IsMan":{"status":"VALUE","value":true},"IsReloading":{"status":"VALUE","value":true},"Key":{"status":"VALUE","value":"wh_dlc04_infantry_free_company_blood_dismembers"},"Position":{"status":"VALUE","value":[-48.303157806396,527.05883789063,0.73849773406982,0]},"ReloadPercent":{"status":"VALUE","value":0.27777796983719},"ReloadRemainingTime":{"status":"VALUE","value":6.4999980926514},"UnitContext.UniqueUiId":{"status":"VALUE","value":1007}},"index":30,"list":"EntityList","mode":"SNAPSHOT","sample":0},"format":"warhammer-vault-cco-probe-v1","kind":"ENTITY","metadata":{"gameVersion":"9.0.2.0","gameVersionSource":"INSTALLER_EXE_VERSION","scenarioId":"CCO_P0_CUSTOM_BATTLE","sessionId":"98c014a5-8c8c-4ed9-aa0c-7e57a45dd48c","staticSnapshotId":"c7bd67f50bb4df4f16254e5e9615324e615debf434c865de014e77e4483471e5","unitSize":"MEDIUM","unitSizeSource":"DECLARED_SETUP"},"runId":"snapshot-3","sequence":355,"sessionId":"98c014a5-8c8c-4ed9-aa0c-7e57a45dd48c:table: 000000046C6B0888:<35.4s>:1790858880:5134.32421875","timestamp":{"status":"VALUE","value":23400}}
<36.5s><23400ms> WH3_RUNTIME_PROBE|{"data":{"fields":{"EntityRecordContext.Key":{"status":"VALUE","value":"wh_dlc04_infantry_free_company_blood_dismembers"},"IsAlive":{"status":"VALUE","value":true},"IsEngine":{"status":"VALUE","value":false},"IsMan":{"status":"VALUE","value":true},"IsReloading":{"status":"VALUE","value":true},"Key":{"status":"VALUE","value":"wh_dlc04_infantry_free_company_blood_dismembers"},"Position":{"status":"VALUE","value":[-49.262210845947,527.01733398438,-0.13883775472641,0]},"ReloadPercent":{"status":"VALUE","value":0.27777796983719},"ReloadRemainingTime":{"status":"VALUE","value":6.4999980926514},"UnitContext.UniqueUiId":{"status":"VALUE","value":1007}},"index":31,"list":"EntityList","mode":"SNAPSHOT","sample":0},"format":"warhammer-vault-cco-probe-v1","kind":"ENTITY","metadata":{"gameVersion":"9.0.2.0","gameVersionSource":"INSTALLER_EXE_VERSION","scenarioId":"CCO_P0_CUSTOM_BATTLE","sessionId":"98c014a5-8c8c-4ed9-aa0c-7e57a45dd48c","staticSnapshotId":"c7bd67f50bb4df4f16254e5e9615324e615debf434c865de014e77e4483471e5","unitSize":"MEDIUM","unitSizeSource":"DECLARED_SETUP"},"runId":"snapshot-3","sequence":356,"sessionId":"98c014a5-8c8c-4ed9-aa0c-7e57a45dd48c:table: 000000046C6B0888:<35.4s>:1790858880:5134.32421875","timestamp":{"status":"VALUE","value":23400}}
<36.5s><23400ms> WH3_RUNTIME_PROBE|{"data":{"fields":{"EntityRecordContext.Key":{"status":"VALUE","value":"wh_dlc04_infantry_free_company_blood_dismembers"},"IsAlive":{"status":"VALUE","value":true},"IsEngine":{"status":"VALUE","value":false},"IsMan":{"status":"VALUE","value":true},"IsReloading":{"status":"VALUE","value":true},"Key":{"status":"VALUE","value":"wh_dlc04_infantry_free_company_blood_dismembers"},"Position":{"status":"VALUE","value":[-48.738594055176,527.34729003906,3.1987278461456,0]},"ReloadPercent":{"status":"VALUE","value":0.58888876438141},"ReloadRemainingTime":{"status":"VALUE","value":3.7000007629395},"UnitContext.UniqueUiId":{"status":"VALUE","value":1007}},"index":32,"list":"EntityList","mode":"SNAPSHOT","sample":0},"format":"warhammer-vault-cco-probe-v1","kind":"ENTITY","metadata":{"gameVersion":"9.0.2.0","gameVersionSource":"INSTALLER_EXE_VERSION","scenarioId":"CCO_P0_CUSTOM_BATTLE","sessionId":"98c014a5-8c8c-4ed9-aa0c-7e57a45dd48c","staticSnapshotId":"c7bd67f50bb4df4f16254e5e9615324e615debf434c865de014e77e4483471e5","unitSize":"MEDIUM","unitSizeSource":"DECLARED_SETUP"},"runId":"snapshot-3","sequence":357,"sessionId":"98c014a5-8c8c-4ed9-aa0c-7e57a45dd48c:table: 000000046C6B0888:<35.4s>:1790858880:5134.32421875","timestamp":{"status":"VALUE","value":23400}}
<36.5s><23400ms> WH3_RUNTIME_PROBE|{"data":{"fields":{"EntityRecordContext.Key":{"status":"VALUE","value":"wh_dlc04_infantry_free_company_blood_dismembers"},"IsAlive":{"status":"VALUE","value":true},"IsEngine":{"status":"VALUE","value":false},"IsMan":{"status":"VALUE","value":true},"IsReloading":{"status":"VALUE","value":true},"Key":{"status":"VALUE","value":"wh_dlc04_infantry_free_company_blood_dismembers"},"Position":{"status":"VALUE","value":[-49.314514160156,526.85046386719,-1.9033274650574,0]},"ReloadPercent":{"status":"VALUE","value":0.27777796983719},"ReloadRemainingTime":{"status":"VALUE","value":6.4999980926514},"UnitContext.UniqueUiId":{"status":"VALUE","value":1007}},"index":33,"list":"EntityList","mode":"SNAPSHOT","sample":0},"format":"warhammer-vault-cco-probe-v1","kind":"ENTITY","metadata":{"gameVersion":"9.0.2.0","gameVersionSource":"INSTALLER_EXE_VERSION","scenarioId":"CCO_P0_CUSTOM_BATTLE","sessionId":"98c014a5-8c8c-4ed9-aa0c-7e57a45dd48c","staticSnapshotId":"c7bd67f50bb4df4f16254e5e9615324e615debf434c865de014e77e4483471e5","unitSize":"MEDIUM","unitSizeSource":"DECLARED_SETUP"},"runId":"snapshot-3","sequence":358,"sessionId":"98c014a5-8c8c-4ed9-aa0c-7e57a45dd48c:table: 000000046C6B0888:<35.4s>:1790858880:5134.32421875","timestamp":{"status":"VALUE","value":23400}}
<36.5s><23400ms> WH3_RUNTIME_PROBE|{"data":{"fields":{"EntityRecordContext.Key":{"status":"VALUE","value":"wh_dlc04_infantry_free_company_blood_dismembers"},"IsAlive":{"status":"VALUE","value":true},"IsEngine":{"status":"VALUE","value":false},"IsMan":{"status":"VALUE","value":true},"IsReloading":{"status":"VALUE","value":true},"Key":{"status":"VALUE","value":"wh_dlc04_infantry_free_company_blood_dismembers"},"Position":{"status":"VALUE","value":[-48.552314758301,527.48382568359,4.4846034049988,0]},"ReloadPercent":{"status":"VALUE","value":0.27777796983719},"ReloadRemainingTime":{"status":"VALUE","value":6.4999980926514},"UnitContext.UniqueUiId":{"status":"VALUE","value":1007}},"index":34,"list":"EntityList","mode":"SNAPSHOT","sample":0},"format":"warhammer-vault-cco-probe-v1","kind":"ENTITY","metadata":{"gameVersion":"9.0.2.0","gameVersionSource":"INSTALLER_EXE_VERSION","scenarioId":"CCO_P0_CUSTOM_BATTLE","sessionId":"98c014a5-8c8c-4ed9-aa0c-7e57a45dd48c","staticSnapshotId":"c7bd67f50bb4df4f16254e5e9615324e615debf434c865de014e77e4483471e5","unitSize":"MEDIUM","unitSizeSource":"DECLARED_SETUP"},"runId":"snapshot-3","sequence":359,"sessionId":"98c014a5-8c8c-4ed9-aa0c-7e57a45dd48c:table: 000000046C6B0888:<35.4s>:1790858880:5134.32421875","timestamp":{"status":"VALUE","value":23400}}
<36.5s><23400ms> WH3_RUNTIME_PROBE|{"data":{"fields":{"EntityRecordContext.Key":{"status":"VALUE","value":"wh_dlc04_infantry_free_company_blood_dismembers"},"IsAlive":{"status":"VALUE","value":true},"IsEngine":{"status":"VALUE","value":false},"IsMan":{"status":"VALUE","value":true},"IsReloading":{"status":"VALUE","value":true},"Key":{"status":"VALUE","value":"wh_dlc04_infantry_free_company_blood_dismembers"},"Position":{"status":"VALUE","value":[-49.791980743408,526.71856689453,-3.7223091125488,0]},"ReloadPercent":{"status":"VALUE","value":0.27777796983719},"ReloadRemainingTime":{"status":"VALUE","value":6.4999980926514},"UnitContext.UniqueUiId":{"status":"VALUE","value":1007}},"index":35,"list":"EntityList","mode":"SNAPSHOT","sample":0},"format":"warhammer-vault-cco-probe-v1","kind":"ENTITY","metadata":{"gameVersion":"9.0.2.0","gameVersionSource":"INSTALLER_EXE_VERSION","scenarioId":"CCO_P0_CUSTOM_BATTLE","sessionId":"98c014a5-8c8c-4ed9-aa0c-7e57a45dd48c","staticSnapshotId":"c7bd67f50bb4df4f16254e5e9615324e615debf434c865de014e77e4483471e5","unitSize":"MEDIUM","unitSizeSource":"DECLARED_SETUP"},"runId":"snapshot-3","sequence":360,"sessionId":"98c014a5-8c8c-4ed9-aa0c-7e57a45dd48c:table: 000000046C6B0888:<35.4s>:1790858880:5134.32421875","timestamp":{"status":"VALUE","value":23400}}
<36.5s><23400ms> WH3_RUNTIME_PROBE|{"data":{"fields":{"EntityRecordContext.Key":{"status":"VALUE","value":"wh_dlc04_infantry_free_company_blood_dismembers"},"IsAlive":{"status":"VALUE","value":true},"IsEngine":{"status":"VALUE","value":false},"IsMan":{"status":"VALUE","value":true},"IsReloading":{"status":"VALUE","value":true},"Key":{"status":"VALUE","value":"wh_dlc04_infantry_free_company_blood_dismembers"},"Position":{"status":"VALUE","value":[-47.802047729492,527.62072753906,5.9650731086731,0]},"ReloadPercent":{"status":"VALUE","value":0.58888876438141},"ReloadRemainingTime":{"status":"VALUE","value":3.7000007629395},"UnitContext.UniqueUiId":{"status":"VALUE","value":1007}},"index":36,"list":"EntityList","mode":"SNAPSHOT","sample":0},"format":"warhammer-vault-cco-probe-v1","kind":"ENTITY","metadata":{"gameVersion":"9.0.2.0","gameVersionSource":"INSTALLER_EXE_VERSION","scenarioId":"CCO_P0_CUSTOM_BATTLE","sessionId":"98c014a5-8c8c-4ed9-aa0c-7e57a45dd48c","staticSnapshotId":"c7bd67f50bb4df4f16254e5e9615324e615debf434c865de014e77e4483471e5","unitSize":"MEDIUM","unitSizeSource":"DECLARED_SETUP"},"runId":"snapshot-3","sequence":361,"sessionId":"98c014a5-8c8c-4ed9-aa0c-7e57a45dd48c:table: 000000046C6B0888:<35.4s>:1790858880:5134.32421875","timestamp":{"status":"VALUE","value":23400}}
<36.5s><23400ms> WH3_RUNTIME_PROBE|{"data":{"fields":{"EntityRecordContext.Key":{"status":"VALUE","value":"wh_dlc04_infantry_free_company_blood_dismembers"},"IsAlive":{"status":"VALUE","value":true},"IsEngine":{"status":"VALUE","value":false},"IsMan":{"status":"VALUE","value":true},"IsReloading":{"status":"VALUE","value":true},"Key":{"status":"VALUE","value":"wh_dlc04_infantry_free_company_blood_dismembers"},"Position":{"status":"VALUE","value":[-50.154354095459,526.63671875,-5.0095319747925,0]},"ReloadPercent":{"status":"VALUE","value":0.27777796983719},"ReloadRemainingTime":{"status":"VALUE","value":6.4999980926514},"UnitContext.UniqueUiId":{"status":"VALUE","value":1007}},"index":37,"list":"EntityList","mode":"SNAPSHOT","sample":0},"format":"warhammer-vault-cco-probe-v1","kind":"ENTITY","metadata":{"gameVersion":"9.0.2.0","gameVersionSource":"INSTALLER_EXE_VERSION","scenarioId":"CCO_P0_CUSTOM_BATTLE","sessionId":"98c014a5-8c8c-4ed9-aa0c-7e57a45dd48c","staticSnapshotId":"c7bd67f50bb4df4f16254e5e9615324e615debf434c865de014e77e4483471e5","unitSize":"MEDIUM","unitSizeSource":"DECLARED_SETUP"},"runId":"snapshot-3","sequence":362,"sessionId":"98c014a5-8c8c-4ed9-aa0c-7e57a45dd48c:table: 000000046C6B0888:<35.4s>:1790858880:5134.32421875","timestamp":{"status":"VALUE","value":23400}}
<36.5s><23400ms> WH3_RUNTIME_PROBE|{"data":{"fields":{"EntityRecordContext.Key":{"status":"VALUE","value":"wh_dlc04_infantry_free_company_blood_dismembers"},"IsAlive":{"status":"VALUE","value":true},"IsEngine":{"status":"VALUE","value":false},"IsMan":{"status":"VALUE","value":true},"IsReloading":{"status":"VALUE","value":true},"Key":{"status":"VALUE","value":"wh_dlc04_infantry_free_company_blood_dismembers"},"Position":{"status":"VALUE","value":[-47.463447570801,527.73205566406,7.2310309410095,0]},"ReloadPercent":{"status":"VALUE","value":0.244444668293},"ReloadRemainingTime":{"status":"VALUE","value":6.7999978065491},"UnitContext.UniqueUiId":{"status":"VALUE","value":1007}},"index":38,"list":"EntityList","mode":"SNAPSHOT","sample":0},"format":"warhammer-vault-cco-probe-v1","kind":"ENTITY","metadata":{"gameVersion":"9.0.2.0","gameVersionSource":"INSTALLER_EXE_VERSION","scenarioId":"CCO_P0_CUSTOM_BATTLE","sessionId":"98c014a5-8c8c-4ed9-aa0c-7e57a45dd48c","staticSnapshotId":"c7bd67f50bb4df4f16254e5e9615324e615debf434c865de014e77e4483471e5","unitSize":"MEDIUM","unitSizeSource":"DECLARED_SETUP"},"runId":"snapshot-3","sequence":363,"sessionId":"98c014a5-8c8c-4ed9-aa0c-7e57a45dd48c:table: 000000046C6B0888:<35.4s>:1790858880:5134.32421875","timestamp":{"status":"VALUE","value":23400}}
<36.5s><23400ms> WH3_RUNTIME_PROBE|{"data":{"fields":{"EntityRecordContext.Key":{"status":"VALUE","value":"wh_dlc04_infantry_free_company_blood_dismembers"},"IsAlive":{"status":"VALUE","value":true},"IsEngine":{"status":"VALUE","value":false},"IsMan":{"status":"VALUE","value":true},"IsReloading":{"status":"VALUE","value":true},"Key":{"status":"VALUE","value":"wh_dlc04_infantry_free_company_blood_dismembers"},"Position":{"status":"VALUE","value":[-50.343215942383,526.51770019531,-6.7018942832947,0]},"ReloadPercent":{"status":"VALUE","value":0.58888876438141},"ReloadRemainingTime":{"status":"VALUE","value":3.7000007629395},"UnitContext.UniqueUiId":{"status":"VALUE","value":1007}},"index":39,"list":"EntityList","mode":"SNAPSHOT","sample":0},"format":"warhammer-vault-cco-probe-v1","kind":"ENTITY","metadata":{"gameVersion":"9.0.2.0","gameVersionSource":"INSTALLER_EXE_VERSION","scenarioId":"CCO_P0_CUSTOM_BATTLE","sessionId":"98c014a5-8c8c-4ed9-aa0c-7e57a45dd48c","staticSnapshotId":"c7bd67f50bb4df4f16254e5e9615324e615debf434c865de014e77e4483471e5","unitSize":"MEDIUM","unitSizeSource":"DECLARED_SETUP"},"runId":"snapshot-3","sequence":364,"sessionId":"98c014a5-8c8c-4ed9-aa0c-7e57a45dd48c:table: 000000046C6B0888:<35.4s>:1790858880:5134.32421875","timestamp":{"status":"VALUE","value":23400}}
<36.5s><23400ms> WH3_RUNTIME_PROBE|{"data":{"fields":{"EntityRecordContext.Key":{"status":"VALUE","value":"wh_dlc04_infantry_free_company_blood_dismembers"},"IsAlive":{"status":"VALUE","value":true},"IsEngine":{"status":"VALUE","value":false},"IsMan":{"status":"VALUE","value":true},"IsReloading":{"status":"VALUE","value":true},"Key":{"status":"VALUE","value":"wh_dlc04_infantry_free_company_blood_dismembers"},"Position":{"status":"VALUE","value":[-47.665855407715,527.94586181641,9.3988027572632,0]},"ReloadPercent":{"status":"VALUE","value":0.27777796983719},"ReloadRemainingTime":{"status":"VALUE","value":6.4999980926514},"UnitContext.UniqueUiId":{"status":"VALUE","value":1007}},"index":40,"list":"EntityList","mode":"SNAPSHOT","sample":0},"format":"warhammer-vault-cco-probe-v1","kind":"ENTITY","metadata":{"gameVersion":"9.0.2.0","gameVersionSource":"INSTALLER_EXE_VERSION","scenarioId":"CCO_P0_CUSTOM_BATTLE","sessionId":"98c014a5-8c8c-4ed9-aa0c-7e57a45dd48c","staticSnapshotId":"c7bd67f50bb4df4f16254e5e9615324e615debf434c865de014e77e4483471e5","unitSize":"MEDIUM","unitSizeSource":"DECLARED_SETUP"},"runId":"snapshot-3","sequence":365,"sessionId":"98c014a5-8c8c-4ed9-aa0c-7e57a45dd48c:table: 000000046C6B0888:<35.4s>:1790858880:5134.32421875","timestamp":{"status":"VALUE","value":23400}}
<36.5s><23400ms> WH3_RUNTIME_PROBE|{"data":{"fields":{"EntityRecordContext.Key":{"status":"VALUE","value":"wh_dlc04_infantry_free_company_blood_dismembers"},"IsAlive":{"status":"VALUE","value":true},"IsEngine":{"status":"VALUE","value":false},"IsMan":{"status":"VALUE","value":true},"IsReloading":{"status":"VALUE","value":true},"Key":{"status":"VALUE","value":"wh_dlc04_infantry_free_company_blood_dismembers"},"Position":{"status":"VALUE","value":[-50.462825775146,526.42639160156,-8.0488862991333,0]},"ReloadPercent":{"status":"VALUE","value":0.55555546283722},"ReloadRemainingTime":{"status":"VALUE","value":4.0000004768372},"UnitContext.UniqueUiId":{"status":"VALUE","value":1007}},"index":41,"list":"EntityList","mode":"SNAPSHOT","sample":0},"format":"warhammer-vault-cco-probe-v1","kind":"ENTITY","metadata":{"gameVersion":"9.0.2.0","gameVersionSource":"INSTALLER_EXE_VERSION","scenarioId":"CCO_P0_CUSTOM_BATTLE","sessionId":"98c014a5-8c8c-4ed9-aa0c-7e57a45dd48c","staticSnapshotId":"c7bd67f50bb4df4f16254e5e9615324e615debf434c865de014e77e4483471e5","unitSize":"MEDIUM","unitSizeSource":"DECLARED_SETUP"},"runId":"snapshot-3","sequence":366,"sessionId":"98c014a5-8c8c-4ed9-aa0c-7e57a45dd48c:table: 000000046C6B0888:<35.4s>:1790858880:5134.32421875","timestamp":{"status":"VALUE","value":23400}}
<36.5s><23400ms> WH3_RUNTIME_PROBE|{"data":{"fields":{"EntityRecordContext.Key":{"status":"VALUE","value":"wh_dlc04_infantry_free_company_blood_dismembers"},"IsAlive":{"status":"VALUE","value":true},"IsEngine":{"status":"VALUE","value":false},"IsMan":{"status":"VALUE","value":true},"IsReloading":{"status":"VALUE","value":true},"Key":{"status":"VALUE","value":"wh_dlc04_infantry_free_company_blood_dismembers"},"Position":{"status":"VALUE","value":[-47.028190612793,528.00744628906,10.531680107117,0]},"ReloadPercent":{"status":"VALUE","value":0.25555580854416},"ReloadRemainingTime":{"status":"VALUE","value":6.6999979019165},"UnitContext.UniqueUiId":{"status":"VALUE","value":1007}},"index":42,"list":"EntityList","mode":"SNAPSHOT","sample":0},"format":"warhammer-vault-cco-probe-v1","kind":"ENTITY","metadata":{"gameVersion":"9.0.2.0","gameVersionSource":"INSTALLER_EXE_VERSION","scenarioId":"CCO_P0_CUSTOM_BATTLE","sessionId":"98c014a5-8c8c-4ed9-aa0c-7e57a45dd48c","staticSnapshotId":"c7bd67f50bb4df4f16254e5e9615324e615debf434c865de014e77e4483471e5","unitSize":"MEDIUM","unitSizeSource":"DECLARED_SETUP"},"runId":"snapshot-3","sequence":367,"sessionId":"98c014a5-8c8c-4ed9-aa0c-7e57a45dd48c:table: 000000046C6B0888:<35.4s>:1790858880:5134.32421875","timestamp":{"status":"VALUE","value":23400}}
<36.5s><23400ms> WH3_RUNTIME_PROBE|{"data":{"fields":{"EntityRecordContext.Key":{"status":"VALUE","value":"wh_dlc04_infantry_free_company_blood_dismembers"},"IsAlive":{"status":"VALUE","value":true},"IsEngine":{"status":"VALUE","value":false},"IsMan":{"status":"VALUE","value":true},"IsReloading":{"status":"VALUE","value":true},"Key":{"status":"VALUE","value":"wh_dlc04_infantry_free_company_blood_dismembers"},"Position":{"status":"VALUE","value":[-50.721405029297,526.32940673828,-9.7701435089111,0]},"ReloadPercent":{"status":"VALUE","value":0.47777777910233},"ReloadRemainingTime":{"status":"VALUE","value":4.6999998092651},"UnitContext.UniqueUiId":{"status":"VALUE","value":1007}},"index":43,"list":"EntityList","mode":"SNAPSHOT","sample":0},"format":"warhammer-vault-cco-probe-v1","kind":"ENTITY","metadata":{"gameVersion":"9.0.2.0","gameVersionSource":"INSTALLER_EXE_VERSION","scenarioId":"CCO_P0_CUSTOM_BATTLE","sessionId":"98c014a5-8c8c-4ed9-aa0c-7e57a45dd48c","staticSnapshotId":"c7bd67f50bb4df4f16254e5e9615324e615debf434c865de014e77e4483471e5","unitSize":"MEDIUM","unitSizeSource":"DECLARED_SETUP"},"runId":"snapshot-3","sequence":368,"sessionId":"98c014a5-8c8c-4ed9-aa0c-7e57a45dd48c:table: 000000046C6B0888:<35.4s>:1790858880:5134.32421875","timestamp":{"status":"VALUE","value":23400}}
<36.5s><23400ms> WH3_RUNTIME_PROBE|{"data":{"fields":{"EntityRecordContext.Key":{"status":"VALUE","value":"wh_dlc04_infantry_free_company_blood_dismembers"},"IsAlive":{"status":"VALUE","value":true},"IsEngine":{"status":"VALUE","value":false},"IsMan":{"status":"VALUE","value":true},"IsReloading":{"status":"VALUE","value":true},"Key":{"status":"VALUE","value":"wh_dlc04_infantry_free_company_blood_dismembers"},"Position":{"status":"VALUE","value":[-46.841556549072,528.11267089844,12.250021934509,0]},"ReloadPercent":{"status":"VALUE","value":0.23333358764648},"ReloadRemainingTime":{"status":"VALUE","value":6.8999977111816},"UnitContext.UniqueUiId":{"status":"VALUE","value":1007}},"index":44,"list":"EntityList","mode":"SNAPSHOT","sample":0},"format":"warhammer-vault-cco-probe-v1","kind":"ENTITY","metadata":{"gameVersion":"9.0.2.0","gameVersionSource":"INSTALLER_EXE_VERSION","scenarioId":"CCO_P0_CUSTOM_BATTLE","sessionId":"98c014a5-8c8c-4ed9-aa0c-7e57a45dd48c","staticSnapshotId":"c7bd67f50bb4df4f16254e5e9615324e615debf434c865de014e77e4483471e5","unitSize":"MEDIUM","unitSizeSource":"DECLARED_SETUP"},"runId":"snapshot-3","sequence":369,"sessionId":"98c014a5-8c8c-4ed9-aa0c-7e57a45dd48c:table: 000000046C6B0888:<35.4s>:1790858880:5134.32421875","timestamp":{"status":"VALUE","value":23400}}
<36.5s><23400ms> WH3_RUNTIME_PROBE|{"data":{"fields":{"EntityRecordContext.Key":{"status":"VALUE","value":"wh_dlc04_infantry_free_company_blood_dismembers"},"IsAlive":{"status":"VALUE","value":true},"IsEngine":{"status":"VALUE","value":false},"IsMan":{"status":"VALUE","value":true},"IsReloading":{"status":"VALUE","value":true},"Key":{"status":"VALUE","value":"wh_dlc04_infantry_free_company_blood_dismembers"},"Position":{"status":"VALUE","value":[-47.020660400391,526.96667480469,0.52706354856491,0]},"ReloadPercent":{"status":"VALUE","value":0.27777796983719},"ReloadRemainingTime":{"status":"VALUE","value":6.4999980926514},"UnitContext.UniqueUiId":{"status":"VALUE","value":1007}},"index":45,"list":"EntityList","mode":"SNAPSHOT","sample":0},"format":"warhammer-vault-cco-probe-v1","kind":"ENTITY","metadata":{"gameVersion":"9.0.2.0","gameVersionSource":"INSTALLER_EXE_VERSION","scenarioId":"CCO_P0_CUSTOM_BATTLE","sessionId":"98c014a5-8c8c-4ed9-aa0c-7e57a45dd48c","staticSnapshotId":"c7bd67f50bb4df4f16254e5e9615324e615debf434c865de014e77e4483471e5","unitSize":"MEDIUM","unitSizeSource":"DECLARED_SETUP"},"runId":"snapshot-3","sequence":370,"sessionId":"98c014a5-8c8c-4ed9-aa0c-7e57a45dd48c:table: 000000046C6B0888:<35.4s>:1790858880:5134.32421875","timestamp":{"status":"VALUE","value":23400}}
<36.5s><23400ms> WH3_RUNTIME_PROBE|{"data":{"fields":{"EntityRecordContext.Key":{"status":"VALUE","value":"wh_dlc04_infantry_free_company_blood_dismembers"},"IsAlive":{"status":"VALUE","value":true},"IsEngine":{"status":"VALUE","value":false},"IsMan":{"status":"VALUE","value":true},"IsReloading":{"status":"VALUE","value":true},"Key":{"status":"VALUE","value":"wh_dlc04_infantry_free_company_blood_dismembers"},"Position":{"status":"VALUE","value":[-47.01282119751,527.19079589844,2.5449917316437,0]},"ReloadPercent":{"status":"VALUE","value":0.13333368301392},"ReloadRemainingTime":{"status":"VALUE","value":7.7999968528748},"UnitContext.UniqueUiId":{"status":"VALUE","value":1007}},"index":46,"list":"EntityList","mode":"SNAPSHOT","sample":0},"format":"warhammer-vault-cco-probe-v1","kind":"ENTITY","metadata":{"gameVersion":"9.0.2.0","gameVersionSource":"INSTALLER_EXE_VERSION","scenarioId":"CCO_P0_CUSTOM_BATTLE","sessionId":"98c014a5-8c8c-4ed9-aa0c-7e57a45dd48c","staticSnapshotId":"c7bd67f50bb4df4f16254e5e9615324e615debf434c865de014e77e4483471e5","unitSize":"MEDIUM","unitSizeSource":"DECLARED_SETUP"},"runId":"snapshot-3","sequence":371,"sessionId":"98c014a5-8c8c-4ed9-aa0c-7e57a45dd48c:table: 000000046C6B0888:<35.4s>:1790858880:5134.32421875","timestamp":{"status":"VALUE","value":23400}}
<36.5s><23400ms> WH3_RUNTIME_PROBE|{"data":{"fields":{"EntityRecordContext.Key":{"status":"VALUE","value":"wh_dlc04_infantry_free_company_blood_dismembers"},"IsAlive":{"status":"VALUE","value":true},"IsEngine":{"status":"VALUE","value":false},"IsMan":{"status":"VALUE","value":true},"IsReloading":{"status":"VALUE","value":true},"Key":{"status":"VALUE","value":"wh_dlc04_infantry_free_company_blood_dismembers"},"Position":{"status":"VALUE","value":[-46.845478057861,526.78735351563,-1.0732171535492,0]},"ReloadPercent":{"status":"VALUE","value":0.27777796983719},"ReloadRemainingTime":{"status":"VALUE","value":6.4999980926514},"UnitContext.UniqueUiId":{"status":"VALUE","value":1007}},"index":47,"list":"EntityList","mode":"SNAPSHOT","sample":0},"format":"warhammer-vault-cco-probe-v1","kind":"ENTITY","metadata":{"gameVersion":"9.0.2.0","gameVersionSource":"INSTALLER_EXE_VERSION","scenarioId":"CCO_P0_CUSTOM_BATTLE","sessionId":"98c014a5-8c8c-4ed9-aa0c-7e57a45dd48c","staticSnapshotId":"c7bd67f50bb4df4f16254e5e9615324e615debf434c865de014e77e4483471e5","unitSize":"MEDIUM","unitSizeSource":"DECLARED_SETUP"},"runId":"snapshot-3","sequence":372,"sessionId":"98c014a5-8c8c-4ed9-aa0c-7e57a45dd48c:table: 000000046C6B0888:<35.4s>:1790858880:5134.32421875","timestamp":{"status":"VALUE","value":23400}}
<36.5s><23400ms> WH3_RUNTIME_PROBE|{"data":{"fields":{"EntityRecordContext.Key":{"status":"VALUE","value":"wh_dlc04_infantry_free_company_blood_dismembers"},"IsAlive":{"status":"VALUE","value":true},"IsEngine":{"status":"VALUE","value":false},"IsMan":{"status":"VALUE","value":true},"IsReloading":{"status":"VALUE","value":true},"Key":{"status":"VALUE","value":"wh_dlc04_infantry_free_company_blood_dismembers"},"Position":{"status":"VALUE","value":[-46.9733543396,527.33435058594,3.8443188667297,0]},"ReloadPercent":{"status":"VALUE","value":0.23333358764648},"ReloadRemainingTime":{"status":"VALUE","value":6.8999977111816},"UnitContext.UniqueUiId":{"status":"VALUE","value":1007}},"index":48,"list":"EntityList","mode":"SNAPSHOT","sample":0},"format":"warhammer-vault-cco-probe-v1","kind":"ENTITY","metadata":{"gameVersion":"9.0.2.0","gameVersionSource":"INSTALLER_EXE_VERSION","scenarioId":"CCO_P0_CUSTOM_BATTLE","sessionId":"98c014a5-8c8c-4ed9-aa0c-7e57a45dd48c","staticSnapshotId":"c7bd67f50bb4df4f16254e5e9615324e615debf434c865de014e77e4483471e5","unitSize":"MEDIUM","unitSizeSource":"DECLARED_SETUP"},"runId":"snapshot-3","sequence":373,"sessionId":"98c014a5-8c8c-4ed9-aa0c-7e57a45dd48c:table: 000000046C6B0888:<35.4s>:1790858880:5134.32421875","timestamp":{"status":"VALUE","value":23400}}
<36.5s><23400ms> WH3_RUNTIME_PROBE|{"data":{"fields":{"EntityRecordContext.Key":{"status":"VALUE","value":"wh_dlc04_infantry_free_company_blood_dismembers"},"IsAlive":{"status":"VALUE","value":true},"IsEngine":{"status":"VALUE","value":false},"IsMan":{"status":"VALUE","value":true},"IsReloading":{"status":"VALUE","value":true},"Key":{"status":"VALUE","value":"wh_dlc04_infantry_free_company_blood_dismembers"},"Position":{"status":"VALUE","value":[-47.890064239502,526.71862792969,-2.3995838165283,0]},"ReloadPercent":{"status":"VALUE","value":0.27777796983719},"ReloadRemainingTime":{"status":"VALUE","value":6.4999980926514},"UnitContext.UniqueUiId":{"status":"VALUE","value":1007}},"index":49,"list":"EntityList","mode":"SNAPSHOT","sample":0},"format":"warhammer-vault-cco-probe-v1","kind":"ENTITY","metadata":{"gameVersion":"9.0.2.0","gameVersionSource":"INSTALLER_EXE_VERSION","scenarioId":"CCO_P0_CUSTOM_BATTLE","sessionId":"98c014a5-8c8c-4ed9-aa0c-7e57a45dd48c","staticSnapshotId":"c7bd67f50bb4df4f16254e5e9615324e615debf434c865de014e77e4483471e5","unitSize":"MEDIUM","unitSizeSource":"DECLARED_SETUP"},"runId":"snapshot-3","sequence":374,"sessionId":"98c014a5-8c8c-4ed9-aa0c-7e57a45dd48c:table: 000000046C6B0888:<35.4s>:1790858880:5134.32421875","timestamp":{"status":"VALUE","value":23400}}
<36.5s><23400ms> WH3_RUNTIME_PROBE|{"data":{"fields":{"EntityRecordContext.Key":{"status":"VALUE","value":"wh_dlc04_infantry_free_company_blood_dismembers"},"IsAlive":{"status":"VALUE","value":true},"IsEngine":{"status":"VALUE","value":false},"IsMan":{"status":"VALUE","value":true},"IsReloading":{"status":"VALUE","value":true},"Key":{"status":"VALUE","value":"wh_dlc04_infantry_free_company_blood_dismembers"},"Position":{"status":"VALUE","value":[-46.051307678223,527.44696044922,5.3539309501648,0]},"ReloadPercent":{"status":"VALUE","value":0.27777796983719},"ReloadRemainingTime":{"status":"VALUE","value":6.4999980926514},"UnitContext.UniqueUiId":{"status":"VALUE","value":1007}},"index":50,"list":"EntityList","mode":"SNAPSHOT","sample":0},"format":"warhammer-vault-cco-probe-v1","kind":"ENTITY","metadata":{"gameVersion":"9.0.2.0","gameVersionSource":"INSTALLER_EXE_VERSION","scenarioId":"CCO_P0_CUSTOM_BATTLE","sessionId":"98c014a5-8c8c-4ed9-aa0c-7e57a45dd48c","staticSnapshotId":"c7bd67f50bb4df4f16254e5e9615324e615debf434c865de014e77e4483471e5","unitSize":"MEDIUM","unitSizeSource":"DECLARED_SETUP"},"runId":"snapshot-3","sequence":375,"sessionId":"98c014a5-8c8c-4ed9-aa0c-7e57a45dd48c:table: 000000046C6B0888:<35.4s>:1790858880:5134.32421875","timestamp":{"status":"VALUE","value":23400}}
<36.5s><23400ms> WH3_RUNTIME_PROBE|{"data":{"fields":{"EntityRecordContext.Key":{"status":"VALUE","value":"wh_dlc04_infantry_free_company_blood_dismembers"},"IsAlive":{"status":"VALUE","value":true},"IsEngine":{"status":"VALUE","value":false},"IsMan":{"status":"VALUE","value":true},"IsReloading":{"status":"VALUE","value":true},"Key":{"status":"VALUE","value":"wh_dlc04_infantry_free_company_blood_dismembers"},"Position":{"status":"VALUE","value":[-47.792739868164,526.55578613281,-4.0736808776855,0]},"ReloadPercent":{"status":"VALUE","value":0.27777796983719},"ReloadRemainingTime":{"status":"VALUE","value":6.4999980926514},"UnitContext.UniqueUiId":{"status":"VALUE","value":1007}},"index":51,"list":"EntityList","mode":"SNAPSHOT","sample":0},"format":"warhammer-vault-cco-probe-v1","kind":"ENTITY","metadata":{"gameVersion":"9.0.2.0","gameVersionSource":"INSTALLER_EXE_VERSION","scenarioId":"CCO_P0_CUSTOM_BATTLE","sessionId":"98c014a5-8c8c-4ed9-aa0c-7e57a45dd48c","staticSnapshotId":"c7bd67f50bb4df4f16254e5e9615324e615debf434c865de014e77e4483471e5","unitSize":"MEDIUM","unitSizeSource":"DECLARED_SETUP"},"runId":"snapshot-3","sequence":376,"sessionId":"98c014a5-8c8c-4ed9-aa0c-7e57a45dd48c:table: 000000046C6B0888:<35.4s>:1790858880:5134.32421875","timestamp":{"status":"VALUE","value":23400}}
<36.5s><23400ms> WH3_RUNTIME_PROBE|{"data":{"fields":{"EntityRecordContext.Key":{"status":"VALUE","value":"wh_dlc04_infantry_free_company_blood_dismembers"},"IsAlive":{"status":"VALUE","value":true},"IsEngine":{"status":"VALUE","value":false},"IsMan":{"status":"VALUE","value":true},"IsReloading":{"status":"VALUE","value":true},"Key":{"status":"VALUE","value":"wh_dlc04_infantry_free_company_blood_dismembers"},"Position":{"status":"VALUE","value":[-46.211273193359,527.62078857422,6.8817620277405,0]},"ReloadPercent":{"status":"VALUE","value":0.56666660308838},"ReloadRemainingTime":{"status":"VALUE","value":3.9000005722046},"UnitContext.UniqueUiId":{"status":"VALUE","value":1007}},"index":52,"list":"EntityList","mode":"SNAPSHOT","sample":0},"format":"warhammer-vault-cco-probe-v1","kind":"ENTITY","metadata":{"gameVersion":"9.0.2.0","gameVersionSource":"INSTALLER_EXE_VERSION","scenarioId":"CCO_P0_CUSTOM_BATTLE","sessionId":"98c014a5-8c8c-4ed9-aa0c-7e57a45dd48c","staticSnapshotId":"c7bd67f50bb4df4f16254e5e9615324e615debf434c865de014e77e4483471e5","unitSize":"MEDIUM","unitSizeSource":"DECLARED_SETUP"},"runId":"snapshot-3","sequence":377,"sessionId":"98c014a5-8c8c-4ed9-aa0c-7e57a45dd48c:table: 000000046C6B0888:<35.4s>:1790858880:5134.32421875","timestamp":{"status":"VALUE","value":23400}}
<36.5s><23400ms> WH3_RUNTIME_PROBE|{"data":{"fields":{"EntityRecordContext.Key":{"status":"VALUE","value":"wh_dlc04_infantry_free_company_blood_dismembers"},"IsAlive":{"status":"VALUE","value":true},"IsEngine":{"status":"VALUE","value":false},"IsMan":{"status":"VALUE","value":true},"IsReloading":{"status":"VALUE","value":true},"Key":{"status":"VALUE","value":"wh_dlc04_infantry_free_company_blood_dismembers"},"Position":{"status":"VALUE","value":[-48.549709320068,526.46978759766,-5.7029795646667,0]},"ReloadPercent":{"status":"VALUE","value":0.47777777910233},"ReloadRemainingTime":{"status":"VALUE","value":4.6999998092651},"UnitContext.UniqueUiId":{"status":"VALUE","value":1007}},"index":53,"list":"EntityList","mode":"SNAPSHOT","sample":0},"format":"warhammer-vault-cco-probe-v1","kind":"ENTITY","metadata":{"gameVersion":"9.0.2.0","gameVersionSource":"INSTALLER_EXE_VERSION","scenarioId":"CCO_P0_CUSTOM_BATTLE","sessionId":"98c014a5-8c8c-4ed9-aa0c-7e57a45dd48c","staticSnapshotId":"c7bd67f50bb4df4f16254e5e9615324e615debf434c865de014e77e4483471e5","unitSize":"MEDIUM","unitSizeSource":"DECLARED_SETUP"},"runId":"snapshot-3","sequence":378,"sessionId":"98c014a5-8c8c-4ed9-aa0c-7e57a45dd48c:table: 000000046C6B0888:<35.4s>:1790858880:5134.32421875","timestamp":{"status":"VALUE","value":23400}}
<36.5s><23400ms> WH3_RUNTIME_PROBE|{"data":{"fields":{"EntityRecordContext.Key":{"status":"VALUE","value":"wh_dlc04_infantry_free_company_blood_dismembers"},"IsAlive":{"status":"VALUE","value":true},"IsEngine":{"status":"VALUE","value":false},"IsMan":{"status":"VALUE","value":true},"IsReloading":{"status":"VALUE","value":true},"Key":{"status":"VALUE","value":"wh_dlc04_infantry_free_company_blood_dismembers"},"Position":{"status":"VALUE","value":[-45.7158203125,527.76025390625,8.4740762710571,0]},"ReloadPercent":{"status":"VALUE","value":0.54444444179535},"ReloadRemainingTime":{"status":"VALUE","value":4.1000003814697},"UnitContext.UniqueUiId":{"status":"VALUE","value":1007}},"index":54,"list":"EntityList","mode":"SNAPSHOT","sample":0},"format":"warhammer-vault-cco-probe-v1","kind":"ENTITY","metadata":{"gameVersion":"9.0.2.0","gameVersionSource":"INSTALLER_EXE_VERSION","scenarioId":"CCO_P0_CUSTOM_BATTLE","sessionId":"98c014a5-8c8c-4ed9-aa0c-7e57a45dd48c","staticSnapshotId":"c7bd67f50bb4df4f16254e5e9615324e615debf434c865de014e77e4483471e5","unitSize":"MEDIUM","unitSizeSource":"DECLARED_SETUP"},"runId":"snapshot-3","sequence":379,"sessionId":"98c014a5-8c8c-4ed9-aa0c-7e57a45dd48c:table: 000000046C6B0888:<35.4s>:1790858880:5134.32421875","timestamp":{"status":"VALUE","value":23400}}
<36.5s><23400ms> WH3_RUNTIME_PROBE|{"data":{"fields":{"EntityRecordContext.Key":{"status":"VALUE","value":"wh_dlc04_infantry_free_company_blood_dismembers"},"IsAlive":{"status":"VALUE","value":true},"IsEngine":{"status":"VALUE","value":false},"IsMan":{"status":"VALUE","value":true},"IsReloading":{"status":"VALUE","value":true},"Key":{"status":"VALUE","value":"wh_dlc04_infantry_free_company_blood_dismembers"},"Position":{"status":"VALUE","value":[-48.299522399902,526.33245849609,-7.193546295166,0]},"ReloadPercent":{"status":"VALUE","value":0.27777796983719},"ReloadRemainingTime":{"status":"VALUE","value":6.4999980926514},"UnitContext.UniqueUiId":{"status":"VALUE","value":1007}},"index":55,"list":"EntityList","mode":"SNAPSHOT","sample":0},"format":"warhammer-vault-cco-probe-v1","kind":"ENTITY","metadata":{"gameVersion":"9.0.2.0","gameVersionSource":"INSTALLER_EXE_VERSION","scenarioId":"CCO_P0_CUSTOM_BATTLE","sessionId":"98c014a5-8c8c-4ed9-aa0c-7e57a45dd48c","staticSnapshotId":"c7bd67f50bb4df4f16254e5e9615324e615debf434c865de014e77e4483471e5","unitSize":"MEDIUM","unitSizeSource":"DECLARED_SETUP"},"runId":"snapshot-3","sequence":380,"sessionId":"98c014a5-8c8c-4ed9-aa0c-7e57a45dd48c:table: 000000046C6B0888:<35.4s>:1790858880:5134.32421875","timestamp":{"status":"VALUE","value":23400}}
<36.5s><23400ms> WH3_RUNTIME_PROBE|{"data":{"fields":{"EntityRecordContext.Key":{"status":"VALUE","value":"wh_dlc04_infantry_free_company_blood_dismembers"},"IsAlive":{"status":"VALUE","value":true},"IsEngine":{"status":"VALUE","value":false},"IsMan":{"status":"VALUE","value":true},"IsReloading":{"status":"VALUE","value":true},"Key":{"status":"VALUE","value":"wh_dlc04_infantry_free_company_blood_dismembers"},"Position":{"status":"VALUE","value":[-45.180938720703,527.91955566406,10.392966270447,0]},"ReloadPercent":{"status":"VALUE","value":0.56666660308838},"ReloadRemainingTime":{"status":"VALUE","value":3.9000005722046},"UnitContext.UniqueUiId":{"status":"VALUE","value":1007}},"index":56,"list":"EntityList","mode":"SNAPSHOT","sample":0},"format":"warhammer-vault-cco-probe-v1","kind":"ENTITY","metadata":{"gameVersion":"9.0.2.0","gameVersionSource":"INSTALLER_EXE_VERSION","scenarioId":"CCO_P0_CUSTOM_BATTLE","sessionId":"98c014a5-8c8c-4ed9-aa0c-7e57a45dd48c","staticSnapshotId":"c7bd67f50bb4df4f16254e5e9615324e615debf434c865de014e77e4483471e5","unitSize":"MEDIUM","unitSizeSource":"DECLARED_SETUP"},"runId":"snapshot-3","sequence":381,"sessionId":"98c014a5-8c8c-4ed9-aa0c-7e57a45dd48c:table: 000000046C6B0888:<35.4s>:1790858880:5134.32421875","timestamp":{"status":"VALUE","value":23400}}
<36.5s><23400ms> WH3_RUNTIME_PROBE|{"data":{"fields":{"EntityRecordContext.Key":{"status":"VALUE","value":"wh_dlc04_infantry_free_company_blood_dismembers"},"IsAlive":{"status":"VALUE","value":true},"IsEngine":{"status":"VALUE","value":false},"IsMan":{"status":"VALUE","value":true},"IsReloading":{"status":"VALUE","value":true},"Key":{"status":"VALUE","value":"wh_dlc04_infantry_free_company_blood_dismembers"},"Position":{"status":"VALUE","value":[-48.971729278564,526.29748535156,-8.306245803833,0]},"ReloadPercent":{"status":"VALUE","value":0.27777796983719},"ReloadRemainingTime":{"status":"VALUE","value":6.4999980926514},"UnitContext.UniqueUiId":{"status":"VALUE","value":1007}},"index":57,"list":"EntityList","mode":"SNAPSHOT","sample":0},"format":"warhammer-vault-cco-probe-v1","kind":"ENTITY","metadata":{"gameVersion":"9.0.2.0","gameVersionSource":"INSTALLER_EXE_VERSION","scenarioId":"CCO_P0_CUSTOM_BATTLE","sessionId":"98c014a5-8c8c-4ed9-aa0c-7e57a45dd48c","staticSnapshotId":"c7bd67f50bb4df4f16254e5e9615324e615debf434c865de014e77e4483471e5","unitSize":"MEDIUM","unitSizeSource":"DECLARED_SETUP"},"runId":"snapshot-3","sequence":382,"sessionId":"98c014a5-8c8c-4ed9-aa0c-7e57a45dd48c:table: 000000046C6B0888:<35.4s>:1790858880:5134.32421875","timestamp":{"status":"VALUE","value":23400}}
<36.5s><23400ms> WH3_RUNTIME_PROBE|{"data":{"fields":{"EntityRecordContext.Key":{"status":"VALUE","value":"wh_dlc04_infantry_free_company_blood_dismembers"},"IsAlive":{"status":"VALUE","value":true},"IsEngine":{"status":"VALUE","value":false},"IsMan":{"status":"VALUE","value":true},"IsReloading":{"status":"VALUE","value":true},"Key":{"status":"VALUE","value":"wh_dlc04_infantry_free_company_blood_dismembers"},"Position":{"status":"VALUE","value":[-44.754070281982,527.99353027344,11.649361610413,0]},"ReloadPercent":{"status":"VALUE","value":0.21111136674881},"ReloadRemainingTime":{"status":"VALUE","value":7.0999975204468},"UnitContext.UniqueUiId":{"status":"VALUE","value":1007}},"index":58,"list":"EntityList","mode":"SNAPSHOT","sample":0},"format":"warhammer-vault-cco-probe-v1","kind":"ENTITY","metadata":{"gameVersion":"9.0.2.0","gameVersionSource":"INSTALLER_EXE_VERSION","scenarioId":"CCO_P0_CUSTOM_BATTLE","sessionId":"98c014a5-8c8c-4ed9-aa0c-7e57a45dd48c","staticSnapshotId":"c7bd67f50bb4df4f16254e5e9615324e615debf434c865de014e77e4483471e5","unitSize":"MEDIUM","unitSizeSource":"DECLARED_SETUP"},"runId":"snapshot-3","sequence":383,"sessionId":"98c014a5-8c8c-4ed9-aa0c-7e57a45dd48c:table: 000000046C6B0888:<35.4s>:1790858880:5134.32421875","timestamp":{"status":"VALUE","value":23400}}
<36.5s><23400ms> WH3_RUNTIME_PROBE|{"data":{"fields":{"EntityRecordContext.Key":{"status":"VALUE","value":"wh_dlc04_infantry_free_company_blood_dismembers"},"IsAlive":{"status":"VALUE","value":true},"IsEngine":{"status":"VALUE","value":false},"IsMan":{"status":"VALUE","value":true},"IsReloading":{"status":"VALUE","value":true},"Key":{"status":"VALUE","value":"wh_dlc04_infantry_free_company_blood_dismembers"},"Position":{"status":"VALUE","value":[-48.908622741699,526.16534423828,-10.104699134827,0]},"ReloadPercent":{"status":"VALUE","value":0.27777796983719},"ReloadRemainingTime":{"status":"VALUE","value":6.4999980926514},"UnitContext.UniqueUiId":{"status":"VALUE","value":1007}},"index":59,"list":"EntityList","mode":"SNAPSHOT","sample":0},"format":"warhammer-vault-cco-probe-v1","kind":"ENTITY","metadata":{"gameVersion":"9.0.2.0","gameVersionSource":"INSTALLER_EXE_VERSION","scenarioId":"CCO_P0_CUSTOM_BATTLE","sessionId":"98c014a5-8c8c-4ed9-aa0c-7e57a45dd48c","staticSnapshotId":"c7bd67f50bb4df4f16254e5e9615324e615debf434c865de014e77e4483471e5","unitSize":"MEDIUM","unitSizeSource":"DECLARED_SETUP"},"runId":"snapshot-3","sequence":384,"sessionId":"98c014a5-8c8c-4ed9-aa0c-7e57a45dd48c:table: 000000046C6B0888:<35.4s>:1790858880:5134.32421875","timestamp":{"status":"VALUE","value":23400}}
<36.5s><23400ms> WH3_RUNTIME_PROBE|{"data":{"mode":"SNAPSHOT","sample":0},"format":"warhammer-vault-cco-probe-v1","kind":"SAMPLE_END","metadata":{"gameVersion":"9.0.2.0","gameVersionSource":"INSTALLER_EXE_VERSION","scenarioId":"CCO_P0_CUSTOM_BATTLE","sessionId":"98c014a5-8c8c-4ed9-aa0c-7e57a45dd48c","staticSnapshotId":"c7bd67f50bb4df4f16254e5e9615324e615debf434c865de014e77e4483471e5","unitSize":"MEDIUM","unitSizeSource":"DECLARED_SETUP"},"runId":"snapshot-3","sequence":385,"sessionId":"98c014a5-8c8c-4ed9-aa0c-7e57a45dd48c:table: 000000046C6B0888:<35.4s>:1790858880:5134.32421875","timestamp":{"status":"VALUE","value":23400}}
<36.5s><23400ms> WH3_RUNTIME_PROBE|{"data":{"fields":{"EntityRecordContext.Key":{"status":"VALUE","value":"wh_dlc04_infantry_free_company_blood_dismembers"},"IsAlive":{"status":"VALUE","value":true},"IsEngine":{"status":"VALUE","value":false},"IsMan":{"status":"VALUE","value":true},"IsReloading":{"status":"VALUE","value":true},"Key":{"status":"VALUE","value":"wh_dlc04_infantry_free_company_blood_dismembers"},"Position":{"status":"VALUE","value":[-49.510860443115,527.70642089844,6.2386684417725,0]},"ReloadPercent":{"status":"VALUE","value":0.27777796983719},"ReloadRemainingTime":{"status":"VALUE","value":6.4999980926514},"UnitContext.UniqueUiId":{"status":"VALUE","value":1007},"UnitContext.UnitRecordContext.Key":{"status":"VALUE","value":"wh_dlc04_emp_inf_free_company_militia_0"},"UnitContext.UnitRecordContext.UnitLandRecordContext.Key":{"status":"VALUE","value":"wh_dlc04_emp_inf_free_company_militia_0"}},"status":"OBSERVED"},"format":"warhammer-vault-cco-probe-v1","kind":"CURSOR","metadata":{"gameVersion":"9.0.2.0","gameVersionSource":"INSTALLER_EXE_VERSION","scenarioId":"CCO_P0_CUSTOM_BATTLE","sessionId":"98c014a5-8c8c-4ed9-aa0c-7e57a45dd48c","staticSnapshotId":"c7bd67f50bb4df4f16254e5e9615324e615debf434c865de014e77e4483471e5","unitSize":"MEDIUM","unitSizeSource":"DECLARED_SETUP"},"runId":"snapshot-3","sequence":386,"sessionId":"98c014a5-8c8c-4ed9-aa0c-7e57a45dd48c:table: 000000046C6B0888:<35.4s>:1790858880:5134.32421875","timestamp":{"status":"VALUE","value":23400}}
<36.5s><23400ms> WH3_RUNTIME_PROBE|{"data":{},"format":"warhammer-vault-cco-probe-v1","kind":"SNAPSHOT_END","metadata":{"gameVersion":"9.0.2.0","gameVersionSource":"INSTALLER_EXE_VERSION","scenarioId":"CCO_P0_CUSTOM_BATTLE","sessionId":"98c014a5-8c8c-4ed9-aa0c-7e57a45dd48c","staticSnapshotId":"c7bd67f50bb4df4f16254e5e9615324e615debf434c865de014e77e4483471e5","unitSize":"MEDIUM","unitSizeSource":"DECLARED_SETUP"},"runId":"snapshot-3","sequence":387,"sessionId":"98c014a5-8c8c-4ed9-aa0c-7e57a45dd48c:table: 000000046C6B0888:<35.4s>:1790858880:5134.32421875","timestamp":{"status":"VALUE","value":23400}}
[ui] <37.9s>    
[ui] <37.9s>    uicomponent button_cheat_sheet
[ui] <37.9s>    	path from root:	root > esc_menu > main > menu_left > menu_buttons > frame_options > button_cheat_sheet
[ui] <37.9s>    	position on screen: [18, 369], size: [100, 96], state: [selected], visible: [true], priority: [100], interactive: [true]
[ui] <37.9s>    
[ui] <37.9s>    Panel opened esc_menu
[ui] <42.5s>    Panel closed esc_menu
[ui] <47.7s>    
[ui] <47.7s>    uicomponent 1011
[ui] <47.7s>    	path from root:	root > hud_battle > battle_orders > battle_orders_pane > card_panel_docker > cards_panel > review_DY > 1011
[ui] <47.7s>    	position on screen: [1069, 695], size: [60, 132], state: [selected_hover], visible: [true], priority: [0], interactive: [true]
[ui] <47.7s>    
[ui] <51.1s>    
[ui] <51.1s>    uicomponent button_behaviour2
[ui] <51.1s>    	path from root:	root > hud_battle > battle_orders > battle_orders_pane > orders_parent > behaviour_parent > button_slot2 > button_behaviour2
[ui] <51.1s>    	position on screen: [884, 839], size: [55, 55], state: [selected_hover], visible: [true], priority: [0], interactive: [true]
[ui] <51.1s>    
[ui] <54.0s>    
[ui] <54.0s>    uicomponent root
[ui] <54.0s>    	path from root:	root
[ui] <54.0s>    	position on screen: [0, 0], size: [1966, 900], state: [NewState], visible: [true], priority: [0], interactive: [true]
[ui] <54.0s>    
[ui] <69.7s>    
[ui] <69.7s>    uicomponent root
[ui] <69.7s>    	path from root:	root
[ui] <69.7s>    	position on screen: [0, 0], size: [1966, 900], state: [NewState], visible: [true], priority: [0], interactive: [true]
[ui] <69.7s>    
[ui] <70.8s>    
[ui] <70.8s>    uicomponent root
[ui] <70.8s>    	path from root:	root
[ui] <70.8s>    	position on screen: [0, 0], size: [1966, 900], state: [NewState], visible: [true], priority: [0], interactive: [true]
[ui] <70.8s>    
[ui] <75.7s>    
[ui] <75.7s>    uicomponent ffwd
[ui] <75.7s>    	path from root:	root > hud_battle > radar_holder > speed_controls > speed_buttons > ffwd
[ui] <75.7s>    	position on screen: [1503, 1], size: [40, 40], state: [down], visible: [true], priority: [0], interactive: [true]
[ui] <75.7s>    
[ui] <77.7s>    
[ui] <77.7s>    uicomponent root
[ui] <77.7s>    	path from root:	root
[ui] <77.7s>    	position on screen: [0, 0], size: [1966, 900], state: [NewState], visible: [true], priority: [0], interactive: [true]
[ui] <77.7s>    
[ui] <81.1s>    
[ui] <81.1s>    uicomponent root
[ui] <81.1s>    	path from root:	root
[ui] <81.1s>    	position on screen: [0, 0], size: [1966, 900], state: [NewState], visible: [true], priority: [0], interactive: [true]
[ui] <81.1s>    
[ui] <82.2s>    
[ui] <82.2s>    uicomponent root
[ui] <82.2s>    	path from root:	root
[ui] <82.2s>    	position on screen: [0, 0], size: [1966, 900], state: [NewState], visible: [true], priority: [0], interactive: [true]
[ui] <82.2s>    
[ui] <83.7s>    
[ui] <83.8s>    uicomponent root
[ui] <83.8s>    	path from root:	root
[ui] <83.8s>    	position on screen: [0, 0], size: [1966, 900], state: [NewState], visible: [true], priority: [0], interactive: [true]
[ui] <83.8s>    
[ui] <84.9s>    
[ui] <84.9s>    uicomponent root
[ui] <84.9s>    	path from root:	root
[ui] <84.9s>    	position on screen: [0, 0], size: [1966, 900], state: [NewState], visible: [true], priority: [0], interactive: [true]
[ui] <84.9s>    
[ui] <85.2s>    
[ui] <85.2s>    uicomponent root
[ui] <85.2s>    	path from root:	root
[ui] <85.2s>    	position on screen: [0, 0], size: [1966, 900], state: [NewState], visible: [true], priority: [0], interactive: [true]
[ui] <85.2s>    
[ui] <86.7s>    
[ui] <86.7s>    uicomponent root
[ui] <86.7s>    	path from root:	root
[ui] <86.7s>    	position on screen: [0, 0], size: [1966, 900], state: [NewState], visible: [true], priority: [0], interactive: [true]
[ui] <86.7s>    
[ui] <87.1s>    
[ui] <87.1s>    uicomponent root
[ui] <87.1s>    	path from root:	root
[ui] <87.1s>    	position on screen: [0, 0], size: [1966, 900], state: [NewState], visible: [true], priority: [0], interactive: [true]
[ui] <87.1s>    
[ui] <89.4s>    
[ui] <89.4s>    uicomponent button_spell2
[ui] <89.4s>    	path from root:	root > hud_battle > winds_of_magic > spell_parent > button_slot2 > button_spell2
[ui] <89.4s>    	position on screen: [1535, 697], size: [120, 120], state: [hover], visible: [true], priority: [0], interactive: [true]
[ui] <89.4s>    
[ui] <89.5s>    
[ui] <89.5s>    uicomponent button_spell2
[ui] <89.5s>    	path from root:	root > hud_battle > winds_of_magic > spell_parent > button_slot2 > button_spell2
[ui] <89.5s>    	position on screen: [1535, 697], size: [120, 120], state: [selected_hover], visible: [true], priority: [0], interactive: [true]
[ui] <89.5s>    
[ui] <90.4s>    
[ui] <90.4s>    uicomponent root
[ui] <90.4s>    	path from root:	root
[ui] <90.4s>    	position on screen: [0, 0], size: [1966, 900], state: [NewState], visible: [true], priority: [0], interactive: [true]
[ui] <90.4s>    
[ui] <91.5s>    
[ui] <91.5s>    uicomponent root
[ui] <91.5s>    	path from root:	root
[ui] <91.5s>    	position on screen: [0, 0], size: [1966, 900], state: [NewState], visible: [true], priority: [0], interactive: [true]
[ui] <91.5s>    
[ui] <92.9s>    
[ui] <92.9s>    uicomponent button_spell2
[ui] <92.9s>    	path from root:	root > hud_battle > winds_of_magic > spell_parent > button_slot2 > button_spell2
[ui] <92.9s>    	position on screen: [1535, 697], size: [120, 120], state: [hover], visible: [true], priority: [0], interactive: [true]
[ui] <92.9s>    
[ui] <93.5s>    
[ui] <93.5s>    uicomponent bar_holder
[ui] <93.5s>    	path from root:	root > unit_id_holder > 1005 > modular_parent > bar_holder
[ui] <93.5s>    	position on screen: [911, 389], size: [43, 16], state: [NewState], visible: [true], priority: [-1], interactive: [true]
[ui] <93.5s>    
[ui] <94.5s>    
[ui] <94.5s>    uicomponent root
[ui] <94.5s>    	path from root:	root
[ui] <94.5s>    	position on screen: [0, 0], size: [1966, 900], state: [NewState], visible: [true], priority: [0], interactive: [true]
[ui] <94.5s>    
[ui] <95.2s>    
[ui] <95.2s>    uicomponent root
[ui] <95.2s>    	path from root:	root
[ui] <95.2s>    	position on screen: [0, 0], size: [1966, 900], state: [NewState], visible: [true], priority: [0], interactive: [true]
[ui] <95.2s>    
[ui] <97.5s>    
[ui] <97.5s>    uicomponent cards_panel
[ui] <97.5s>    	path from root:	root > hud_battle > battle_orders > battle_orders_pane > card_panel_docker > cards_panel
[ui] <97.5s>    	position on screen: [457, 669], size: [822, 252], state: [default], visible: [true], priority: [0], interactive: [true]
[ui] <97.5s>    
[ui] <98.0s>    
[ui] <98.0s>    uicomponent 1010
[ui] <98.0s>    	path from root:	root > hud_battle > battle_orders > battle_orders_pane > card_panel_docker > cards_panel > review_DY > 1010
[ui] <98.0s>    	position on screen: [1009, 695], size: [60, 132], state: [selected_hover], visible: [true], priority: [0], interactive: [true]
[ui] <98.0s>    
[ui] <98.2s>    
[ui] <98.2s>    uicomponent 1010
[ui] <98.2s>    	path from root:	root > hud_battle > battle_orders > battle_orders_pane > card_panel_docker > cards_panel > review_DY > 1010
[ui] <98.2s>    	position on screen: [1009, 695], size: [60, 132], state: [selected_hover], visible: [true], priority: [0], interactive: [true]
[ui] <98.2s>    
[ui] <99.2s>    
[ui] <99.2s>    uicomponent 1007
[ui] <99.2s>    	path from root:	root > hud_battle > battle_orders > battle_orders_pane > card_panel_docker > cards_panel > review_DY > 1007
[ui] <99.2s>    	position on screen: [829, 695], size: [60, 132], state: [selected_hover], visible: [true], priority: [0], interactive: [true]
[ui] <99.2s>    
[ui] <99.3s>    
[ui] <99.3s>    uicomponent 1007
[ui] <99.3s>    	path from root:	root > hud_battle > battle_orders > battle_orders_pane > card_panel_docker > cards_panel > review_DY > 1007
[ui] <99.3s>    	position on screen: [829, 695], size: [60, 132], state: [selected_hover], visible: [true], priority: [0], interactive: [true]
[ui] <99.3s>    
[ui] <106.0s>   
[ui] <106.0s>   uicomponent root
[ui] <106.0s>   	path from root:	root
[ui] <106.0s>   	position on screen: [0, 0], size: [1966, 900], state: [NewState], visible: [true], priority: [0], interactive: [true]
[ui] <106.0s>   
[ui] <107.0s>   
[ui] <107.0s>   uicomponent root
[ui] <107.0s>   	path from root:	root
[ui] <107.0s>   	position on screen: [0, 0], size: [1966, 900], state: [NewState], visible: [true], priority: [0], interactive: [true]
[ui] <107.0s>   
<120.2s><235700ms> <<< triggering event ScriptEventPlayerUnitRouts >>>
[ui] <120.7s>   
[ui] <120.7s>   uicomponent root
[ui] <120.7s>   	path from root:	root
[ui] <120.7s>   	position on screen: [0, 0], size: [1966, 900], state: [NewState], visible: [true], priority: [0], interactive: [true]
[ui] <120.7s>   
[ui] <122.7s>   
[ui] <122.7s>   uicomponent root
[ui] <122.7s>   	path from root:	root
[ui] <122.7s>   	position on screen: [0, 0], size: [1966, 900], state: [NewState], visible: [true], priority: [0], interactive: [true]
[ui] <122.7s>   
[ui] <124.6s>   
[ui] <124.6s>   uicomponent root
[ui] <124.6s>   	path from root:	root
[ui] <124.6s>   	position on screen: [0, 0], size: [1966, 900], state: [NewState], visible: [true], priority: [0], interactive: [true]
[ui] <124.6s>   
<127.1s><263400ms> <<< triggering event ScriptEventPlayerUnitRallies >>>
[ui] <140.0s>   
[ui] <140.0s>   uicomponent root
[ui] <140.0s>   	path from root:	root
[ui] <140.0s>   	position on screen: [0, 0], size: [1966, 900], state: [NewState], visible: [true], priority: [0], interactive: [true]
[ui] <140.0s>   
<140.2s><315700ms> 	Battle is now entering phase: VictoryCountdown
<140.4s><315900ms> 	Battle is now entering phase: Complete
[ui] <140.4s>   Panel opened in_battle_results_popup
[ui] <141.1s>   Panel closed in_battle_results_popup
[ui] <141.1s>   
[ui] <141.1s>   uicomponent button_dismiss_results
[ui] <141.1s>   	path from root:	in_battle_results_popup > background > button_background > button_parent > button_dismiss_results
[ui] <141.1s>   	position on screen: [634, 509], size: [339, 52], state: [down], visible: [false], priority: [60], interactive: [true]
[ui] <141.1s>   
<141.9s><317400ms> 
<141.9s><317400ms> ********************************************************************************
<141.9s><317400ms> event has occurred:: UIDestroyed
<141.9s><317400ms> ********************************************************************************
<141.9s><317400ms> ********************************************************************************
<141.9s><317400ms> 

*** clear_battle_event_callbacks() called, 26 callbacks cleared ***
